Genus,n_strains,n_env,n_host,n_eng,p_env,p_host,p_eng,label
Acidaminobacter,1,1,0,0,1.0,0.0,0.0,highly_likely_environmental
Zooshikella,2,2,0,0,1.0,0.0,0.0,highly_likely_environmental
Abditibacterium,1,1,0,0,1.0,0.0,0.0,highly_likely_environmental
Acetohalobium,1,1,0,0,1.0,0.0,0.0,highly_likely_environmental
Abyssibacter,1,1,0,0,1.0,0.0,0.0,highly_likely_environmental
Wenxinia,2,2,0,0,1.0,0.0,0.0,highly_likely_environmental
Acidiferrobacter,2,2,0,0,1.0,0.0,0.0,highly_likely_environmental
Williamwhitmania,1,1,0,0,1.0,0.0,0.0,highly_likely_environmental
Vulgatibacter,1,1,0,0,1.0,0.0,0.0,highly_likely_environmental
Wenjunlia,2,2,0,0,1.0,0.0,0.0,highly_likely_environmental
Vulcaniibacterium,2,2,0,0,1.0,0.0,0.0,highly_likely_environmental
Vicinamibacter,1,1,0,0,1.0,0.0,0.0,highly_likely_environmental
Vicingus,1,1,0,0,1.0,0.0,0.0,highly_likely_environmental
Viridibacillus,3,3,0,0,1.0,0.0,0.0,highly_likely_environmental
Vitiosangium,2,2,0,0,1.0,0.0,0.0,highly_likely_environmental
Actinocrispum,1,1,0,0,1.0,0.0,0.0,highly_likely_environmental
Acidimangrovimonas,1,1,0,0,1.0,0.0,0.0,highly_likely_environmental
Actinobacteria,1,1,0,0,1.0,0.0,0.0,highly_likely_environmental
Actinocatenispora,3,3,0,0,1.0,0.0,0.0,highly_likely_environmental
Acrocarpospora,3,3,0,0,1.0,0.0,0.0,highly_likely_environmental
Actibacter,1,1,0,0,1.0,0.0,0.0,highly_likely_environmental
Actibacterium,4,4,0,0,1.0,0.0,0.0,highly_likely_environmental
Fulvimonas,2,2,0,0,1.0,0.0,0.0,highly_likely_environmental
Fulvivirga,3,3,0,0,1.0,0.0,0.0,highly_likely_environmental
Frigidibacter,1,1,0,0,1.0,0.0,0.0,highly_likely_environmental
Frondibacter,1,1,0,0,1.0,0.0,0.0,highly_likely_environmental
Gottfriedia,2,2,0,0,1.0,0.0,0.0,highly_likely_environmental
Gottschalkia,7,7,0,0,1.0,0.0,0.0,highly_likely_environmental
Gracilibacter,1,1,0,0,1.0,0.0,0.0,highly_likely_environmental
Galbitalea,1,1,0,0,1.0,0.0,0.0,highly_likely_environmental
Gallaecimonas,3,3,0,0,1.0,0.0,0.0,highly_likely_environmental
Gangjinia,1,1,0,0,1.0,0.0,0.0,highly_likely_environmental
Galbibacter,1,1,0,0,1.0,0.0,0.0,highly_likely_environmental
Fulvibacter,1,1,0,0,1.0,0.0,0.0,highly_likely_environmental
Fulvimarina,3,3,0,0,1.0,0.0,0.0,highly_likely_environmental
Halioglobus,1,1,0,0,1.0,0.0,0.0,highly_likely_environmental
Haloactinomyces,1,1,0,0,1.0,0.0,0.0,highly_likely_environmental
Halanaeroarchaeum,1,1,0,0,1.0,0.0,0.0,highly_likely_environmental
Halanaerocella,1,1,0,0,1.0,0.0,0.0,highly_likely_environmental
Hahella,1,1,0,0,1.0,0.0,0.0,highly_likely_environmental
Halalkalibacillus,2,2,0,0,1.0,0.0,0.0,highly_likely_environmental
Guyparkeria,2,2,0,0,1.0,0.0,0.0,highly_likely_environmental
Halomicronema,2,2,0,0,1.0,0.0,0.0,highly_likely_environmental
Halonatronum,1,1,0,0,1.0,0.0,0.0,highly_likely_environmental
Haloparvum,2,2,0,0,1.0,0.0,0.0,highly_likely_environmental
Halohasta,1,1,0,0,1.0,0.0,0.0,highly_likely_environmental
Haliangium,2,2,0,0,1.0,0.0,0.0,highly_likely_environmental
Haliea,2,2,0,0,1.0,0.0,0.0,highly_likely_environmental
Albibacterium,1,1,0,0,1.0,0.0,0.0,highly_likely_environmental
Albidiferax,1,1,0,0,1.0,0.0,0.0,highly_likely_environmental
Albimonas,2,2,0,0,1.0,0.0,0.0,highly_likely_environmental
Albirhodobacter,1,1,0,0,1.0,0.0,0.0,highly_likely_environmental
Ahniella,1,1,0,0,1.0,0.0,0.0,highly_likely_environmental
Ahrensia,2,2,0,0,1.0,0.0,0.0,highly_likely_environmental
Thermostilla,1,1,0,0,1.0,0.0,0.0,highly_likely_environmental
Thermosulfuriphilus,1,1,0,0,1.0,0.0,0.0,highly_likely_environmental
Thermotalea,1,1,0,0,1.0,0.0,0.0,highly_likely_environmental
Thermorudis,2,2,0,0,1.0,0.0,0.0,highly_likely_environmental
Thermosediminibacter,2,2,0,0,1.0,0.0,0.0,highly_likely_environmental
Thermopolyspora,1,1,0,0,1.0,0.0,0.0,highly_likely_environmental
Albibacter,3,3,0,0,1.0,0.0,0.0,highly_likely_environmental
Thiohalocapsa,1,1,0,0,1.0,0.0,0.0,highly_likely_environmental
Thiobaca,2,2,0,0,1.0,0.0,0.0,highly_likely_environmental
Thiocystis,3,3,0,0,1.0,0.0,0.0,highly_likely_environmental
Thermovenabulum,2,2,0,0,1.0,0.0,0.0,highly_likely_environmental
Thermovirga,1,1,0,0,1.0,0.0,0.0,highly_likely_environmental
Thioalbus,1,1,0,0,1.0,0.0,0.0,highly_likely_environmental
Tritonibacter,5,5,0,0,1.0,0.0,0.0,highly_likely_environmental
Tistrella,1,1,0,0,1.0,0.0,0.0,highly_likely_environmental
Tolypothrix,1,1,0,0,1.0,0.0,0.0,highly_likely_environmental
Tomitella,2,2,0,0,1.0,0.0,0.0,highly_likely_environmental
Tianweitania,1,1,0,0,1.0,0.0,0.0,highly_likely_environmental
Thiophaeococcus,1,1,0,0,1.0,0.0,0.0,highly_likely_environmental
Thiolamprovum,1,1,0,0,1.0,0.0,0.0,highly_likely_environmental
Aliidongia,1,1,0,0,1.0,0.0,0.0,highly_likely_environmental
Aliiglaciecola,2,2,0,0,1.0,0.0,0.0,highly_likely_environmental
Aliihoeflea,2,2,0,0,1.0,0.0,0.0,highly_likely_environmental
Algicola,1,1,0,0,1.0,0.0,0.0,highly_likely_environmental
Aliagarivorans,2,2,0,0,1.0,0.0,0.0,highly_likely_environmental
Thalassobius,2,2,0,0,1.0,0.0,0.0,highly_likely_environmental
Thalassolituus,2,2,0,0,1.0,0.0,0.0,highly_likely_environmental
Thalassorhabdus,1,1,0,0,1.0,0.0,0.0,highly_likely_environmental
Texcoconibacillus,1,1,0,0,1.0,0.0,0.0,highly_likely_environmental
Thalassobaculum,3,3,0,0,1.0,0.0,0.0,highly_likely_environmental
Alkalibaculum,3,3,0,0,1.0,0.0,0.0,highly_likely_environmental
Thermocatellispora,1,1,0,0,1.0,0.0,0.0,highly_likely_environmental
Thermochromatium,1,1,0,0,1.0,0.0,0.0,highly_likely_environmental
Thermicanus,1,1,0,0,1.0,0.0,0.0,highly_likely_environmental
Thermoactinospora,1,1,0,0,1.0,0.0,0.0,highly_likely_environmental
Thaumasiovibrio,2,2,0,0,1.0,0.0,0.0,highly_likely_environmental
Thermanaerosceptrum,1,1,0,0,1.0,0.0,0.0,highly_likely_environmental
Albibacillus,1,1,0,0,1.0,0.0,0.0,highly_likely_environmental
Aggregicoccus,1,1,0,0,1.0,0.0,0.0,highly_likely_environmental
Aetherobacter,2,2,0,0,1.0,0.0,0.0,highly_likely_environmental
Thermogladius,1,1,0,0,1.0,0.0,0.0,highly_likely_environmental
Thermogymnomonas,1,1,0,0,1.0,0.0,0.0,highly_likely_environmental
Thermodesulforhabdus,1,1,0,0,1.0,0.0,0.0,highly_likely_environmental
Thermoflavimicrobium,2,2,0,0,1.0,0.0,0.0,highly_likely_environmental
Thermoflexus,1,1,0,0,1.0,0.0,0.0,highly_likely_environmental
Allofrancisella,3,3,0,0,1.0,0.0,0.0,highly_likely_environmental
Allohahella,2,2,0,0,1.0,0.0,0.0,highly_likely_environmental
Alkalilactibacillus,1,1,0,0,1.0,0.0,0.0,highly_likely_environmental
Alkalimonas,2,2,0,0,1.0,0.0,0.0,highly_likely_environmental
Sulfuritortus,1,1,0,0,1.0,0.0,0.0,highly_likely_environmental
Sulfurivermis,1,1,0,0,1.0,0.0,0.0,highly_likely_environmental
Syntrophospora,1,1,0,0,1.0,0.0,0.0,highly_likely_environmental
Syntrophotalea,5,5,0,0,1.0,0.0,0.0,highly_likely_environmental
Swionibacillus,1,1,0,0,1.0,0.0,0.0,highly_likely_environmental
Synechococcus,6,6,0,0,1.0,0.0,0.0,highly_likely_environmental
Synechocystis,6,6,0,0,1.0,0.0,0.0,highly_likely_environmental
Allocatelliglobosispora,1,1,0,0,1.0,0.0,0.0,highly_likely_environmental
Tepidicaulis,1,1,0,0,1.0,0.0,0.0,highly_likely_environmental
Telluria,1,1,0,0,1.0,0.0,0.0,highly_likely_environmental
Tellurimicrobium,1,1,0,0,1.0,0.0,0.0,highly_likely_environmental
Tateyamaria,1,1,0,0,1.0,0.0,0.0,highly_likely_environmental
Taeania,1,1,0,0,1.0,0.0,0.0,highly_likely_environmental
Tagaea,1,1,0,0,1.0,0.0,0.0,highly_likely_environmental
Tahibacter,1,1,0,0,1.0,0.0,0.0,highly_likely_environmental
Syntrophobacterium,1,1,0,0,1.0,0.0,0.0,highly_likely_environmental
Terribacillus,4,4,0,0,1.0,0.0,0.0,highly_likely_environmental
Terrilactibacillus,1,1,0,0,1.0,0.0,0.0,highly_likely_environmental
Terrimesophilobacter,1,1,0,0,1.0,0.0,0.0,highly_likely_environmental
Terasakiispira,2,2,0,0,1.0,0.0,0.0,highly_likely_environmental
Teretinema,1,1,0,0,1.0,0.0,0.0,highly_likely_environmental
Tepidibacillus,3,3,0,0,1.0,0.0,0.0,highly_likely_environmental
Tepidibaculum,1,1,0,0,1.0,0.0,0.0,highly_likely_environmental
Alloyangia,1,1,0,0,1.0,0.0,0.0,highly_likely_environmental
Alsobacter,1,1,0,0,1.0,0.0,0.0,highly_likely_environmental
Alteraurantiacibacter,3,3,0,0,1.0,0.0,0.0,highly_likely_environmental
Allorhizocola,1,1,0,0,1.0,0.0,0.0,highly_likely_environmental
Allosediminivita,1,1,0,0,1.0,0.0,0.0,highly_likely_environmental
Sporolituus,1,1,0,0,1.0,0.0,0.0,highly_likely_environmental
Stetteria,1,1,0,0,1.0,0.0,0.0,highly_likely_environmental
Stieleria,1,1,0,0,1.0,0.0,0.0,highly_likely_environmental
Stigonema,1,1,0,0,1.0,0.0,0.0,highly_likely_environmental
Stakelama,3,3,0,0,1.0,0.0,0.0,highly_likely_environmental
Staphylospora,1,1,0,0,1.0,0.0,0.0,highly_likely_environmental
Stappia,5,5,0,0,1.0,0.0,0.0,highly_likely_environmental
Sulfodiicoccus,1,1,0,0,1.0,0.0,0.0,highly_likely_environmental
Sulfuracidifex,2,2,0,0,1.0,0.0,0.0,highly_likely_environmental
Sulfuricaulis,1,1,0,0,1.0,0.0,0.0,highly_likely_environmental
Streptoverticillium,2,2,0,0,1.0,0.0,0.0,highly_likely_environmental
Subsaxibacter,3,3,0,0,1.0,0.0,0.0,highly_likely_environmental
Streptantibioticus,2,2,0,0,1.0,0.0,0.0,highly_likely_environmental
Streptoalloteichus,2,2,0,0,1.0,0.0,0.0,highly_likely_environmental
Sungkyunkwania,1,1,0,0,1.0,0.0,0.0,highly_likely_environmental
Sunxiuqinia,1,1,0,0,1.0,0.0,0.0,highly_likely_environmental
Sulfuriflexus,1,1,0,0,1.0,0.0,0.0,highly_likely_environmental
Sulfurifustis,1,1,0,0,1.0,0.0,0.0,highly_likely_environmental
Sulfurirhabdus,1,1,0,0,1.0,0.0,0.0,highly_likely_environmental
Sulfurisoma,1,1,0,0,1.0,0.0,0.0,highly_likely_environmental
Sulfuritalea,1,1,0,0,1.0,0.0,0.0,highly_likely_environmental
Anaeromicrobium,1,1,0,0,1.0,0.0,0.0,highly_likely_environmental
Anaeroflexus,1,1,0,0,1.0,0.0,0.0,highly_likely_environmental
Anaerohalosphaera,1,1,0,0,1.0,0.0,0.0,highly_likely_environmental
Anabaena,4,4,0,0,1.0,0.0,0.0,highly_likely_environmental
Amphiplicatus,1,1,0,0,1.0,0.0,0.0,highly_likely_environmental
Ampullimonas,1,1,0,0,1.0,0.0,0.0,highly_likely_environmental
Sinimarinibacterium,1,1,0,0,1.0,0.0,0.0,highly_likely_environmental
Spelaeicoccus,1,1,0,0,1.0,0.0,0.0,highly_likely_environmental
Solibacter,1,1,0,0,1.0,0.0,0.0,highly_likely_environmental
Solimicrobium,1,1,0,0,1.0,0.0,0.0,highly_likely_environmental
Skermania,1,1,0,0,1.0,0.0,0.0,highly_likely_environmental
Sodalinema,1,1,0,0,1.0,0.0,0.0,highly_likely_environmental
Sphingorhabdus,5,5,0,0,1.0,0.0,0.0,highly_likely_environmental
Spinactinospora,1,1,0,0,1.0,0.0,0.0,highly_likely_environmental
Spirilliplanes,1,1,0,0,1.0,0.0,0.0,highly_likely_environmental
Sphingoaurantiacus,2,2,0,0,1.0,0.0,0.0,highly_likely_environmental
Solitalea,3,3,0,0,1.0,0.0,0.0,highly_likely_environmental
Soonwooa,1,1,0,0,1.0,0.0,0.0,highly_likely_environmental
Soortia,1,1,0,0,1.0,0.0,0.0,highly_likely_environmental
Specibacter,1,1,0,0,1.0,0.0,0.0,highly_likely_environmental
Sporosalibacterium,2,2,0,0,1.0,0.0,0.0,highly_likely_environmental
Sporacetigenium,1,1,0,0,1.0,0.0,0.0,highly_likely_environmental
Spirillum,1,1,0,0,1.0,0.0,0.0,highly_likely_environmental
Spirulina,1,1,0,0,1.0,0.0,0.0,highly_likely_environmental
Fluviimonas,1,1,0,0,1.0,0.0,0.0,highly_likely_environmental
Flexithrix,1,1,0,0,1.0,0.0,0.0,highly_likely_environmental
Halostella,1,1,0,0,1.0,0.0,0.0,highly_likely_environmental
Halospirulina,2,2,0,0,1.0,0.0,0.0,highly_likely_environmental
Formosimonas,1,1,0,0,1.0,0.0,0.0,highly_likely_environmental
Fretibacter,1,1,0,0,1.0,0.0,0.0,highly_likely_environmental
Fodinicola,1,1,0,0,1.0,0.0,0.0,highly_likely_environmental
Fodinicurvata,2,2,0,0,1.0,0.0,0.0,highly_likely_environmental
Fluviicoccus,1,1,0,0,1.0,0.0,0.0,highly_likely_environmental
Fluviicola,2,2,0,0,1.0,0.0,0.0,highly_likely_environmental
Holophaga,1,1,0,0,1.0,0.0,0.0,highly_likely_environmental
Homoserinimonas,1,1,0,0,1.0,0.0,0.0,highly_likely_environmental
Hirschia,3,3,0,0,1.0,0.0,0.0,highly_likely_environmental
Hellea,1,1,0,0,1.0,0.0,0.0,highly_likely_environmental
Heliorestis,2,2,0,0,1.0,0.0,0.0,highly_likely_environmental
Hydrogenibacillus,5,5,0,0,1.0,0.0,0.0,highly_likely_environmental
Hydrogenobaculum,1,1,0,0,1.0,0.0,0.0,highly_likely_environmental
Humitalea,1,1,0,0,1.0,0.0,0.0,highly_likely_environmental
Hwangdonia,1,1,0,0,1.0,0.0,0.0,highly_likely_environmental
Hydrobacter,1,1,0,0,1.0,0.0,0.0,highly_likely_environmental
Hydrocarboniphaga,2,2,0,0,1.0,0.0,0.0,highly_likely_environmental
Huakuichenia,1,1,0,0,1.0,0.0,0.0,highly_likely_environmental
Huanghella,1,1,0,0,1.0,0.0,0.0,highly_likely_environmental
Antarctobacter,2,2,0,0,1.0,0.0,0.0,highly_likely_environmental
Antricoccus,1,1,0,0,1.0,0.0,0.0,highly_likely_environmental
Aphanizomenon,1,1,0,0,1.0,0.0,0.0,highly_likely_environmental
Anaerovorax,1,1,0,0,1.0,0.0,0.0,highly_likely_environmental
Ancalomicrobium,1,1,0,0,1.0,0.0,0.0,highly_likely_environmental
Ancylomarina,1,1,0,0,1.0,0.0,0.0,highly_likely_environmental
Anaerosolibacter,1,1,0,0,1.0,0.0,0.0,highly_likely_environmental
Sediminicola,2,2,0,0,1.0,0.0,0.0,highly_likely_environmental
Sediminihabitans,1,1,0,0,1.0,0.0,0.0,highly_likely_environmental
Sediminitomix,1,1,0,0,1.0,0.0,0.0,highly_likely_environmental
Sediminivirga,1,1,0,0,1.0,0.0,0.0,highly_likely_environmental
Anoxycellum,1,1,0,0,1.0,0.0,0.0,highly_likely_environmental
Antarcticibacterium,1,1,0,0,1.0,0.0,0.0,highly_likely_environmental
Silvanigrella,1,1,0,0,1.0,0.0,0.0,highly_likely_environmental
Shimazuella,1,1,0,0,1.0,0.0,0.0,highly_likely_environmental
Seohaeicola,2,2,0,0,1.0,0.0,0.0,highly_likely_environmental
Serinicoccus,3,3,0,0,1.0,0.0,0.0,highly_likely_environmental
Segeticoccus,1,1,0,0,1.0,0.0,0.0,highly_likely_environmental
Seinonella,1,1,0,0,1.0,0.0,0.0,highly_likely_environmental
Sediminibacter,2,2,0,0,1.0,0.0,0.0,highly_likely_environmental
Sinomicrobium,1,1,0,0,1.0,0.0,0.0,highly_likely_environmental
Sinosporangium,1,1,0,0,1.0,0.0,0.0,highly_likely_environmental
Skermanella,3,3,0,0,1.0,0.0,0.0,highly_likely_environmental
Simiduia,5,5,0,0,1.0,0.0,0.0,highly_likely_environmental
Simulacricoccus,1,1,0,0,1.0,0.0,0.0,highly_likely_environmental
Siccirubricoccus,1,1,0,0,1.0,0.0,0.0,highly_likely_environmental
Aquisphaera,1,1,0,0,1.0,0.0,0.0,highly_likely_environmental
Aquihabitans,1,1,0,0,1.0,0.0,0.0,highly_likely_environmental
Aquimonas,1,1,0,0,1.0,0.0,0.0,highly_likely_environmental
Aquincola,1,1,0,0,1.0,0.0,0.0,highly_likely_environmental
Aquipuribacter,2,2,0,0,1.0,0.0,0.0,highly_likely_environmental
Aquisalinus,2,2,0,0,1.0,0.0,0.0,highly_likely_environmental
Salinigranum,1,1,0,0,1.0,0.0,0.0,highly_likely_environmental
Salinihabitans,1,1,0,0,1.0,0.0,0.0,highly_likely_environmental
Salininema,1,1,0,0,1.0,0.0,0.0,highly_likely_environmental
Salinirepens,1,1,0,0,1.0,0.0,0.0,highly_likely_environmental
Salibacter,2,2,0,0,1.0,0.0,0.0,highly_likely_environmental
Salilacibacter,1,1,0,0,1.0,0.0,0.0,highly_likely_environmental
Saliterribacillus,1,1,0,0,1.0,0.0,0.0,highly_likely_environmental
Salsuginibacillus,2,2,0,0,1.0,0.0,0.0,highly_likely_environmental
Salsuginimonas,1,1,0,0,1.0,0.0,0.0,highly_likely_environmental
Salinispora,3,3,0,0,1.0,0.0,0.0,highly_likely_environmental
Salinovum,1,1,0,0,1.0,0.0,0.0,highly_likely_environmental
Saliphagus,1,1,0,0,1.0,0.0,0.0,highly_likely_environmental
Salinifilum,3,3,0,0,1.0,0.0,0.0,highly_likely_environmental
Anaerosporobacter,1,1,0,0,1.0,0.0,0.0,highly_likely_environmental
Anaerosporomusa,1,1,0,0,1.0,0.0,0.0,highly_likely_environmental
Schnuerera,1,1,0,0,1.0,0.0,0.0,highly_likely_environmental
Sciscionella,1,1,0,0,1.0,0.0,0.0,highly_likely_environmental
Sandarakinorhabdus,4,4,0,0,1.0,0.0,0.0,highly_likely_environmental
Saonia,1,1,0,0,1.0,0.0,0.0,highly_likely_environmental
Salisaeta,1,1,0,0,1.0,0.0,0.0,highly_likely_environmental
Arvibacter,2,2,0,0,1.0,0.0,0.0,highly_likely_environmental
Asprobacter,1,1,0,0,1.0,0.0,0.0,highly_likely_environmental
Arenivirga,1,1,0,0,1.0,0.0,0.0,highly_likely_environmental
Arsenicitalea,1,1,0,0,1.0,0.0,0.0,highly_likely_environmental
Rudaibacter,1,1,0,0,1.0,0.0,0.0,highly_likely_environmental
Rudanella,1,1,0,0,1.0,0.0,0.0,highly_likely_environmental
Rufibacter,3,3,0,0,1.0,0.0,0.0,highly_likely_environmental
Astrosporangium,1,1,0,0,1.0,0.0,0.0,highly_likely_environmental
Athalassotoga,1,1,0,0,1.0,0.0,0.0,highly_likely_environmental
Atlantibacter,1,1,0,0,1.0,0.0,0.0,highly_likely_environmental
Arundinibacter,1,1,0,0,1.0,0.0,0.0,highly_likely_environmental
Sagittula,2,2,0,0,1.0,0.0,0.0,highly_likely_environmental
Salana,2,2,0,0,1.0,0.0,0.0,highly_likely_environmental
Rugosibacter,1,1,0,0,1.0,0.0,0.0,highly_likely_environmental
Rugosimonospora,2,2,0,0,1.0,0.0,0.0,highly_likely_environmental
Rubrivivax,4,4,0,0,1.0,0.0,0.0,highly_likely_environmental
Rudaea,1,1,0,0,1.0,0.0,0.0,highly_likely_environmental
Aquaticitalea,1,1,0,0,1.0,0.0,0.0,highly_likely_environmental
Aquibium,1,1,0,0,1.0,0.0,0.0,highly_likely_environmental
Aquicella,2,2,0,0,1.0,0.0,0.0,highly_likely_environmental
Aquidulcibacter,1,1,0,0,1.0,0.0,0.0,highly_likely_environmental
Aquiflexum,1,1,0,0,1.0,0.0,0.0,highly_likely_environmental
Aphanothece,1,1,0,0,1.0,0.0,0.0,highly_likely_environmental
Aporhodopirellula,1,1,0,0,1.0,0.0,0.0,highly_likely_environmental
Aquabacter,1,1,0,0,1.0,0.0,0.0,highly_likely_environmental
Flavilitoribacter,1,1,0,0,1.0,0.0,0.0,highly_likely_environmental
Filobacillus,2,2,0,0,1.0,0.0,0.0,highly_likely_environmental
Filomicrobium,2,2,0,0,1.0,0.0,0.0,highly_likely_environmental
Ferruginibacter,2,2,0,0,1.0,0.0,0.0,highly_likely_environmental
Fervidicella,1,1,0,0,1.0,0.0,0.0,highly_likely_environmental
Fervidicola,1,1,0,0,1.0,0.0,0.0,highly_likely_environmental
Fibrella,1,1,0,0,1.0,0.0,0.0,highly_likely_environmental
Fibrisoma,1,1,0,0,1.0,0.0,0.0,highly_likely_environmental
Flavimaricola,1,1,0,0,1.0,0.0,0.0,highly_likely_environmental
Flaviramulus,3,3,0,0,1.0,0.0,0.0,highly_likely_environmental
Flavitalea,3,3,0,0,1.0,0.0,0.0,highly_likely_environmental
Flaviaestuariibacter,3,3,0,0,1.0,0.0,0.0,highly_likely_environmental
Flavicella,1,1,0,0,1.0,0.0,0.0,highly_likely_environmental
Flaviflexus,2,2,0,0,1.0,0.0,0.0,highly_likely_environmental
Flavihumibacter,3,3,0,0,1.0,0.0,0.0,highly_likely_environmental
Hyunsoonleella,3,3,0,0,1.0,0.0,0.0,highly_likely_environmental
Hydromonas,1,1,0,0,1.0,0.0,0.0,highly_likely_environmental
Hylemonella,2,2,0,0,1.0,0.0,0.0,highly_likely_environmental
Hypericibacter,1,1,0,0,1.0,0.0,0.0,highly_likely_environmental
Hyperthermus,1,1,0,0,1.0,0.0,0.0,highly_likely_environmental
Hyphobacterium,2,2,0,0,1.0,0.0,0.0,highly_likely_environmental
Imtechella,1,1,0,0,1.0,0.0,0.0,highly_likely_environmental
Indibacter,1,1,0,0,1.0,0.0,0.0,highly_likely_environmental
Indioceanicola,1,1,0,0,1.0,0.0,0.0,highly_likely_environmental
Ilumatobacter,3,3,0,0,1.0,0.0,0.0,highly_likely_environmental
Hyphococcus,2,2,0,0,1.0,0.0,0.0,highly_likely_environmental
Hypnocyclicus,1,1,0,0,1.0,0.0,0.0,highly_likely_environmental
Bacterioplanoides,1,1,0,0,1.0,0.0,0.0,highly_likely_environmental
Bailinhaonella,1,1,0,0,1.0,0.0,0.0,highly_likely_environmental
Aureitalea,1,1,0,0,1.0,0.0,0.0,highly_likely_environmental
Aurantiacibacter,5,5,0,0,1.0,0.0,0.0,highly_likely_environmental
Aurantiacicella,1,1,0,0,1.0,0.0,0.0,highly_likely_environmental
Aurantisolimonas,1,1,0,0,1.0,0.0,0.0,highly_likely_environmental
Rhodopilula,1,1,0,0,1.0,0.0,0.0,highly_likely_environmental
Rhodosalinus,1,1,0,0,1.0,0.0,0.0,highly_likely_environmental
Rhodospirillum,3,3,0,0,1.0,0.0,0.0,highly_likely_environmental
Rhodothalassium,1,1,0,0,1.0,0.0,0.0,highly_likely_environmental
Baaleninema,1,1,0,0,1.0,0.0,0.0,highly_likely_environmental
Roseisalinus,1,1,0,0,1.0,0.0,0.0,highly_likely_environmental
Rivibacter,1,1,0,0,1.0,0.0,0.0,highly_likely_environmental
Rivihabitans,1,1,0,0,1.0,0.0,0.0,highly_likely_environmental
Robiginitalea,3,3,0,0,1.0,0.0,0.0,highly_likely_environmental
Robiginitomaculum,1,1,0,0,1.0,0.0,0.0,highly_likely_environmental
Rubricella,1,1,0,0,1.0,0.0,0.0,highly_likely_environmental
Rubrivirga,2,2,0,0,1.0,0.0,0.0,highly_likely_environmental
Rubidibacter,1,1,0,0,1.0,0.0,0.0,highly_likely_environmental
Roseixanthobacter,1,1,0,0,1.0,0.0,0.0,highly_likely_environmental
Roseimarinus,1,1,0,0,1.0,0.0,0.0,highly_likely_environmental
Bernardetia,1,1,0,0,1.0,0.0,0.0,highly_likely_environmental
Bdellovibrio,3,3,0,0,1.0,0.0,0.0,highly_likely_environmental
Beggiatoa,2,2,0,0,1.0,0.0,0.0,highly_likely_environmental
Balneicella,1,1,0,0,1.0,0.0,0.0,highly_likely_environmental
Balneola,2,2,0,0,1.0,0.0,0.0,highly_likely_environmental
Barnettozyma,1,1,0,0,1.0,0.0,0.0,highly_likely_environmental
Rectinema,1,1,0,0,1.0,0.0,0.0,highly_likely_environmental
Rehaibacterium,1,1,0,0,1.0,0.0,0.0,highly_likely_environmental
Rhabdobacter,1,1,0,0,1.0,0.0,0.0,highly_likely_environmental
Rhabdochromatium,1,1,0,0,1.0,0.0,0.0,highly_likely_environmental
Beutenbergia,2,2,0,0,1.0,0.0,0.0,highly_likely_environmental
Biostraticola,1,1,0,0,1.0,0.0,0.0,highly_likely_environmental
Bermanella,1,1,0,0,1.0,0.0,0.0,highly_likely_environmental
Rhodobacteraceae,7,7,0,0,1.0,0.0,0.0,highly_likely_environmental
Rhodocytophaga,1,1,0,0,1.0,0.0,0.0,highly_likely_environmental
Rhizobiaceae,1,1,0,0,1.0,0.0,0.0,highly_likely_environmental
Reyranella,5,5,0,0,1.0,0.0,0.0,highly_likely_environmental
Auraticoccus,1,1,0,0,1.0,0.0,0.0,highly_likely_environmental
Aureibacillus,1,1,0,0,1.0,0.0,0.0,highly_likely_environmental
Aureicoccus,1,1,0,0,1.0,0.0,0.0,highly_likely_environmental
Rhodohalobacter,2,2,0,0,1.0,0.0,0.0,highly_likely_environmental
Rhodoligotrophos,1,1,0,0,1.0,0.0,0.0,highly_likely_environmental
Rhodonellum,2,2,0,0,1.0,0.0,0.0,highly_likely_environmental
Pseudoroseicyclus,1,1,0,0,1.0,0.0,0.0,highly_likely_environmental
Bradymonas,1,1,0,0,1.0,0.0,0.0,highly_likely_environmental
Breoghania,1,1,0,0,1.0,0.0,0.0,highly_likely_environmental
Bowmanella,2,2,0,0,1.0,0.0,0.0,highly_likely_environmental
Blennothrix,1,1,0,0,1.0,0.0,0.0,highly_likely_environmental
Puia,1,1,0,0,1.0,0.0,0.0,highly_likely_environmental
Pseudoxanthobacter,1,1,0,0,1.0,0.0,0.0,highly_likely_environmental
Pseudosporangium,1,1,0,0,1.0,0.0,0.0,highly_likely_environmental
Pseudotamlana,1,1,0,0,1.0,0.0,0.0,highly_likely_environmental
Pseudothauera,1,1,0,0,1.0,0.0,0.0,highly_likely_environmental
Pseudothioclava,2,2,0,0,1.0,0.0,0.0,highly_likely_environmental
Pseudoponticoccus,1,1,0,0,1.0,0.0,0.0,highly_likely_environmental
Puniceibacterium,2,2,0,0,1.0,0.0,0.0,highly_likely_environmental
Pustulibacterium,1,1,0,0,1.0,0.0,0.0,highly_likely_environmental
Puzihella,1,1,0,0,1.0,0.0,0.0,highly_likely_environmental
Pyrinomonas,1,1,0,0,1.0,0.0,0.0,highly_likely_environmental
Psychrosphaera,1,1,0,0,1.0,0.0,0.0,highly_likely_environmental
Reinekea,4,4,0,0,1.0,0.0,0.0,highly_likely_environmental
Racemicystis,2,2,0,0,1.0,0.0,0.0,highly_likely_environmental
Raineya,1,1,0,0,1.0,0.0,0.0,highly_likely_environmental
Raphidiopsis,1,1,0,0,1.0,0.0,0.0,highly_likely_environmental
Pyrolobus,1,1,0,0,1.0,0.0,0.0,highly_likely_environmental
Ferrigenium,1,1,0,0,1.0,0.0,0.0,highly_likely_environmental
Ferriphaselus,1,1,0,0,1.0,0.0,0.0,highly_likely_environmental
Fangia,1,1,0,0,1.0,0.0,0.0,highly_likely_environmental
Falsibacillus,1,1,0,0,1.0,0.0,0.0,highly_likely_environmental
Falsirhodobacter,1,1,0,0,1.0,0.0,0.0,highly_likely_environmental
Immundisolibacter,1,1,0,0,1.0,0.0,0.0,highly_likely_environmental
Imperialibacter,1,1,0,0,1.0,0.0,0.0,highly_likely_environmental
Jejudonia,1,1,0,0,1.0,0.0,0.0,highly_likely_environmental
Jejuia,1,1,0,0,1.0,0.0,0.0,highly_likely_environmental
Jeongeupia,2,2,0,0,1.0,0.0,0.0,highly_likely_environmental
Jahnella,3,3,0,0,1.0,0.0,0.0,highly_likely_environmental
Inhella,2,2,0,0,1.0,0.0,0.0,highly_likely_environmental
Inmirania,1,1,0,0,1.0,0.0,0.0,highly_likely_environmental
Jongsikchunia,1,1,0,0,1.0,0.0,0.0,highly_likely_environmental
Kaistella,1,1,0,0,1.0,0.0,0.0,highly_likely_environmental
Kamptonema,1,1,0,0,1.0,0.0,0.0,highly_likely_environmental
Jiella,1,1,0,0,1.0,0.0,0.0,highly_likely_environmental
Jiulongibacter,1,1,0,0,1.0,0.0,0.0,highly_likely_environmental
Kribbia,1,1,0,0,1.0,0.0,0.0,highly_likely_environmental
Kordiimonas,6,6,0,0,1.0,0.0,0.0,highly_likely_environmental
Keratinibaculum,1,1,0,0,1.0,0.0,0.0,highly_likely_environmental
Ketobacter,1,1,0,0,1.0,0.0,0.0,highly_likely_environmental
Breznakibacter,1,1,0,0,1.0,0.0,0.0,highly_likely_environmental
Propionigenium,2,2,0,0,1.0,0.0,0.0,highly_likely_environmental
Primorskyibacter,3,3,0,0,1.0,0.0,0.0,highly_likely_environmental
Profundibacter,1,1,0,0,1.0,0.0,0.0,highly_likely_environmental
Profundibacterium,1,1,0,0,1.0,0.0,0.0,highly_likely_environmental
Propionicicella,1,1,0,0,1.0,0.0,0.0,highly_likely_environmental
Pseudanabaena,13,13,0,0,1.0,0.0,0.0,highly_likely_environmental
Pseudenhygromyxa,1,1,0,0,1.0,0.0,0.0,highly_likely_environmental
Pseudaestuariivita,1,1,0,0,1.0,0.0,0.0,highly_likely_environmental
Prosthecochloris,1,1,0,0,1.0,0.0,0.0,highly_likely_environmental
Prosthecomicrobium,8,8,0,0,1.0,0.0,0.0,highly_likely_environmental
Bythopirellula,1,1,0,0,1.0,0.0,0.0,highly_likely_environmental
Brooklawnia,1,1,0,0,1.0,0.0,0.0,highly_likely_environmental
Pseudohaliea,1,1,0,0,1.0,0.0,0.0,highly_likely_environmental
Pseudodonghicola,1,1,0,0,1.0,0.0,0.0,highly_likely_environmental
Pseudomaribius,1,1,0,0,1.0,0.0,0.0,highly_likely_environmental
Pseudomaricurvus,1,1,0,0,1.0,0.0,0.0,highly_likely_environmental
Pseudooceanicola,5,5,0,0,1.0,0.0,0.0,highly_likely_environmental
Pseudopedobacter,1,1,0,0,1.0,0.0,0.0,highly_likely_environmental
Pseudohalioglobus,1,1,0,0,1.0,0.0,0.0,highly_likely_environmental
Pseudohalocynthiibacter,1,1,0,0,1.0,0.0,0.0,highly_likely_environmental
Pseudohongiella,1,1,0,0,1.0,0.0,0.0,highly_likely_environmental
Caloribacterium,1,1,0,0,1.0,0.0,0.0,highly_likely_environmental
Calorithrix,1,1,0,0,1.0,0.0,0.0,highly_likely_environmental
Calothrix,4,4,0,0,1.0,0.0,0.0,highly_likely_environmental
Caldovatus,1,1,0,0,1.0,0.0,0.0,highly_likely_environmental
Calderihabitans,1,1,0,0,1.0,0.0,0.0,highly_likely_environmental
Caldanaerovirga,1,1,0,0,1.0,0.0,0.0,highly_likely_environmental
Planctopirus,1,1,0,0,1.0,0.0,0.0,highly_likely_environmental
Planktomarina,1,1,0,0,1.0,0.0,0.0,highly_likely_environmental
Plastoroseomonas,1,1,0,0,1.0,0.0,0.0,highly_likely_environmental
Pleionea,1,1,0,0,1.0,0.0,0.0,highly_likely_environmental
Planobispora,4,4,0,0,1.0,0.0,0.0,highly_likely_environmental
Planotetraspora,5,5,0,0,1.0,0.0,0.0,highly_likely_environmental
Calidifontibacter,2,2,0,0,1.0,0.0,0.0,highly_likely_environmental
Pontibacterium,1,1,0,0,1.0,0.0,0.0,highly_likely_environmental
Ponticaulis,1,1,0,0,1.0,0.0,0.0,highly_likely_environmental
Ponticoccus,2,2,0,0,1.0,0.0,0.0,highly_likely_environmental
Pontimonas,1,1,0,0,1.0,0.0,0.0,highly_likely_environmental
Polaromonas,12,12,0,0,1.0,0.0,0.0,highly_likely_environmental
Polycladomyces,2,2,0,0,1.0,0.0,0.0,highly_likely_environmental
Polymorphobacter,1,1,0,0,1.0,0.0,0.0,highly_likely_environmental
Poseidonocella,2,2,0,0,1.0,0.0,0.0,highly_likely_environmental
Postechiella,1,1,0,0,1.0,0.0,0.0,highly_likely_environmental
Pricia,1,1,0,0,1.0,0.0,0.0,highly_likely_environmental
Pontivivens,2,2,0,0,1.0,0.0,0.0,highly_likely_environmental
Pontixanthobacter,5,5,0,0,1.0,0.0,0.0,highly_likely_environmental
Porticoccus,1,1,0,0,1.0,0.0,0.0,highly_likely_environmental
Pontibaca,1,1,0,0,1.0,0.0,0.0,highly_likely_environmental
Cavicella,1,1,0,0,1.0,0.0,0.0,highly_likely_environmental
Catelliglobosispora,1,1,0,0,1.0,0.0,0.0,highly_likely_environmental
Carboxylicivirga,2,2,0,0,1.0,0.0,0.0,highly_likely_environmental
Pelotalea,1,1,0,0,1.0,0.0,0.0,highly_likely_environmental
Pelagirhabdus,2,2,0,0,1.0,0.0,0.0,highly_likely_environmental
Pelagivirga,1,1,0,0,1.0,0.0,0.0,highly_likely_environmental
Pelobium,1,1,0,0,1.0,0.0,0.0,highly_likely_environmental
Petrocella,1,1,0,0,1.0,0.0,0.0,highly_likely_environmental
Peredibacter,1,1,0,0,1.0,0.0,0.0,highly_likely_environmental
Perexilibacter,1,1,0,0,1.0,0.0,0.0,highly_likely_environmental
Perforafilum,2,2,0,0,1.0,0.0,0.0,highly_likely_environmental
Perlucidibaca,2,2,0,0,1.0,0.0,0.0,highly_likely_environmental
Phaeovibrio,1,1,0,0,1.0,0.0,0.0,highly_likely_environmental
Phaeovulum,2,2,0,0,1.0,0.0,0.0,highly_likely_environmental
Petrothermobacter,1,1,0,0,1.0,0.0,0.0,highly_likely_environmental
Phaeochromatium,1,1,0,0,1.0,0.0,0.0,highly_likely_environmental
Phaeospirillum,2,2,0,0,1.0,0.0,0.0,highly_likely_environmental
Persicirhabdus,1,1,0,0,1.0,0.0,0.0,highly_likely_environmental
Persicitalea,1,1,0,0,1.0,0.0,0.0,highly_likely_environmental
Perspicuibacter,1,1,0,0,1.0,0.0,0.0,highly_likely_environmental
Planktosalinus,1,1,0,0,1.0,0.0,0.0,highly_likely_environmental
Planktotalea,2,2,0,0,1.0,0.0,0.0,highly_likely_environmental
Planktothricoides,1,1,0,0,1.0,0.0,0.0,highly_likely_environmental
Pilimelia,2,2,0,0,1.0,0.0,0.0,highly_likely_environmental
Piscinibacterium,1,1,0,0,1.0,0.0,0.0,highly_likely_environmental
Planctobacterium,1,1,0,0,1.0,0.0,0.0,highly_likely_environmental
Picrophilus,2,2,0,0,1.0,0.0,0.0,highly_likely_environmental
Piezobacter,1,1,0,0,1.0,0.0,0.0,highly_likely_environmental
Kyrpidia,4,4,0,0,1.0,0.0,0.0,highly_likely_environmental
Labilibaculum,2,2,0,0,1.0,0.0,0.0,highly_likely_environmental
Labilithrix,1,1,0,0,1.0,0.0,0.0,highly_likely_environmental
Ktedonosporobacter,1,1,0,0,1.0,0.0,0.0,highly_likely_environmental
Korobacter,1,1,0,0,1.0,0.0,0.0,highly_likely_environmental
Krasilnikovia,1,1,0,0,1.0,0.0,0.0,highly_likely_environmental
Lacihabitans,1,1,0,0,1.0,0.0,0.0,highly_likely_environmental
Lacimicrobium,1,1,0,0,1.0,0.0,0.0,highly_likely_environmental
Lacticigenium,1,1,0,0,1.0,0.0,0.0,highly_likely_environmental
Ercella,1,1,0,0,1.0,0.0,0.0,highly_likely_environmental
Lachnotalea,1,1,0,0,1.0,0.0,0.0,highly_likely_environmental
Lacibacter,3,3,0,0,1.0,0.0,0.0,highly_likely_environmental
Lacibacterium,1,1,0,0,1.0,0.0,0.0,highly_likely_environmental
Leptolinea,1,1,0,0,1.0,0.0,0.0,highly_likely_environmental
Leptolyngbya,12,12,0,0,1.0,0.0,0.0,highly_likely_environmental
Leifsonella,1,1,0,0,1.0,0.0,0.0,highly_likely_environmental
Leisingera,5,5,0,0,1.0,0.0,0.0,highly_likely_environmental
Lapillicoccus,1,1,0,0,1.0,0.0,0.0,highly_likely_environmental
Lamprobacter,1,1,0,0,1.0,0.0,0.0,highly_likely_environmental
Lihuaxuella,1,1,0,0,1.0,0.0,0.0,highly_likely_environmental
Limibacillus,1,1,0,0,1.0,0.0,0.0,highly_likely_environmental
Limibacter,1,1,0,0,1.0,0.0,0.0,highly_likely_environmental
Lentilitoribacter,1,1,0,0,1.0,0.0,0.0,highly_likely_environmental
Lentisphaera,2,2,0,0,1.0,0.0,0.0,highly_likely_environmental
Leptobacterium,1,1,0,0,1.0,0.0,0.0,highly_likely_environmental
Chiayiivirga,1,1,0,0,1.0,0.0,0.0,highly_likely_environmental
Chishuiella,1,1,0,0,1.0,0.0,0.0,highly_likely_environmental
Chitinibacter,3,3,0,0,1.0,0.0,0.0,highly_likely_environmental
Chitiniphilus,1,1,0,0,1.0,0.0,0.0,highly_likely_environmental
Chitinispirillum,1,1,0,0,1.0,0.0,0.0,highly_likely_environmental
Changchengzhania,1,1,0,0,1.0,0.0,0.0,highly_likely_environmental
Celeribacter,7,7,0,0,1.0,0.0,0.0,highly_likely_environmental
Pararhodobacter,1,1,0,0,1.0,0.0,0.0,highly_likely_environmental
Pararobbsia,1,1,0,0,1.0,0.0,0.0,highly_likely_environmental
Parasegetibacter,1,1,0,0,1.0,0.0,0.0,highly_likely_environmental
Parasphingorhabdus,3,3,0,0,1.0,0.0,0.0,highly_likely_environmental
Paraphotobacterium,1,1,0,0,1.0,0.0,0.0,highly_likely_environmental
Chengkuizengella,1,1,0,0,1.0,0.0,0.0,highly_likely_environmental
Parvibium,1,1,0,0,1.0,0.0,0.0,highly_likely_environmental
Parviterribacter,2,2,0,0,1.0,0.0,0.0,highly_likely_environmental
Parvopolyspora,1,1,0,0,1.0,0.0,0.0,highly_likely_environmental
Parasynechococcus,1,1,0,0,1.0,0.0,0.0,highly_likely_environmental
Paraurantiacibacter,1,1,0,0,1.0,0.0,0.0,highly_likely_environmental
Paremcibacter,1,1,0,0,1.0,0.0,0.0,highly_likely_environmental
Parerythrobacter,1,1,0,0,1.0,0.0,0.0,highly_likely_environmental
Pelolinea,1,1,0,0,1.0,0.0,0.0,highly_likely_environmental
Pelagerythrobacter,2,2,0,0,1.0,0.0,0.0,highly_likely_environmental
Pelagibius,1,1,0,0,1.0,0.0,0.0,highly_likely_environmental
Pelagicoccus,4,4,0,0,1.0,0.0,0.0,highly_likely_environmental
Paucimonas,2,2,0,0,1.0,0.0,0.0,highly_likely_environmental
Oscillatoria,1,1,0,0,1.0,0.0,0.0,highly_likely_environmental
Clavisporangium,1,1,0,0,1.0,0.0,0.0,highly_likely_environmental
Chryseolinea,2,2,0,0,1.0,0.0,0.0,highly_likely_environmental
Chthonomonas,1,1,0,0,1.0,0.0,0.0,highly_likely_environmental
Chujaibacter,1,1,0,0,1.0,0.0,0.0,highly_likely_environmental
Chungangia,2,2,0,0,1.0,0.0,0.0,highly_likely_environmental
Paeniroseomonas,2,2,0,0,1.0,0.0,0.0,highly_likely_environmental
Owenweeksia,1,1,0,0,1.0,0.0,0.0,highly_likely_environmental
Oxalophagus,1,1,0,0,1.0,0.0,0.0,highly_likely_environmental
Pacificibacter,3,3,0,0,1.0,0.0,0.0,highly_likely_environmental
Pacificimonas,2,2,0,0,1.0,0.0,0.0,highly_likely_environmental
Paludirhabdus,2,2,0,0,1.0,0.0,0.0,highly_likely_environmental
Paludibacter,1,1,0,0,1.0,0.0,0.0,highly_likely_environmental
Paludibacterium,3,3,0,0,1.0,0.0,0.0,highly_likely_environmental
Paludifilum,1,1,0,0,1.0,0.0,0.0,highly_likely_environmental
Paludihabitans,1,1,0,0,1.0,0.0,0.0,highly_likely_environmental
Pacificitalea,1,1,0,0,1.0,0.0,0.0,highly_likely_environmental
Cellulosibacter,1,1,0,0,1.0,0.0,0.0,highly_likely_environmental
Parahalioglobus,1,1,0,0,1.0,0.0,0.0,highly_likely_environmental
Paradevosia,1,1,0,0,1.0,0.0,0.0,highly_likely_environmental
Parafrigoribacterium,1,1,0,0,1.0,0.0,0.0,highly_likely_environmental
Parahaliea,2,2,0,0,1.0,0.0,0.0,highly_likely_environmental
Paracraurococcus,1,1,0,0,1.0,0.0,0.0,highly_likely_environmental
Paradesulfitobacterium,1,1,0,0,1.0,0.0,0.0,highly_likely_environmental
Nostoc,10,10,0,0,1.0,0.0,0.0,highly_likely_environmental
Congregibacter,2,2,0,0,1.0,0.0,0.0,highly_likely_environmental
Consotaella,1,1,0,0,1.0,0.0,0.0,highly_likely_environmental
Conexibacter,3,3,0,0,1.0,0.0,0.0,highly_likely_environmental
Confluentibacter,2,2,0,0,1.0,0.0,0.0,highly_likely_environmental
Cognatishimia,1,1,0,0,1.0,0.0,0.0,highly_likely_environmental
Cognatiyoonia,2,2,0,0,1.0,0.0,0.0,highly_likely_environmental
Oceaniglobus,2,2,0,0,1.0,0.0,0.0,highly_likely_environmental
Oceanihabitans,1,1,0,0,1.0,0.0,0.0,highly_likely_environmental
Oceanimonas,6,6,0,0,1.0,0.0,0.0,highly_likely_environmental
Novosphingopyxis,1,1,0,0,1.0,0.0,0.0,highly_likely_environmental
Nubsella,1,1,0,0,1.0,0.0,0.0,highly_likely_environmental
Nunduva,1,1,0,0,1.0,0.0,0.0,highly_likely_environmental
Oceanotoga,2,2,0,0,1.0,0.0,0.0,highly_likely_environmental
Ohtaekwangia,2,2,0,0,1.0,0.0,0.0,highly_likely_environmental
Oceanirhabdus,1,1,0,0,1.0,0.0,0.0,highly_likely_environmental
Oceanispirochaeta,2,2,0,0,1.0,0.0,0.0,highly_likely_environmental
Oceanobacter,2,2,0,0,1.0,0.0,0.0,highly_likely_environmental
Chroococcidiopsis,1,1,0,0,1.0,0.0,0.0,highly_likely_environmental
Chroococcus,4,4,0,0,1.0,0.0,0.0,highly_likely_environmental
Chitinivorax,1,1,0,0,1.0,0.0,0.0,highly_likely_environmental
Ornithinibacter,1,1,0,0,1.0,0.0,0.0,highly_likely_environmental
Oligoflexus,1,1,0,0,1.0,0.0,0.0,highly_likely_environmental
Oleiphilus,1,1,0,0,1.0,0.0,0.0,highly_likely_environmental
Oleispira,1,1,0,0,1.0,0.0,0.0,highly_likely_environmental
Couchioplanes,2,2,0,0,1.0,0.0,0.0,highly_likely_environmental
Crassaminicella,1,1,0,0,1.0,0.0,0.0,highly_likely_environmental
Craurococcus,1,1,0,0,1.0,0.0,0.0,highly_likely_environmental
Neptunicella,1,1,0,0,1.0,0.0,0.0,highly_likely_environmental
Neptunicoccus,1,1,0,0,1.0,0.0,0.0,highly_likely_environmental
Nereida,1,1,0,0,1.0,0.0,0.0,highly_likely_environmental
Neoaquamicrobium,1,1,0,0,1.0,0.0,0.0,highly_likely_environmental
Natronotalea,1,1,0,0,1.0,0.0,0.0,highly_likely_environmental
Nibribacter,1,1,0,0,1.0,0.0,0.0,highly_likely_environmental
Crenalkalicoccus,1,1,0,0,1.0,0.0,0.0,highly_likely_environmental
Cribrihabitans,2,2,0,0,1.0,0.0,0.0,highly_likely_environmental
Crinalium,1,1,0,0,1.0,0.0,0.0,highly_likely_environmental
Costertonia,1,1,0,0,1.0,0.0,0.0,highly_likely_environmental
Nitrosospira,1,1,0,0,1.0,0.0,0.0,highly_likely_environmental
Niveibacterium,1,1,0,0,1.0,0.0,0.0,highly_likely_environmental
Nioella,2,2,0,0,1.0,0.0,0.0,highly_likely_environmental
Nisaea,2,2,0,0,1.0,0.0,0.0,highly_likely_environmental
Nibrella,2,2,0,0,1.0,0.0,0.0,highly_likely_environmental
Clostridiisalibacter,1,1,0,0,1.0,0.0,0.0,highly_likely_environmental
Niveitalea,1,1,0,0,1.0,0.0,0.0,highly_likely_environmental
Nodularia,2,2,0,0,1.0,0.0,0.0,highly_likely_environmental
Nitritalea,1,1,0,0,1.0,0.0,0.0,highly_likely_environmental
Nitrosarchaeum,1,1,0,0,1.0,0.0,0.0,highly_likely_environmental
Nitrosopumilus,3,3,0,0,1.0,0.0,0.0,highly_likely_environmental
Egicoccus,1,1,0,0,1.0,0.0,0.0,highly_likely_environmental
Eionea,1,1,0,0,1.0,0.0,0.0,highly_likely_environmental
Edaphobacillus,1,1,0,0,1.0,0.0,0.0,highly_likely_environmental
Edaphobaculum,1,1,0,0,1.0,0.0,0.0,highly_likely_environmental
Edaphovirga,1,1,0,0,1.0,0.0,0.0,highly_likely_environmental
Levilinea,1,1,0,0,1.0,0.0,0.0,highly_likely_environmental
Limnobacter,1,1,0,0,1.0,0.0,0.0,highly_likely_environmental
Limnochorda,1,1,0,0,1.0,0.0,0.0,highly_likely_environmental
Emticicia,6,6,0,0,1.0,0.0,0.0,highly_likely_environmental
Endothiovibrio,1,1,0,0,1.0,0.0,0.0,highly_likely_environmental
Enhydrobacter,1,1,0,0,1.0,0.0,0.0,highly_likely_environmental
Enhygromyxa,2,2,0,0,1.0,0.0,0.0,highly_likely_environmental
Embleya,1,1,0,0,1.0,0.0,0.0,highly_likely_environmental
Litorihabitans,1,1,0,0,1.0,0.0,0.0,highly_likely_environmental
Litorimicrobium,1,1,0,0,1.0,0.0,0.0,highly_likely_environmental
Litorisediminicola,1,1,0,0,1.0,0.0,0.0,highly_likely_environmental
Lishizhenia,1,1,0,0,1.0,0.0,0.0,highly_likely_environmental
Limibaculum,1,1,0,0,1.0,0.0,0.0,highly_likely_environmental
Limihaloglobus,1,1,0,0,1.0,0.0,0.0,highly_likely_environmental
Limimaricola,6,6,0,0,1.0,0.0,0.0,highly_likely_environmental
Dictyobacter,1,1,0,0,1.0,0.0,0.0,highly_likely_environmental
Dinghuibacter,1,1,0,0,1.0,0.0,0.0,highly_likely_environmental
Litorisediminivivens,1,1,0,0,1.0,0.0,0.0,highly_likely_environmental
Litorivicinus,2,2,0,0,1.0,0.0,0.0,highly_likely_environmental
Litorivita,1,1,0,0,1.0,0.0,0.0,highly_likely_environmental
Loktanella,4,4,0,0,1.0,0.0,0.0,highly_likely_environmental
Litoribacillus,1,1,0,0,1.0,0.0,0.0,highly_likely_environmental
Litoribrevibacter,1,1,0,0,1.0,0.0,0.0,highly_likely_environmental
Daeguia,1,1,0,0,1.0,0.0,0.0,highly_likely_environmental
Daejeonia,1,1,0,0,1.0,0.0,0.0,highly_likely_environmental
Cyanobacteria,4,4,0,0,1.0,0.0,0.0,highly_likely_environmental
Cyanobium,11,11,0,0,1.0,0.0,0.0,highly_likely_environmental
Cyanocohniella,2,2,0,0,1.0,0.0,0.0,highly_likely_environmental
Cycloclasticus,1,1,0,0,1.0,0.0,0.0,highly_likely_environmental
Cypionkella,4,4,0,0,1.0,0.0,0.0,highly_likely_environmental
Mongoliicoccus,1,1,0,0,1.0,0.0,0.0,highly_likely_environmental
Mongoliimonas,1,1,0,0,1.0,0.0,0.0,highly_likely_environmental
Mizugakiibacter,1,1,0,0,1.0,0.0,0.0,highly_likely_environmental
Dasania,1,1,0,0,1.0,0.0,0.0,highly_likely_environmental
Deefgea,3,3,0,0,1.0,0.0,0.0,highly_likely_environmental
Cysteiniphilum,1,1,0,0,1.0,0.0,0.0,highly_likely_environmental
Nafulsella,1,1,0,0,1.0,0.0,0.0,highly_likely_environmental
Namhaeicola,1,1,0,0,1.0,0.0,0.0,highly_likely_environmental
Mycoplana,2,2,0,0,1.0,0.0,0.0,highly_likely_environmental
Muriicola,1,1,0,0,1.0,0.0,0.0,highly_likely_environmental
Motilimonas,1,1,0,0,1.0,0.0,0.0,highly_likely_environmental
Motiliproteus,1,1,0,0,1.0,0.0,0.0,highly_likely_environmental
Mongoliibacter,1,1,0,0,1.0,0.0,0.0,highly_likely_environmental
Natronovirga,1,1,0,0,1.0,0.0,0.0,highly_likely_environmental
Natronospira,1,1,0,0,1.0,0.0,0.0,highly_likely_environmental
Natranaerobaculum,1,1,0,0,1.0,0.0,0.0,highly_likely_environmental
Natrarchaeobaculum,1,1,0,0,1.0,0.0,0.0,highly_likely_environmental
Natribacillus,1,1,0,0,1.0,0.0,0.0,highly_likely_environmental
Natroniella,2,2,0,0,1.0,0.0,0.0,highly_likely_environmental
Naasia,1,1,0,0,1.0,0.0,0.0,highly_likely_environmental
Desulfarculus,1,1,0,0,1.0,0.0,0.0,highly_likely_environmental
Desulfatiferula,2,2,0,0,1.0,0.0,0.0,highly_likely_environmental
Derxia,3,3,0,0,1.0,0.0,0.0,highly_likely_environmental
Desertibacillus,1,1,0,0,1.0,0.0,0.0,highly_likely_environmental
Desertibacter,1,1,0,0,1.0,0.0,0.0,highly_likely_environmental
Desertimonas,1,1,0,0,1.0,0.0,0.0,highly_likely_environmental
Demetria,1,1,0,0,1.0,0.0,0.0,highly_likely_environmental
Methylotenera,2,2,0,0,1.0,0.0,0.0,highly_likely_environmental
Methylomicrobium,2,2,0,0,1.0,0.0,0.0,highly_likely_environmental
Methyloglobulus,1,1,0,0,1.0,0.0,0.0,highly_likely_environmental
Methylobacter,1,1,0,0,1.0,0.0,0.0,highly_likely_environmental
Methylobrevis,1,1,0,0,1.0,0.0,0.0,highly_likely_environmental
Methylocaldum,1,1,0,0,1.0,0.0,0.0,highly_likely_environmental
Desulfamplus,1,1,0,0,1.0,0.0,0.0,highly_likely_environmental
Microscilla,1,1,0,0,1.0,0.0,0.0,highly_likely_environmental
Microbaculum,1,1,0,0,1.0,0.0,0.0,highly_likely_environmental
Microcoleus,1,1,0,0,1.0,0.0,0.0,highly_likely_environmental
Methyloversatilis,6,6,0,0,1.0,0.0,0.0,highly_likely_environmental
Methylovulum,2,2,0,0,1.0,0.0,0.0,highly_likely_environmental
Methyloprofundus,1,1,0,0,1.0,0.0,0.0,highly_likely_environmental
Methylosoma,1,1,0,0,1.0,0.0,0.0,highly_likely_environmental
Cucumibacter,1,1,0,0,1.0,0.0,0.0,highly_likely_environmental
Cuniculiplasma,1,1,0,0,1.0,0.0,0.0,highly_likely_environmental
Microtetraspora,5,5,0,0,1.0,0.0,0.0,highly_likely_environmental
Miniimonas,1,1,0,0,1.0,0.0,0.0,highly_likely_environmental
Minwuia,1,1,0,0,1.0,0.0,0.0,highly_likely_environmental
Microcystis,1,1,0,0,1.0,0.0,0.0,highly_likely_environmental
Micropepsis,1,1,0,0,1.0,0.0,0.0,highly_likely_environmental
Desulfocella,2,2,0,0,1.0,0.0,0.0,highly_likely_environmental
Desulfocicer,2,2,0,0,1.0,0.0,0.0,highly_likely_environmental
Desulfocucumis,1,1,0,0,1.0,0.0,0.0,highly_likely_environmental
Desulfobacterium,6,6,0,0,1.0,0.0,0.0,highly_likely_environmental
Desulfobacula,2,2,0,0,1.0,0.0,0.0,highly_likely_environmental
Desulfocarbo,1,1,0,0,1.0,0.0,0.0,highly_likely_environmental
Mesoflavibacter,1,1,0,0,1.0,0.0,0.0,highly_likely_environmental
Mesophilobacter,1,1,0,0,1.0,0.0,0.0,highly_likely_environmental
Membranihabitans,1,1,0,0,1.0,0.0,0.0,highly_likely_environmental
Meridianimaribacter,1,1,0,0,1.0,0.0,0.0,highly_likely_environmental
Desulfofustis,1,1,0,0,1.0,0.0,0.0,highly_likely_environmental
Desulfoglaeba,1,1,0,0,1.0,0.0,0.0,highly_likely_environmental
Desulfogranum,5,5,0,0,1.0,0.0,0.0,highly_likely_environmental
Desulfohalobium,1,1,0,0,1.0,0.0,0.0,highly_likely_environmental
Methanolacinia,2,2,0,0,1.0,0.0,0.0,highly_likely_environmental
Methanoeremita,1,1,0,0,1.0,0.0,0.0,highly_likely_environmental
Methanofervidicoccus,1,1,0,0,1.0,0.0,0.0,highly_likely_environmental
Metaplanococcus,1,1,0,0,1.0,0.0,0.0,highly_likely_environmental
Dehalogenimonas,3,3,0,0,1.0,0.0,0.0,highly_likely_environmental
Deinobacterium,1,1,0,0,1.0,0.0,0.0,highly_likely_environmental
Methermicoccus,1,1,0,0,1.0,0.0,0.0,highly_likely_environmental
Methanopyrus,1,1,0,0,1.0,0.0,0.0,highly_likely_environmental
Methanosaeta,1,1,0,0,1.0,0.0,0.0,highly_likely_environmental
Methanosphaerula,1,1,0,0,1.0,0.0,0.0,highly_likely_environmental
Desulfonema,2,2,0,0,1.0,0.0,0.0,highly_likely_environmental
Desulfoplanes,1,1,0,0,1.0,0.0,0.0,highly_likely_environmental
Desulfolucanica,1,1,0,0,1.0,0.0,0.0,highly_likely_environmental
Desulfolutivibrio,1,1,0,0,1.0,0.0,0.0,highly_likely_environmental
Marinitenerispora,1,1,0,0,1.0,0.0,0.0,highly_likely_environmental
Desulfosporomusa,1,1,0,0,1.0,0.0,0.0,highly_likely_environmental
Desulfosudis,1,1,0,0,1.0,0.0,0.0,highly_likely_environmental
Desulforapulum,1,1,0,0,1.0,0.0,0.0,highly_likely_environmental
Desulforegula,1,1,0,0,1.0,0.0,0.0,highly_likely_environmental
Desulforhabdus,1,1,0,0,1.0,0.0,0.0,highly_likely_environmental
Marivivens,2,2,0,0,1.0,0.0,0.0,highly_likely_environmental
Mariprofundus,1,1,0,0,1.0,0.0,0.0,highly_likely_environmental
Marisediminicola,1,1,0,0,1.0,0.0,0.0,highly_likely_environmental
Marisediminitalea,1,1,0,0,1.0,0.0,0.0,highly_likely_environmental
Marispirillum,1,1,0,0,1.0,0.0,0.0,highly_likely_environmental
Marispirochaeta,2,2,0,0,1.0,0.0,0.0,highly_likely_environmental
Desulfosarcina,6,6,0,0,1.0,0.0,0.0,highly_likely_environmental
Desulfatiglans,2,2,0,0,1.0,0.0,0.0,highly_likely_environmental
Melioribacter,1,1,0,0,1.0,0.0,0.0,highly_likely_environmental
Mechercharimyces,2,2,0,0,1.0,0.0,0.0,highly_likely_environmental
Maritimibacter,1,1,0,0,1.0,0.0,0.0,highly_likely_environmental
Marivibrio,1,1,0,0,1.0,0.0,0.0,highly_likely_environmental
Marivirga,4,4,0,0,1.0,0.0,0.0,highly_likely_environmental
Draconibacterium,2,2,0,0,1.0,0.0,0.0,highly_likely_environmental
Dulcicalothrix,1,1,0,0,1.0,0.0,0.0,highly_likely_environmental
Dissulfurimicrobium,1,1,0,0,1.0,0.0,0.0,highly_likely_environmental
Dissulfurirhabdus,1,1,0,0,1.0,0.0,0.0,highly_likely_environmental
Donghicola,2,2,0,0,1.0,0.0,0.0,highly_likely_environmental
Luteibaculum,1,1,0,0,1.0,0.0,0.0,highly_likely_environmental
Longilinea,1,1,0,0,1.0,0.0,0.0,highly_likely_environmental
Longimicrobium,1,1,0,0,1.0,0.0,0.0,highly_likely_environmental
Longimonas,1,1,0,0,1.0,0.0,0.0,highly_likely_environmental
Longimycelium,1,1,0,0,1.0,0.0,0.0,highly_likely_environmental
Longivirga,1,1,0,0,1.0,0.0,0.0,highly_likely_environmental
Lysinimonas,1,1,0,0,1.0,0.0,0.0,highly_likely_environmental
Luteipulveratus,1,1,0,0,1.0,0.0,0.0,highly_likely_environmental
Luteitalea,1,1,0,0,1.0,0.0,0.0,highly_likely_environmental
Lutibaculum,1,1,0,0,1.0,0.0,0.0,highly_likely_environmental
Lucifera,1,1,0,0,1.0,0.0,0.0,highly_likely_environmental
Luedemannella,2,2,0,0,1.0,0.0,0.0,highly_likely_environmental
Luminiphilus,1,1,0,0,1.0,0.0,0.0,highly_likely_environmental
Malonomonas,1,1,0,0,1.0,0.0,0.0,highly_likely_environmental
Macromonas,1,1,0,0,1.0,0.0,0.0,highly_likely_environmental
Magnetococcus,1,1,0,0,1.0,0.0,0.0,highly_likely_environmental
Lutimonas,2,2,0,0,1.0,0.0,0.0,highly_likely_environmental
Lyngbya,3,3,0,0,1.0,0.0,0.0,highly_likely_environmental
Lysinibacter,1,1,0,0,1.0,0.0,0.0,highly_likely_environmental
Mangrovimonas,1,1,0,0,1.0,0.0,0.0,highly_likely_environmental
Mangrovicoccus,1,1,0,0,1.0,0.0,0.0,highly_likely_environmental
Maliponia,1,1,0,0,1.0,0.0,0.0,highly_likely_environmental
Marinibaculum,1,1,0,0,1.0,0.0,0.0,highly_likely_environmental
Diaminobutyricimonas,1,1,0,0,1.0,0.0,0.0,highly_likely_environmental
Dethiosulfatarculus,1,1,0,0,1.0,0.0,0.0,highly_likely_environmental
Dethiosulfatibacter,1,1,0,0,1.0,0.0,0.0,highly_likely_environmental
Desulfurivibrio,1,1,0,0,1.0,0.0,0.0,highly_likely_environmental
Desulfothermobacter,1,1,0,0,1.0,0.0,0.0,highly_likely_environmental
Marinicrinis,2,2,0,0,1.0,0.0,0.0,highly_likely_environmental
Marinifilum,3,3,0,0,1.0,0.0,0.0,highly_likely_environmental
Marinilabilia,2,2,0,0,1.0,0.0,0.0,highly_likely_environmental
Marihabitans,1,1,0,0,1.0,0.0,0.0,highly_likely_environmental
Marimicrobium,1,1,0,0,1.0,0.0,0.0,highly_likely_environmental
Marimonas,1,1,0,0,1.0,0.0,0.0,highly_likely_environmental
Marinibacterium,3,3,0,0,1.0,0.0,0.0,highly_likely_environmental
Marininema,2,2,0,0,1.0,0.0,0.0,highly_likely_environmental
Mariniphaga,1,1,0,0,1.0,0.0,0.0,highly_likely_environmental
Marinispora,4,4,0,0,1.0,0.0,0.0,highly_likely_environmental
Marinisporobacter,1,1,0,0,1.0,0.0,0.0,highly_likely_environmental
Marinicauda,1,1,0,0,1.0,0.0,0.0,highly_likely_environmental
Marinicella,3,3,0,0,1.0,0.0,0.0,highly_likely_environmental
Zhongshania,4,4,0,0,1.0,0.0,0.0,highly_likely_environmental
Yeosuana,1,1,0,0,1.0,0.0,0.0,highly_likely_environmental
Yoonia,9,9,0,0,1.0,0.0,0.0,highly_likely_environmental
Woeseia,1,1,0,0,1.0,0.0,0.0,highly_likely_environmental
Woodsholea,2,2,0,0,1.0,0.0,0.0,highly_likely_environmental
Actinacidiphilus,1,1,0,0,1.0,0.0,0.0,highly_likely_environmental
Geminicoccus,1,1,0,0,1.0,0.0,0.0,highly_likely_environmental
Gemmata,3,3,0,0,1.0,0.0,0.0,highly_likely_environmental
Gemmatimonas,2,2,0,0,1.0,0.0,0.0,highly_likely_environmental
Gayadomonas,1,1,0,0,1.0,0.0,0.0,highly_likely_environmental
Gelatiniphilus,1,1,0,0,1.0,0.0,0.0,highly_likely_environmental
Gelidibacter,4,4,0,0,1.0,0.0,0.0,highly_likely_environmental
Zavarzinia,1,1,0,0,1.0,0.0,0.0,highly_likely_environmental
Zeaxanthinibacter,2,2,0,0,1.0,0.0,0.0,highly_likely_environmental
Gimesia,1,1,0,0,1.0,0.0,0.0,highly_likely_environmental
Geomonas,2,2,0,0,1.0,0.0,0.0,highly_likely_environmental
Geosporobacter,1,1,0,0,1.0,0.0,0.0,highly_likely_environmental
Geotalea,3,3,0,0,1.0,0.0,0.0,highly_likely_environmental
Geothrix,1,1,0,0,1.0,0.0,0.0,highly_likely_environmental
Geoanaerobacter,1,1,0,0,1.0,0.0,0.0,highly_likely_environmental
Geofilum,2,2,0,0,1.0,0.0,0.0,highly_likely_environmental
Geomicrobium,2,2,0,0,1.0,0.0,0.0,highly_likely_environmental
Glycocaulis,1,1,0,0,1.0,0.0,0.0,highly_likely_environmental
Gomphosphaeria,1,1,0,0,1.0,0.0,0.0,highly_likely_environmental
Goodfellowiella,1,1,0,0,1.0,0.0,0.0,highly_likely_environmental
Glaciibacter,1,1,0,0,1.0,0.0,0.0,highly_likely_environmental
Gilvibacter,1,1,0,0,1.0,0.0,0.0,highly_likely_environmental
Gilvimarinus,2,2,0,0,1.0,0.0,0.0,highly_likely_environmental
Aerosticca,1,1,0,0,1.0,0.0,0.0,highly_likely_environmental
Acuticoccus,2,2,0,0,1.0,0.0,0.0,highly_likely_environmental
Actinospica,3,3,0,0,1.0,0.0,0.0,highly_likely_environmental
Actinosporangium,1,1,0,0,1.0,0.0,0.0,highly_likely_environmental
Tropicibacter,2,2,0,0,1.0,0.0,0.0,highly_likely_environmental
Trichormus,1,1,0,0,1.0,0.0,0.0,highly_likely_environmental
Trichotomospora,1,1,0,0,1.0,0.0,0.0,highly_likely_environmental
Aestuariibaculum,1,1,0,0,1.0,0.0,0.0,highly_likely_environmental
Aestuariibius,1,1,0,0,1.0,0.0,0.0,highly_likely_environmental
Aestuariicoccus,1,1,0,0,1.0,0.0,0.0,highly_likely_environmental
Aestuariihabitans,1,1,0,0,1.0,0.0,0.0,highly_likely_environmental
Aestuariimicrobium,2,2,0,0,1.0,0.0,0.0,highly_likely_environmental
Aestuariimonas,1,1,0,0,1.0,0.0,0.0,highly_likely_environmental
Aestuariivita,1,1,0,0,1.0,0.0,0.0,highly_likely_environmental
Vannielia,1,1,0,0,1.0,0.0,0.0,highly_likely_environmental
Variibacter,1,1,0,0,1.0,0.0,0.0,highly_likely_environmental
Varunaivibrio,1,1,0,0,1.0,0.0,0.0,highly_likely_environmental
Tuwongella,1,1,0,0,1.0,0.0,0.0,highly_likely_environmental
Uliginosibacterium,3,3,0,0,1.0,0.0,0.0,highly_likely_environmental
Aestuariibacter,2,2,0,0,1.0,0.0,0.0,highly_likely_environmental
Actinoacidiphilus,3,3,0,0,1.0,0.0,0.0,highly_likely_environmental
Aciditerrimonas,1,1,0,0,1.0,0.0,0.0,highly_likely_environmental
Acidothermus,1,1,0,0,1.0,0.0,0.0,highly_likely_environmental
Verrucomicrobium,1,1,0,0,1.0,0.0,0.0,highly_likely_environmental
Verticiella,1,1,0,0,1.0,0.0,0.0,highly_likely_environmental
Blastococcus,16,15,1,0,0.9375,0.0625,0.0,highly_likely_environmental
Thalassospira,15,14,1,0,0.9333333333333333,0.06666666666666667,0.0,highly_likely_environmental
Jannaschia,13,12,0,0,0.9230769230769231,0.0,0.0,highly_likely_environmental
Alteromonas,39,36,1,1,0.9230769230769231,0.02564102564102564,0.02564102564102564,highly_likely_environmental
Desulfobacter,12,11,0,0,0.9166666666666666,0.0,0.0,highly_likely_environmental
Polynucleobacter,24,22,0,0,0.9166666666666666,0.0,0.0,highly_likely_environmental
Pseudidiomarina,11,10,1,0,0.9090909090909091,0.09090909090909091,0.0,highly_likely_environmental
Aminobacter,20,18,1,1,0.9,0.05,0.05,highly_likely_environmental
Methylosinus,10,9,1,0,0.9,0.1,0.0,highly_likely_environmental
Lewinella,10,9,1,0,0.9,0.1,0.0,highly_likely_environmental
Herbidospora,9,8,1,0,0.8888888888888888,0.1111111111111111,0.0,could_be_environmental
Methanococcus,9,8,0,0,0.8888888888888888,0.0,0.0,highly_likely_environmental
Methanolobus,9,8,0,0,0.8888888888888888,0.0,0.0,highly_likely_environmental
Anaeromyxobacter,9,8,0,0,0.8888888888888888,0.0,0.0,highly_likely_environmental
Alcanivorax,18,16,1,0,0.8888888888888888,0.05555555555555555,0.0,highly_likely_environmental
Pelomonas,9,8,0,1,0.8888888888888888,0.0,0.1111111111111111,highly_likely_environmental
Azotobacter,17,15,1,1,0.8823529411764706,0.058823529411764705,0.058823529411764705,highly_likely_environmental
Adhaeribacter,8,7,1,0,0.875,0.125,0.0,could_be_environmental
Thermomonas,8,7,0,0,0.875,0.0,0.0,highly_likely_environmental
Qipengyuania,8,7,1,0,0.875,0.125,0.0,could_be_environmental
Christiangramia,8,7,1,0,0.875,0.125,0.0,could_be_environmental
Cryobacterium,8,7,1,0,0.875,0.125,0.0,could_be_environmental
Jeotgalibacillus,29,25,0,1,0.8620689655172413,0.0,0.034482758620689655,highly_likely_environmental
Gaetbulibacter,7,6,1,0,0.8571428571428571,0.14285714285714285,0.0,could_be_environmental
Haloferula,7,6,1,0,0.8571428571428571,0.14285714285714285,0.0,could_be_environmental
Pedococcus,7,6,1,0,0.8571428571428571,0.14285714285714285,0.0,could_be_environmental
Methanococcoides,7,6,1,0,0.8571428571428571,0.14285714285714285,0.0,could_be_environmental
Catenuloplanes,7,6,1,0,0.8571428571428571,0.14285714285714285,0.0,could_be_environmental
Desulfosporosinus,13,11,0,0,0.8461538461538461,0.0,0.0,highly_likely_environmental
Algoriphagus,39,33,4,0,0.8461538461538461,0.10256410256410256,0.0,could_be_environmental
Rhodovulum,19,16,1,0,0.8421052631578947,0.05263157894736842,0.0,highly_likely_environmental
Rheinheimera,19,16,3,0,0.8421052631578947,0.15789473684210525,0.0,could_be_environmental
Aliidiomarina,6,5,0,0,0.8333333333333334,0.0,0.0,highly_likely_environmental
Thiocapsa,6,5,0,0,0.8333333333333334,0.0,0.0,highly_likely_environmental
Marinobacterium,18,15,3,0,0.8333333333333334,0.16666666666666666,0.0,could_be_environmental
Fodinibius,6,5,0,0,0.8333333333333334,0.0,0.0,highly_likely_environmental
Sinomonas,12,10,2,0,0.8333333333333334,0.16666666666666666,0.0,could_be_environmental
Edaphobacter,6,5,0,0,0.8333333333333334,0.0,0.0,highly_likely_environmental
Henriciella,6,5,1,0,0.8333333333333334,0.16666666666666666,0.0,could_be_environmental
Kutzneria,6,5,1,0,0.8333333333333334,0.16666666666666666,0.0,could_be_environmental
Maricaulis,6,5,0,0,0.8333333333333334,0.0,0.0,highly_likely_environmental
Marivita,6,5,1,0,0.8333333333333334,0.16666666666666666,0.0,could_be_environmental
Nitrincola,6,5,0,0,0.8333333333333334,0.0,0.0,highly_likely_environmental
Knoellia,6,5,1,0,0.8333333333333334,0.16666666666666666,0.0,could_be_environmental
Magnetospirillum,17,14,1,2,0.8235294117647058,0.058823529411764705,0.11764705882352941,highly_likely_environmental
Actinoplanes,62,51,4,4,0.8225806451612904,0.06451612903225806,0.06451612903225806,highly_likely_environmental
Chlorobium,11,9,0,0,0.8181818181818182,0.0,0.0,highly_likely_environmental
Modestobacter,22,18,3,0,0.8181818181818182,0.13636363636363635,0.0,could_be_environmental
Desulfuromusa,5,4,0,0,0.8,0.0,0.0,highly_likely_environmental
Thiorhodococcus,10,8,0,0,0.8,0.0,0.0,highly_likely_environmental
Rhizorhabdus,5,4,0,1,0.8,0.0,0.2,highly_likely_environmental
Belliella,5,4,0,0,0.8,0.0,0.0,highly_likely_environmental
Acidobacterium,5,4,0,0,0.8,0.0,0.0,highly_likely_environmental
Pararhizobium,5,4,1,0,0.8,0.2,0.0,could_be_environmental
Wenyingzhuangia,5,4,1,0,0.8,0.2,0.0,could_be_environmental
Gracilimonas,5,4,0,0,0.8,0.0,0.0,highly_likely_environmental
Sphingomicrobium,5,4,0,0,0.8,0.0,0.0,highly_likely_environmental
Croceicoccus,5,4,1,0,0.8,0.2,0.0,could_be_environmental
Croceibacterium,5,4,0,1,0.8,0.0,0.2,highly_likely_environmental
Leeuwenhoekiella,5,4,1,0,0.8,0.2,0.0,could_be_environmental
Flectobacillus,5,4,1,0,0.8,0.2,0.0,could_be_environmental
Moritella,5,4,1,0,0.8,0.2,0.0,could_be_environmental
Pararhodospirillum,5,4,1,0,0.8,0.2,0.0,could_be_environmental
Methylomonas,5,4,0,0,0.8,0.0,0.0,highly_likely_environmental
Psychroserpens,5,4,1,0,0.8,0.2,0.0,could_be_environmental
Nitratireductor,10,8,1,0,0.8,0.1,0.0,highly_likely_environmental
Stackebrandtia,5,4,1,0,0.8,0.2,0.0,could_be_environmental
Falsiroseomonas,5,4,0,0,0.8,0.0,0.0,highly_likely_environmental
Pseudorhodobacter,5,4,1,0,0.8,0.2,0.0,could_be_environmental
Cytophaga,5,4,1,0,0.8,0.2,0.0,could_be_environmental
Prosthecobacter,5,4,0,1,0.8,0.0,0.2,highly_likely_environmental
Kaistia,10,8,1,1,0.8,0.1,0.1,highly_likely_environmental
Marichromatium,10,8,1,0,0.8,0.1,0.0,highly_likely_environmental
Aquabacterium,14,11,1,2,0.7857142857142857,0.07142857142857142,0.14285714285714285,could_be_environmental
Rhodoplanes,9,7,0,1,0.7777777777777778,0.0,0.1111111111111111,could_be_environmental
Nonlabens,9,7,2,0,0.7777777777777778,0.2222222222222222,0.0,could_be_environmental
Sediminibacterium,9,7,1,1,0.7777777777777778,0.1111111111111111,0.1111111111111111,could_be_environmental
Hydrotalea,9,7,0,0,0.7777777777777778,0.0,0.0,could_be_environmental
Catellatospora,9,7,2,0,0.7777777777777778,0.2222222222222222,0.0,could_be_environmental
Pseudodesulfovibrio,9,7,1,0,0.7777777777777778,0.1111111111111111,0.0,could_be_environmental
Lutibacter,9,7,2,0,0.7777777777777778,0.2222222222222222,0.0,could_be_environmental
Kangiella,9,7,2,0,0.7777777777777778,0.2222222222222222,0.0,could_be_environmental
Domibacillus,35,27,5,2,0.7714285714285715,0.14285714285714285,0.05714285714285714,could_be_environmental
Lentzea,26,20,2,0,0.7692307692307693,0.07692307692307693,0.0,could_be_environmental
Hymenobacter,52,40,5,6,0.7692307692307693,0.09615384615384616,0.11538461538461539,could_be_environmental
Undibacterium,13,10,3,0,0.7692307692307693,0.23076923076923078,0.0,could_be_environmental
Kitasatospora,38,29,9,0,0.7631578947368421,0.23684210526315788,0.0,could_be_environmental
Pontibacter,25,19,2,1,0.76,0.08,0.04,could_be_environmental
Thermaerobacter,4,3,0,0,0.75,0.0,0.0,could_be_environmental
Desulforhopalus,8,6,0,0,0.75,0.0,0.0,could_be_environmental
Pelosinus,4,3,1,0,0.75,0.25,0.0,could_be_environmental
Methanothermus,4,3,0,0,0.75,0.0,0.0,could_be_environmental
Arcicella,4,3,1,0,0.75,0.25,0.0,could_be_environmental
Sedimentibacter,4,3,1,0,0.75,0.25,0.0,could_be_environmental
Sinobacterium,4,3,1,0,0.75,0.25,0.0,could_be_environmental
Asticcacaulis,4,3,0,0,0.75,0.0,0.0,could_be_environmental
Salisediminibacterium,4,3,0,0,0.75,0.0,0.0,could_be_environmental
Pleomorphochaeta,4,3,0,1,0.75,0.0,0.25,could_be_environmental
Zobellella,4,3,1,0,0.75,0.25,0.0,could_be_environmental
Planosporangium,4,3,1,0,0.75,0.25,0.0,could_be_environmental
Blastomonas,4,3,1,0,0.75,0.25,0.0,could_be_environmental
Litorimonas,4,3,1,0,0.75,0.25,0.0,could_be_environmental
Pseudokineococcus,4,3,0,1,0.75,0.0,0.25,could_be_environmental
Roseovarius,28,21,4,0,0.75,0.14285714285714285,0.0,could_be_environmental
Oryzihumus,4,3,0,0,0.75,0.0,0.0,could_be_environmental
Pseudorhizobium,4,3,1,0,0.75,0.25,0.0,could_be_environmental
Limnohabitans,4,3,0,0,0.75,0.0,0.0,could_be_environmental
Pseudoruegeria,4,3,1,0,0.75,0.25,0.0,could_be_environmental
Rhodoluna,4,3,1,0,0.75,0.25,0.0,could_be_environmental
Nevskia,8,6,0,2,0.75,0.0,0.25,could_be_environmental
Pseudaminobacter,4,3,0,1,0.75,0.0,0.25,could_be_environmental
Oceanospirillum,4,3,1,0,0.75,0.25,0.0,could_be_environmental
Lutimaribacter,4,3,1,0,0.75,0.25,0.0,could_be_environmental
Mariniflexile,4,3,1,0,0.75,0.25,0.0,could_be_environmental
Gillisia,4,3,1,0,0.75,0.25,0.0,could_be_environmental
Marinobacter,62,46,4,3,0.7419354838709677,0.06451612903225806,0.04838709677419355,could_be_environmental
Streptosporangium,45,33,11,0,0.7333333333333333,0.24444444444444444,0.0,could_be_environmental
Rhodopseudomonas,15,11,1,2,0.7333333333333333,0.06666666666666667,0.13333333333333333,could_be_environmental
Allochromatium,15,11,0,3,0.7333333333333333,0.0,0.2,could_be_environmental
Roseateles,26,19,3,4,0.7307692307692307,0.11538461538461539,0.15384615384615385,could_be_environmental
Pyxidicoccus,11,8,3,0,0.7272727272727273,0.2727272727272727,0.0,could_be_environmental
Algibacter,11,8,2,1,0.7272727272727273,0.18181818181818182,0.09090909090909091,could_be_environmental
Idiomarina,18,13,0,0,0.7222222222222222,0.0,0.0,could_be_environmental
Flagellimonas,18,13,4,0,0.7222222222222222,0.2222222222222222,0.0,could_be_environmental
Cereibacter,7,5,0,1,0.7142857142857143,0.0,0.14285714285714285,could_be_environmental
Methanogenium,7,5,2,0,0.7142857142857143,0.2857142857142857,0.0,could_be_environmental
Paenarthrobacter,7,5,1,1,0.7142857142857143,0.14285714285714285,0.14285714285714285,could_be_environmental
Desulfuromonas,14,10,0,0,0.7142857142857143,0.0,0.0,could_be_environmental
Glaciecola,7,5,2,0,0.7142857142857143,0.2857142857142857,0.0,could_be_environmental
Halodesulfovibrio,7,5,0,0,0.7142857142857143,0.0,0.0,could_be_environmental
Maridesulfovibrio,7,5,0,0,0.7142857142857143,0.0,0.0,could_be_environmental
Salinimicrobium,7,5,0,0,0.7142857142857143,0.0,0.0,could_be_environmental
Planomonospora,7,5,1,0,0.7142857142857143,0.14285714285714285,0.0,could_be_environmental
Aequorivita,7,5,2,0,0.7142857142857143,0.2857142857142857,0.0,could_be_environmental
Sulfurospirillum,14,10,0,3,0.7142857142857143,0.0,0.21428571428571427,could_be_environmental
Catenulispora,7,5,2,0,0.7142857142857143,0.2857142857142857,0.0,could_be_environmental
Alkaliphilus,7,5,1,0,0.7142857142857143,0.14285714285714285,0.0,could_be_environmental
Ancylobacter,34,24,3,4,0.7058823529411765,0.08823529411764706,0.11764705882352941,could_be_environmental
Desulfitobacterium,10,7,1,1,0.7,0.1,0.1,could_be_environmental
Janthinobacterium,10,7,1,2,0.7,0.1,0.2,could_be_environmental
Aromatoleum,10,7,0,2,0.7,0.0,0.2,could_be_environmental
Arenibacter,10,7,3,0,0.7,0.3,0.0,could_be_environmental
Spirosoma,26,18,7,1,0.6923076923076923,0.2692307692307692,0.038461538461538464,could_be_environmental
Ruegeria,19,13,3,1,0.6842105263157895,0.15789473684210525,0.05263157894736842,could_be_environmental
Rhodopirellula,22,15,7,0,0.6818181818181818,0.3181818181818182,0.0,could_be_environmental
Kribbella,28,19,8,1,0.6785714285714286,0.2857142857142857,0.03571428571428571,could_be_environmental
Desulfoluna,3,2,1,0,0.6666666666666666,0.3333333333333333,0.0,could_be_environmental
Desulfopila,3,2,0,0,0.6666666666666666,0.0,0.0,could_be_environmental
Sedimentisphaera,3,2,1,0,0.6666666666666666,0.3333333333333333,0.0,could_be_environmental
Methanothermococcus,3,2,0,0,0.6666666666666666,0.0,0.0,could_be_environmental
Halopelagius,3,2,0,0,0.6666666666666666,0.0,0.0,could_be_environmental
Aquitalea,3,2,0,0,0.6666666666666666,0.0,0.0,could_be_environmental
Hoeflea,6,4,2,0,0.6666666666666666,0.3333333333333333,0.0,could_be_environmental
Hamadaea,3,2,1,0,0.6666666666666666,0.3333333333333333,0.0,could_be_environmental
Salinibacterium,3,2,1,0,0.6666666666666666,0.3333333333333333,0.0,could_be_environmental
Haloterrigena,3,2,0,0,0.6666666666666666,0.0,0.0,could_be_environmental
Albidovulum,6,4,0,0,0.6666666666666666,0.0,0.0,could_be_environmental
Thermovibrio,3,2,0,0,0.6666666666666666,0.0,0.0,could_be_environmental
Maribacter,27,18,8,0,0.6666666666666666,0.2962962962962963,0.0,could_be_environmental
Thermanaerovibrio,3,2,0,0,0.6666666666666666,0.0,0.0,could_be_environmental
Umboniibacter,3,2,1,0,0.6666666666666666,0.3333333333333333,0.0,could_be_environmental
Allokutzneria,3,2,1,0,0.6666666666666666,0.3333333333333333,0.0,could_be_environmental
Catenovulum,3,2,1,0,0.6666666666666666,0.3333333333333333,0.0,could_be_environmental
Labrys,9,6,3,0,0.6666666666666666,0.3333333333333333,0.0,could_be_environmental
Euzebyella,3,2,1,0,0.6666666666666666,0.3333333333333333,0.0,could_be_environmental
Larkinella,6,4,2,0,0.6666666666666666,0.3333333333333333,0.0,could_be_environmental
Paraoerskovia,3,2,1,0,0.6666666666666666,0.3333333333333333,0.0,could_be_environmental
Salipiger,9,6,0,1,0.6666666666666666,0.0,0.1111111111111111,could_be_environmental
Terrabacter,18,12,4,2,0.6666666666666666,0.2222222222222222,0.1111111111111111,could_be_environmental
Amnibacterium,3,2,1,0,0.6666666666666666,0.3333333333333333,0.0,could_be_environmental
Stenotrophobacter,3,2,0,0,0.6666666666666666,0.0,0.0,could_be_environmental
Sulfurimonas,6,4,0,0,0.6666666666666666,0.0,0.0,could_be_environmental
Sneathiella,3,2,1,0,0.6666666666666666,0.3333333333333333,0.0,could_be_environmental
Solimonas,6,4,1,1,0.6666666666666666,0.16666666666666666,0.16666666666666666,could_be_environmental
Sphaerimonospora,3,2,1,0,0.6666666666666666,0.3333333333333333,0.0,could_be_environmental
Sporichthya,3,2,1,0,0.6666666666666666,0.3333333333333333,0.0,could_be_environmental
Haloplanus,6,4,0,0,0.6666666666666666,0.0,0.0,could_be_environmental
Desulfonatronospira,3,2,0,0,0.6666666666666666,0.0,0.0,could_be_environmental
Dokdonia,9,6,3,0,0.6666666666666666,0.3333333333333333,0.0,could_be_environmental
Vallitalea,3,2,0,0,0.6666666666666666,0.0,0.0,could_be_environmental
Rhodomicrobium,3,2,1,0,0.6666666666666666,0.3333333333333333,0.0,could_be_environmental
Psychromicrobium,3,2,0,0,0.6666666666666666,0.0,0.0,could_be_environmental
Pusillimonas,6,4,1,1,0.6666666666666666,0.16666666666666666,0.16666666666666666,could_be_environmental
Reichenbachiella,3,2,1,0,0.6666666666666666,0.3333333333333333,0.0,could_be_environmental
Iodobacter,3,2,0,0,0.6666666666666666,0.0,0.0,could_be_environmental
Cobetia,9,6,2,1,0.6666666666666666,0.2222222222222222,0.1111111111111111,could_be_environmental
Cellulophaga,9,6,2,0,0.6666666666666666,0.2222222222222222,0.0,could_be_environmental
Cohaesibacter,3,2,0,0,0.6666666666666666,0.0,0.0,could_be_environmental
Occallatibacter,3,2,1,0,0.6666666666666666,0.3333333333333333,0.0,could_be_environmental
Oceanidesulfovibrio,3,2,0,1,0.6666666666666666,0.0,0.3333333333333333,could_be_environmental
Oceanicola,3,2,1,0,0.6666666666666666,0.3333333333333333,0.0,could_be_environmental
Acidobacteriaceae,3,2,1,0,0.6666666666666666,0.3333333333333333,0.0,could_be_environmental
Brumimicrobium,3,2,0,0,0.6666666666666666,0.0,0.0,could_be_environmental
Marinoscillum,3,2,1,0,0.6666666666666666,0.3333333333333333,0.0,could_be_environmental
Echinicola,6,4,1,0,0.6666666666666666,0.16666666666666666,0.0,could_be_environmental
Longispora,3,2,1,0,0.6666666666666666,0.3333333333333333,0.0,could_be_environmental
Mameliella,3,2,1,0,0.6666666666666666,0.3333333333333333,0.0,could_be_environmental
Fuchsiella,3,2,0,0,0.6666666666666666,0.0,0.0,could_be_environmental
Halalkalibacter,9,6,1,0,0.6666666666666666,0.1111111111111111,0.0,could_be_environmental
Xenophilus,3,2,0,1,0.6666666666666666,0.0,0.3333333333333333,could_be_environmental
Yaniella,3,2,0,0,0.6666666666666666,0.0,0.0,could_be_environmental
Dyella,18,12,5,0,0.6666666666666666,0.2777777777777778,0.0,could_be_environmental
Thermanaeromonas,3,2,0,1,0.6666666666666666,0.0,0.3333333333333333,could_be_environmental
Oceanibaculum,3,2,0,0,0.6666666666666666,0.0,0.0,could_be_environmental
Arcticibacter,3,2,0,1,0.6666666666666666,0.0,0.3333333333333333,could_be_environmental
Palaeococcus,3,2,0,0,0.6666666666666666,0.0,0.0,could_be_environmental
Rubrobacter,9,6,1,0,0.6666666666666666,0.1111111111111111,0.0,could_be_environmental
Ignicoccus,3,2,0,0,0.6666666666666666,0.0,0.0,could_be_environmental
Azonexus,3,2,1,0,0.6666666666666666,0.3333333333333333,0.0,could_be_environmental
Roseibacillus,3,2,1,0,0.6666666666666666,0.3333333333333333,0.0,could_be_environmental
Natranaerobius,3,2,0,0,0.6666666666666666,0.0,0.0,could_be_environmental
Desulfatibacillum,3,2,0,1,0.6666666666666666,0.0,0.3333333333333333,could_be_environmental
Micropolyspora,6,4,2,0,0.6666666666666666,0.3333333333333333,0.0,could_be_environmental
Desulfobotulus,3,2,0,0,0.6666666666666666,0.0,0.0,could_be_environmental
Desulfocurvibacter,3,2,0,1,0.6666666666666666,0.0,0.3333333333333333,could_be_environmental
Rhodobacter,18,12,2,2,0.6666666666666666,0.1111111111111111,0.1111111111111111,could_be_environmental
Roseobacter,3,2,1,0,0.6666666666666666,0.3333333333333333,0.0,could_be_environmental
Belnapia,3,2,1,0,0.6666666666666666,0.3333333333333333,0.0,could_be_environmental
Rhodocyclus,3,2,0,1,0.6666666666666666,0.0,0.3333333333333333,could_be_environmental
Effusibacillus,3,2,1,0,0.6666666666666666,0.3333333333333333,0.0,could_be_environmental
Cryptosporangium,6,4,2,0,0.6666666666666666,0.3333333333333333,0.0,could_be_environmental
Rhodobium,3,2,0,0,0.6666666666666666,0.0,0.0,could_be_environmental
Pseudalkalibacillus,3,2,1,0,0.6666666666666666,0.3333333333333333,0.0,could_be_environmental
Pseudogulbenkiania,3,2,0,0,0.6666666666666666,0.0,0.0,could_be_environmental
Pseudofulvibacter,3,2,1,0,0.6666666666666666,0.3333333333333333,0.0,could_be_environmental
Paenisporosarcina,6,4,1,0,0.6666666666666666,0.16666666666666666,0.0,could_be_environmental
Paeniglutamicibacter,6,4,1,1,0.6666666666666666,0.16666666666666666,0.16666666666666666,could_be_environmental
Palleronia,6,4,0,0,0.6666666666666666,0.0,0.0,could_be_environmental
Roseinatronobacter,6,4,0,0,0.6666666666666666,0.0,0.0,could_be_environmental
Microbulbifer,23,15,7,1,0.6521739130434783,0.30434782608695654,0.043478260869565216,could_be_environmental
Colwellia,14,9,5,0,0.6428571428571429,0.35714285714285715,0.0,could_be_environmental
Geobacter,14,9,1,1,0.6428571428571429,0.07142857142857142,0.07142857142857142,could_be_environmental
Nonomuraea,70,45,18,0,0.6428571428571429,0.2571428571428571,0.0,could_be_environmental
Amycolatopsis,92,59,14,5,0.6413043478260869,0.15217391304347827,0.05434782608695652,could_be_environmental
Massilia,64,41,15,8,0.640625,0.234375,0.125,could_be_environmental
Granulicella,11,7,2,0,0.6363636363636364,0.18181818181818182,0.0,could_be_environmental
Caballeronia,30,19,10,1,0.6333333333333333,0.3333333333333333,0.03333333333333333,could_be_environmental
Thermomonospora,8,5,1,2,0.625,0.125,0.25,could_be_environmental
Asanoa,8,5,3,0,0.625,0.375,0.0,could_be_environmental
Streptomyces,1077,667,306,62,0.6193129062209842,0.2841225626740947,0.057567316620241414,could_be_environmental
Aquaspirillum,13,8,1,2,0.6153846153846154,0.07692307692307693,0.15384615384615385,could_be_environmental
Polaribacter,13,8,5,0,0.6153846153846154,0.38461538461538464,0.0,could_be_environmental
Nocardioides,162,99,50,7,0.6111111111111112,0.30864197530864196,0.043209876543209874,could_be_environmental
Winogradskyella,23,14,8,1,0.6086956521739131,0.34782608695652173,0.043478260869565216,could_be_environmental
Luteimonas,23,14,5,4,0.6086956521739131,0.21739130434782608,0.17391304347826086,could_be_environmental
Actinomadura,89,54,26,4,0.6067415730337079,0.29213483146067415,0.0449438202247191,could_be_environmental
Janibacter,33,20,10,2,0.6060606060606061,0.30303030303030304,0.06060606060606061,could_be_environmental
Saccharothrix,25,15,5,0,0.6,0.2,0.0,could_be_environmental
Salegentibacter,10,6,4,0,0.6,0.4,0.0,could_be_environmental
Micromonospora,195,117,58,14,0.6,0.29743589743589743,0.07179487179487179,could_be_environmental
Tropicimonas,5,3,2,0,0.6,0.4,0.0,could_be_environmental
Rhodoferax,5,3,1,1,0.6,0.2,0.2,could_be_environmental
Halogeometricum,5,3,0,0,0.6,0.0,0.0,could_be_environmental
Chitinophaga,25,15,7,3,0.6,0.28,0.12,could_be_environmental
Alkalicoccus,5,3,1,0,0.6,0.2,0.0,could_be_environmental
Subtercola,5,3,2,0,0.6,0.4,0.0,could_be_environmental
Altererythrobacter,5,3,1,1,0.6,0.2,0.2,could_be_environmental
Chelatococcus,10,6,1,2,0.6,0.1,0.2,could_be_environmental
Flammeovirga,5,3,1,1,0.6,0.2,0.2,could_be_environmental
Methanocalculus,10,6,1,2,0.6,0.1,0.2,could_be_environmental
Methylophaga,10,6,1,1,0.6,0.1,0.1,could_be_environmental
Hyphomicrobium,10,6,0,4,0.6,0.0,0.4,could_be_environmental
Pedobacter,70,42,20,4,0.6,0.2857142857142857,0.05714285714285714,could_be_environmental
Arenimonas,15,9,3,3,0.6,0.2,0.2,could_be_environmental
Saccharibacillus,5,3,2,0,0.6,0.4,0.0,could_be_environmental
Alishewanella,5,3,1,1,0.6,0.2,0.2,could_be_environmental
Octadecabacter,5,3,1,0,0.6,0.2,0.0,could_be_environmental
Flexibacter,5,3,1,1,0.6,0.2,0.2,could_be_environmental
Niabella,10,6,4,0,0.6,0.4,0.0,could_be_environmental
Psychroflexus,10,6,0,1,0.6,0.0,0.1,could_be_environmental
Neptunomonas,5,3,2,0,0.6,0.4,0.0,could_be_environmental
Thiomonas,12,7,0,1,0.5833333333333334,0.0,0.08333333333333333,mixed_or_uncertain
Teichococcus,12,7,2,3,0.5833333333333334,0.16666666666666666,0.25,mixed_or_uncertain
Actinocorallia,12,7,5,0,0.5833333333333334,0.4166666666666667,0.0,likely_host_associated
Novosphingobium,62,36,15,9,0.5806451612903226,0.24193548387096775,0.14516129032258066,mixed_or_uncertain
Flavobacterium,214,123,73,14,0.5747663551401869,0.3411214953271028,0.06542056074766354,mixed_or_uncertain
Methylopila,7,4,2,1,0.5714285714285714,0.2857142857142857,0.14285714285714285,mixed_or_uncertain
Sphaerisporangium,14,8,5,0,0.5714285714285714,0.35714285714285715,0.0,mixed_or_uncertain
Petrotoga,7,4,0,2,0.5714285714285714,0.0,0.2857142857142857,mixed_or_uncertain
Marinomonas,21,12,8,0,0.5714285714285714,0.38095238095238093,0.0,mixed_or_uncertain
Angustibacter,7,4,2,1,0.5714285714285714,0.2857142857142857,0.14285714285714285,mixed_or_uncertain
Sphaerotilus,7,4,0,0,0.5714285714285714,0.0,0.0,mixed_or_uncertain
Cellvibrio,7,4,2,1,0.5714285714285714,0.2857142857142857,0.14285714285714285,mixed_or_uncertain
Bizionia,7,4,3,0,0.5714285714285714,0.42857142857142855,0.0,likely_host_associated
Terrimonas,7,4,2,1,0.5714285714285714,0.2857142857142857,0.14285714285714285,mixed_or_uncertain
Sulfitobacter,23,13,8,0,0.5652173913043478,0.34782608695652173,0.0,mixed_or_uncertain
Actinokineospora,23,13,9,0,0.5652173913043478,0.391304347826087,0.0,mixed_or_uncertain
Pseudoalteromonas,62,35,22,2,0.5645161290322581,0.3548387096774194,0.03225806451612903,mixed_or_uncertain
Erythrobacter,16,9,2,1,0.5625,0.125,0.0625,mixed_or_uncertain
Dactylosporangium,16,9,4,0,0.5625,0.25,0.0,mixed_or_uncertain
Shimia,9,5,4,0,0.5555555555555556,0.4444444444444444,0.0,likely_host_associated
Budvicia,9,5,1,3,0.5555555555555556,0.1111111111111111,0.3333333333333333,mixed_or_uncertain
Halanaerobium,9,5,1,1,0.5555555555555556,0.1111111111111111,0.1111111111111111,mixed_or_uncertain
Methanothermobacter,9,5,1,1,0.5555555555555556,0.1111111111111111,0.1111111111111111,mixed_or_uncertain
Sanguibacter,9,5,4,0,0.5555555555555556,0.4444444444444444,0.0,likely_host_associated
Roseivirga,9,5,4,0,0.5555555555555556,0.4444444444444444,0.0,likely_host_associated
Demequina,20,11,8,0,0.55,0.4,0.0,likely_host_associated
Sphingobium,66,36,15,14,0.5454545454545454,0.22727272727272727,0.21212121212121213,mixed_or_uncertain
Roseibium,11,6,3,1,0.5454545454545454,0.2727272727272727,0.09090909090909091,mixed_or_uncertain
Paraglaciecola,11,6,2,2,0.5454545454545454,0.18181818181818182,0.18181818181818182,mixed_or_uncertain
Deinococcus,115,62,17,22,0.5391304347826087,0.14782608695652175,0.19130434782608696,mixed_or_uncertain
Spirochaeta,13,7,2,0,0.5384615384615384,0.15384615384615385,0.0,mixed_or_uncertain
Promicromonospora,26,14,7,5,0.5384615384615384,0.2692307692307692,0.19230769230769232,mixed_or_uncertain
Caulobacter,26,14,9,3,0.5384615384615384,0.34615384615384615,0.11538461538461539,mixed_or_uncertain
Isoptericola,13,7,4,0,0.5384615384615384,0.3076923076923077,0.0,mixed_or_uncertain
Rhodococcus,235,126,63,43,0.5361702127659574,0.2680851063829787,0.1829787234042553,mixed_or_uncertain
Pseudarthrobacter,15,8,6,1,0.5333333333333333,0.4,0.06666666666666667,likely_host_associated
Streptacidiphilus,19,10,5,0,0.5263157894736842,0.2631578947368421,0.0,mixed_or_uncertain
Shouchella,21,11,4,5,0.5238095238095238,0.19047619047619047,0.23809523809523808,mixed_or_uncertain
Acidithiobacillus,23,12,0,7,0.5217391304347826,0.0,0.30434782608695654,mixed_or_uncertain
Cohnella,27,14,10,2,0.5185185185185185,0.37037037037037035,0.07407407407407407,mixed_or_uncertain
Sphingopyxis,29,15,7,7,0.5172413793103449,0.2413793103448276,0.2413793103448276,mixed_or_uncertain
Shewanella,99,50,40,7,0.5050505050505051,0.40404040404040403,0.0707070707070707,likely_host_associated
Anaerosinus,2,1,1,0,0.5,0.5,0.0,likely_host_associated
Plesiocystis,2,1,1,0,0.5,0.5,0.0,likely_host_associated
Pelobacter,8,4,0,0,0.5,0.0,0.0,mixed_or_uncertain
Desulfovermiculus,2,1,0,0,0.5,0.0,0.0,mixed_or_uncertain
Persicobacter,2,1,1,0,0.5,0.5,0.0,likely_host_associated
Peterkaempfera,2,1,1,0,0.5,0.5,0.0,likely_host_associated
Azohydromonas,6,3,2,1,0.5,0.3333333333333333,0.16666666666666666,mixed_or_uncertain
Thermomicrobium,2,1,0,0,0.5,0.0,0.0,mixed_or_uncertain
Thioclava,6,3,2,0,0.5,0.3333333333333333,0.0,mixed_or_uncertain
Scopulibacillus,2,1,0,1,0.5,0.0,0.5,mixed_or_uncertain
Thermoproteus,2,1,0,0,0.5,0.0,0.0,mixed_or_uncertain
Agarivorans,4,2,2,0,0.5,0.5,0.0,likely_host_associated
Klenkia,4,2,2,0,0.5,0.5,0.0,likely_host_associated
Pseudophaeobacter,2,1,0,0,0.5,0.0,0.0,mixed_or_uncertain
Pseudolabrys,2,1,1,0,0.5,0.5,0.0,likely_host_associated
Pseudorhodoferax,4,2,1,1,0.5,0.25,0.25,mixed_or_uncertain
Blastochloris,6,3,0,1,0.5,0.0,0.16666666666666666,mixed_or_uncertain
Pseudolysinimonas,2,1,1,0,0.5,0.5,0.0,likely_host_associated
Evansella,4,2,1,1,0.5,0.25,0.25,mixed_or_uncertain
Desulfobaculum,4,2,0,0,0.5,0.0,0.0,mixed_or_uncertain
Thermosyntropha,2,1,0,0,0.5,0.0,0.0,mixed_or_uncertain
Humidesulfovibrio,4,2,0,0,0.5,0.0,0.0,mixed_or_uncertain
Hydrogenivirga,2,1,0,0,0.5,0.0,0.0,mixed_or_uncertain
Malikia,2,1,0,1,0.5,0.0,0.5,mixed_or_uncertain
Mangrovibacterium,2,1,1,0,0.5,0.5,0.0,likely_host_associated
Patulibacter,6,3,2,1,0.5,0.3333333333333333,0.16666666666666666,mixed_or_uncertain
Paucisalibacillus,2,1,0,0,0.5,0.0,0.0,mixed_or_uncertain
Chitinilyticum,2,1,1,0,0.5,0.5,0.0,likely_host_associated
Anaerofilum,2,1,0,1,0.5,0.0,0.5,mixed_or_uncertain
Desulfurispirillum,2,1,0,1,0.5,0.0,0.5,mixed_or_uncertain
Desulfothermus,2,1,0,0,0.5,0.0,0.0,mixed_or_uncertain
Desulfotignum,4,2,0,2,0.5,0.0,0.5,mixed_or_uncertain
Sedimentitalea,2,1,1,0,0.5,0.5,0.0,likely_host_associated
Spirillospora,2,1,1,0,0.5,0.5,0.0,likely_host_associated
Spongiibacter,8,4,3,1,0.5,0.375,0.125,mixed_or_uncertain
Elstera,2,1,1,0,0.5,0.5,0.0,likely_host_associated
Prolixibacter,2,1,0,1,0.5,0.0,0.5,mixed_or_uncertain
Brevitalea,2,1,0,0,0.5,0.0,0.0,mixed_or_uncertain
Kriegella,2,1,1,0,0.5,0.5,0.0,likely_host_associated
Chitinimonas,4,2,2,0,0.5,0.5,0.0,likely_host_associated
Desulfuribacillus,2,1,0,0,0.5,0.0,0.0,mixed_or_uncertain
Segetibacter,2,1,1,0,0.5,0.5,0.0,likely_host_associated
Sedimenticola,2,1,0,0,0.5,0.0,0.0,mixed_or_uncertain
Desulfocapsa,2,1,1,0,0.5,0.5,0.0,likely_host_associated
Desulfotruncus,2,1,0,1,0.5,0.0,0.5,mixed_or_uncertain
Aeropyrum,2,1,0,0,0.5,0.0,0.0,mixed_or_uncertain
Euzebya,2,1,1,0,0.5,0.5,0.0,likely_host_associated
Caldimicrobium,2,1,0,0,0.5,0.0,0.0,mixed_or_uncertain
Caenibius,2,1,0,1,0.5,0.0,0.5,mixed_or_uncertain
Caenimonas,2,1,0,1,0.5,0.0,0.5,mixed_or_uncertain
Caenispirillum,2,1,0,0,0.5,0.0,0.0,mixed_or_uncertain
Insolitispirillum,2,1,1,0,0.5,0.5,0.0,likely_host_associated
Ferdinandcohnia,2,1,0,1,0.5,0.0,0.5,mixed_or_uncertain
Veronia,2,1,1,0,0.5,0.5,0.0,likely_host_associated
Ramlibacter,8,4,3,1,0.5,0.375,0.125,mixed_or_uncertain
Quadrisphaera,2,1,0,1,0.5,0.0,0.5,mixed_or_uncertain
Diaphorobacter,6,3,2,1,0.5,0.3333333333333333,0.16666666666666666,mixed_or_uncertain
Joostella,2,1,1,0,0.5,0.5,0.0,likely_host_associated
Kiloniella,2,1,1,0,0.5,0.5,0.0,likely_host_associated
Lebetimonas,2,1,0,0,0.5,0.0,0.0,mixed_or_uncertain
Psychrilyobacter,6,3,3,0,0.5,0.5,0.0,likely_host_associated
Pseudonocardia,90,45,33,11,0.5,0.36666666666666664,0.12222222222222222,mixed_or_uncertain
Tranquillimonas,2,1,0,0,0.5,0.0,0.0,mixed_or_uncertain
Yinghuangia,2,1,1,0,0.5,0.5,0.0,likely_host_associated
Youngiibacter,2,1,0,0,0.5,0.0,0.0,mixed_or_uncertain
Croceivirga,2,1,1,0,0.5,0.5,0.0,likely_host_associated
Crocinitomix,2,1,1,0,0.5,0.5,0.0,likely_host_associated
Barrientosiimonas,2,1,0,0,0.5,0.0,0.0,mixed_or_uncertain
Tolumonas,2,1,0,0,0.5,0.0,0.0,mixed_or_uncertain
Bhargavaea,6,3,3,0,0.5,0.5,0.0,likely_host_associated
Ferrovibrio,2,1,0,1,0.5,0.0,0.5,mixed_or_uncertain
Marinactinospora,2,1,1,0,0.5,0.5,0.0,likely_host_associated
Chlorobaculum,4,2,0,0,0.5,0.0,0.0,mixed_or_uncertain
Thermobrachium,2,1,0,0,0.5,0.0,0.0,mixed_or_uncertain
Thermosulfurimonas,2,1,0,0,0.5,0.0,0.0,mixed_or_uncertain
Halococcus,10,5,0,0,0.5,0.0,0.0,mixed_or_uncertain
Haloarchaeobius,2,1,0,0,0.5,0.0,0.0,mixed_or_uncertain
Thalassobacillus,6,3,0,0,0.5,0.0,0.0,mixed_or_uncertain
Halomicrobium,6,3,0,0,0.5,0.0,0.0,mixed_or_uncertain
Siphonobacter,2,1,0,1,0.5,0.0,0.5,mixed_or_uncertain
Amylibacter,4,2,2,0,0.5,0.5,0.0,likely_host_associated
Umezawaea,2,1,1,0,0.5,0.5,0.0,likely_host_associated
Phocicoccus,2,1,1,0,0.5,0.5,0.0,likely_host_associated
Sediminibacillus,2,1,0,0,0.5,0.0,0.0,mixed_or_uncertain
Flavivirga,4,2,2,0,0.5,0.5,0.0,likely_host_associated
Anaerophaga,2,1,0,0,0.5,0.0,0.0,mixed_or_uncertain
Phaselicystis,2,1,1,0,0.5,0.5,0.0,likely_host_associated
Dyadobacter,16,8,5,1,0.5,0.3125,0.0625,mixed_or_uncertain
Phytoactinopolyspora,2,1,1,0,0.5,0.5,0.0,likely_host_associated
Phytomonospora,2,1,1,0,0.5,0.5,0.0,likely_host_associated
Ilyobacter,4,2,0,0,0.5,0.0,0.0,mixed_or_uncertain
Abyssicoccus,2,1,1,0,0.5,0.5,0.0,likely_host_associated
Geoalkalibacter,2,1,0,0,0.5,0.0,0.0,mixed_or_uncertain
Geoglobus,2,1,0,0,0.5,0.0,0.0,mixed_or_uncertain
Silvibacterium,2,1,0,0,0.5,0.0,0.0,mixed_or_uncertain
Litchfieldia,2,1,0,0,0.5,0.0,0.0,mixed_or_uncertain
Ferroplasma,2,1,0,1,0.5,0.0,0.5,mixed_or_uncertain
Salinarimonas,2,1,0,0,0.5,0.0,0.0,mixed_or_uncertain
Aquimarina,20,10,10,0,0.5,0.5,0.0,likely_host_associated
Anoxynatronum,2,1,1,0,0.5,0.5,0.0,likely_host_associated
Neomicrococcus,2,1,0,1,0.5,0.0,0.5,mixed_or_uncertain
Natronoarchaeum,2,1,0,1,0.5,0.0,0.5,mixed_or_uncertain
Modicisalibacter,2,1,1,0,0.5,0.5,0.0,likely_host_associated
Moheibacter,2,1,1,0,0.5,0.5,0.0,likely_host_associated
Deferrisoma,2,1,0,0,0.5,0.0,0.0,mixed_or_uncertain
Methyloligella,2,1,0,0,0.5,0.0,0.0,mixed_or_uncertain
Cellulosilyticum,2,1,1,0,0.5,0.5,0.0,likely_host_associated
Thiobacillus,8,4,0,3,0.5,0.0,0.375,mixed_or_uncertain
Thiobacter,2,1,0,0,0.5,0.0,0.0,mixed_or_uncertain
Fundidesulfovibrio,2,1,0,0,0.5,0.0,0.0,mixed_or_uncertain
Actinorectispora,2,1,0,1,0.5,0.0,0.5,mixed_or_uncertain
Actinotalea,4,2,0,2,0.5,0.0,0.5,mixed_or_uncertain
Myceligenerans,4,2,1,0,0.5,0.25,0.0,mixed_or_uncertain
Mesotoga,2,1,0,0,0.5,0.0,0.0,mixed_or_uncertain
Metaclostridioides,2,1,1,0,0.5,0.5,0.0,likely_host_associated
Mesonia,8,4,4,0,0.5,0.5,0.0,likely_host_associated
Halogranum,2,1,0,0,0.5,0.0,0.0,mixed_or_uncertain
Thalassococcus,2,1,1,0,0.5,0.5,0.0,likely_host_associated
Tessaracoccus,12,6,3,2,0.5,0.25,0.16666666666666666,mixed_or_uncertain
Desulfallas,2,1,1,0,0.5,0.5,0.0,likely_host_associated
Rhodoblastus,4,2,1,0,0.5,0.25,0.0,mixed_or_uncertain
Curvibacter,14,7,1,6,0.5,0.07142857142857142,0.42857142857142855,mixed_or_uncertain
Cyclobacterium,4,2,2,0,0.5,0.5,0.0,likely_host_associated
Acetoanaerobium,2,1,0,0,0.5,0.0,0.0,mixed_or_uncertain
Desmospora,2,1,1,0,0.5,0.5,0.0,likely_host_associated
Acidisoma,2,1,1,0,0.5,0.5,0.0,likely_host_associated
Wenzhouxiangella,2,1,1,0,0.5,0.5,0.0,likely_host_associated
Vreelandella,4,2,1,0,0.5,0.25,0.0,mixed_or_uncertain
Raineyella,2,1,1,0,0.5,0.5,0.0,likely_host_associated
Eudoraea,2,1,0,1,0.5,0.0,0.5,mixed_or_uncertain
Grimontia,2,1,1,0,0.5,0.5,0.0,likely_host_associated
Pigmentiphaga,10,5,3,2,0.5,0.3,0.2,mixed_or_uncertain
Methanoculleus,22,11,3,5,0.5,0.13636363636363635,0.22727272727272727,mixed_or_uncertain
Desulfocurvus,2,1,0,0,0.5,0.0,0.0,mixed_or_uncertain
Novispirillum,2,1,1,0,0.5,0.5,0.0,likely_host_associated
Thermogemmatispora,2,1,1,0,0.5,0.5,0.0,likely_host_associated
Thermolithobacter,2,1,0,0,0.5,0.0,0.0,mixed_or_uncertain
Thermodesulfobium,2,1,0,0,0.5,0.0,0.0,mixed_or_uncertain
Cloacibacterium,2,1,0,1,0.5,0.0,0.5,mixed_or_uncertain
Nitrosomonas,4,2,0,2,0.5,0.0,0.5,mixed_or_uncertain
Andreprevotia,2,1,1,0,0.5,0.5,0.0,likely_host_associated
Ferrimonas,8,4,4,0,0.5,0.5,0.0,likely_host_associated
Saccharospirillum,6,3,1,0,0.5,0.16666666666666666,0.0,mixed_or_uncertain
Intrasporangium,10,5,2,3,0.5,0.2,0.3,mixed_or_uncertain
Methanoplanus,2,1,1,0,0.5,0.5,0.0,likely_host_associated
Megalodesulfovibrio,2,1,0,0,0.5,0.0,0.0,mixed_or_uncertain
Marmoricola,2,1,1,0,0.5,0.5,0.0,likely_host_associated
Fontibacillus,2,1,1,0,0.5,0.5,0.0,likely_host_associated
Ruania,2,1,0,0,0.5,0.0,0.0,mixed_or_uncertain
Rubellimicrobium,6,3,0,3,0.5,0.0,0.5,mixed_or_uncertain
Roseospira,4,2,0,0,0.5,0.0,0.0,mixed_or_uncertain
Krasilnikoviella,2,1,0,1,0.5,0.0,0.5,mixed_or_uncertain
Arsukibacterium,2,1,0,0,0.5,0.0,0.0,mixed_or_uncertain
Litoribacter,2,1,0,0,0.5,0.0,0.0,mixed_or_uncertain
Arenicella,2,1,1,0,0.5,0.5,0.0,likely_host_associated
Pseudacidovorax,2,1,1,0,0.5,0.5,0.0,likely_host_associated
Thermoflavifilum,2,1,0,0,0.5,0.0,0.0,mixed_or_uncertain
Pseudaeromonas,4,2,1,0,0.5,0.25,0.0,mixed_or_uncertain
Rossellomorea,4,2,0,1,0.5,0.0,0.25,mixed_or_uncertain
Pseudahrensia,2,1,1,0,0.5,0.5,0.0,likely_host_associated
Leucothrix,4,2,2,0,0.5,0.5,0.0,likely_host_associated
Lentibacter,2,1,1,0,0.5,0.5,0.0,likely_host_associated
Desulfomicrobium,16,8,3,1,0.5,0.1875,0.0625,mixed_or_uncertain
Marinilactibacillus,2,1,1,0,0.5,0.5,0.0,likely_host_associated
Allostella,2,1,1,0,0.5,0.5,0.0,likely_host_associated
Heliobacterium,2,1,1,0,0.5,0.5,0.0,likely_host_associated
Hanstruepera,2,1,1,0,0.5,0.5,0.0,likely_host_associated
Sporohalobacter,2,1,0,0,0.5,0.0,0.0,mixed_or_uncertain
Mumia,2,1,1,0,0.5,0.5,0.0,likely_host_associated
Pseudactinotalea,2,1,1,0,0.5,0.5,0.0,likely_host_associated
Conyzicola,2,1,1,0,0.5,0.5,0.0,likely_host_associated
Oleiagrimonas,2,1,0,0,0.5,0.0,0.0,mixed_or_uncertain
Oleidesulfovibrio,4,2,0,2,0.5,0.0,0.5,mixed_or_uncertain
Collimonas,6,3,1,0,0.5,0.16666666666666666,0.0,mixed_or_uncertain
Niveispirillum,2,1,1,0,0.5,0.5,0.0,likely_host_associated
Parageobacillus,6,3,2,1,0.5,0.3333333333333333,0.16666666666666666,mixed_or_uncertain
Desulfonauticus,2,1,0,0,0.5,0.0,0.0,mixed_or_uncertain
Desulfoscipio,2,1,0,0,0.5,0.0,0.0,mixed_or_uncertain
Hippea,6,3,0,0,0.5,0.0,0.0,mixed_or_uncertain
Alkanindiges,2,1,1,0,0.5,0.5,0.0,likely_host_associated
Sulfuriferula,4,2,1,1,0.5,0.25,0.25,mixed_or_uncertain
Desulfatitalea,2,1,0,1,0.5,0.0,0.5,mixed_or_uncertain
Parafilimonas,2,1,1,0,0.5,0.5,0.0,likely_host_associated
Paraperlucidibaca,2,1,1,0,0.5,0.5,0.0,likely_host_associated
Cerasicoccus,2,1,1,0,0.5,0.5,0.0,likely_host_associated
Cesiribacter,2,1,0,0,0.5,0.0,0.0,mixed_or_uncertain
Marinimicrobium,4,2,0,0,0.5,0.0,0.0,mixed_or_uncertain
Marinirhabdus,2,1,1,0,0.5,0.5,0.0,likely_host_associated
Tenggerimyces,2,1,1,0,0.5,0.5,0.0,likely_host_associated
Tenuibacillus,2,1,0,0,0.5,0.0,0.0,mixed_or_uncertain
Oceanithermus,2,1,0,0,0.5,0.0,0.0,mixed_or_uncertain
Novipirellula,2,1,1,0,0.5,0.5,0.0,likely_host_associated
Tardiphaga,4,2,2,0,0.5,0.5,0.0,likely_host_associated
Olleya,4,2,2,0,0.5,0.5,0.0,likely_host_associated
Paramoritella,2,1,1,0,0.5,0.5,0.0,likely_host_associated
Arthrobacter,109,53,33,18,0.48623853211009177,0.30275229357798167,0.1651376146788991,mixed_or_uncertain
Geodermatophilus,31,15,4,1,0.4838709677419355,0.12903225806451613,0.03225806451612903,mixed_or_uncertain
Lysobacter,58,28,23,4,0.4827586206896552,0.39655172413793105,0.06896551724137931,mixed_or_uncertain
Anoxybacillus,27,13,1,5,0.48148148148148145,0.037037037037037035,0.18518518518518517,mixed_or_uncertain
Phenylobacterium,25,12,8,2,0.48,0.32,0.08,mixed_or_uncertain
Hydrogenophaga,19,9,4,6,0.47368421052631576,0.21052631578947367,0.3157894736842105,mixed_or_uncertain
Photobacterium,36,17,17,1,0.4722222222222222,0.4722222222222222,0.027777777777777776,likely_host_associated
Thalassotalea,17,8,9,0,0.47058823529411764,0.5294117647058824,0.0,likely_host_associated
Xanthobacter,17,8,3,6,0.47058823529411764,0.17647058823529413,0.35294117647058826,mixed_or_uncertain
Aurantimonas,15,7,6,1,0.4666666666666667,0.4,0.06666666666666667,likely_host_associated
Acetobacterium,15,7,1,1,0.4666666666666667,0.06666666666666667,0.06666666666666667,mixed_or_uncertain
Phycicoccus,13,6,6,1,0.46153846153846156,0.46153846153846156,0.07692307692307693,likely_host_associated
Variovorax,35,16,11,8,0.45714285714285713,0.3142857142857143,0.22857142857142856,mixed_or_uncertain
Virgibacillus,57,26,5,11,0.45614035087719296,0.08771929824561403,0.19298245614035087,mixed_or_uncertain
Vogesella,11,5,4,1,0.45454545454545453,0.36363636363636365,0.09090909090909091,mixed_or_uncertain
Halorubrum,33,15,0,2,0.45454545454545453,0.0,0.06060606060606061,mixed_or_uncertain
Exiguobacterium,47,21,13,7,0.44680851063829785,0.2765957446808511,0.14893617021276595,mixed_or_uncertain
Jiangella,9,4,3,0,0.4444444444444444,0.3333333333333333,0.0,mixed_or_uncertain
Sarcina,9,4,5,0,0.4444444444444444,0.5555555555555556,0.0,likely_host_associated
Planococcus,27,12,9,2,0.4444444444444444,0.3333333333333333,0.07407407407407407,mixed_or_uncertain
Oerskovia,18,8,9,1,0.4444444444444444,0.5,0.05555555555555555,likely_host_associated
Mycetocola,9,4,4,1,0.4444444444444444,0.4444444444444444,0.1111111111111111,likely_host_associated
Oceanisphaera,9,4,5,0,0.4444444444444444,0.5555555555555556,0.0,likely_host_associated
Sporomusa,18,8,9,1,0.4444444444444444,0.5,0.05555555555555555,likely_host_associated
Desulforamulus,9,4,2,2,0.4444444444444444,0.2222222222222222,0.2222222222222222,mixed_or_uncertain
Noviherbaspirillum,9,4,4,1,0.4444444444444444,0.4444444444444444,0.1111111111111111,likely_host_associated
Mucilaginibacter,43,19,23,0,0.4418604651162791,0.5348837209302325,0.0,likely_host_associated
Agrococcus,16,7,3,5,0.4375,0.1875,0.3125,mixed_or_uncertain
Microbispora,23,10,9,3,0.43478260869565216,0.391304347826087,0.13043478260869565,mixed_or_uncertain
Halopseudomonas,14,6,2,3,0.42857142857142855,0.14285714285714285,0.21428571428571427,mixed_or_uncertain
Afipia,21,9,9,3,0.42857142857142855,0.42857142857142855,0.14285714285714285,likely_host_associated
Acidianus,7,3,0,0,0.42857142857142855,0.0,0.0,mixed_or_uncertain
Muricoccus,7,3,0,4,0.42857142857142855,0.0,0.5714285714285714,mixed_or_uncertain
Nakamurella,7,3,3,1,0.42857142857142855,0.42857142857142855,0.14285714285714285,likely_host_associated
Zhihengliuella,7,3,1,0,0.42857142857142855,0.14285714285714285,0.0,mixed_or_uncertain
Desulfobulbus,14,6,0,4,0.42857142857142855,0.0,0.2857142857142857,mixed_or_uncertain
Chromobacterium,14,6,6,2,0.42857142857142855,0.42857142857142855,0.14285714285714285,likely_host_associated
Listonella,7,3,4,0,0.42857142857142855,0.5714285714285714,0.0,likely_host_associated
Psychromonas,14,6,4,0,0.42857142857142855,0.2857142857142857,0.0,mixed_or_uncertain
Terriglobus,7,3,3,0,0.42857142857142855,0.42857142857142855,0.0,likely_host_associated
Leptospirillum,7,3,0,2,0.42857142857142855,0.0,0.2857142857142857,mixed_or_uncertain
Sutcliffiella,14,6,6,2,0.42857142857142855,0.42857142857142855,0.14285714285714285,likely_host_associated
Litoreibacter,7,3,4,0,0.42857142857142855,0.5714285714285714,0.0,likely_host_associated
Caldanaerobacter,7,3,0,1,0.42857142857142855,0.0,0.14285714285714285,mixed_or_uncertain
Agromyces,40,17,17,6,0.425,0.425,0.15,likely_host_associated
Nesterenkonia,26,11,4,7,0.4230769230769231,0.15384615384615385,0.2692307692307692,mixed_or_uncertain
Halalkalibacterium,19,8,7,4,0.42105263157894735,0.3684210526315789,0.21052631578947367,mixed_or_uncertain
Cellulosimicrobium,19,8,7,4,0.42105263157894735,0.3684210526315789,0.21052631578947367,mixed_or_uncertain
Delftia,38,16,14,7,0.42105263157894735,0.3684210526315789,0.18421052631578946,mixed_or_uncertain
Gemmobacter,12,5,2,5,0.4166666666666667,0.16666666666666666,0.4166666666666667,mixed_or_uncertain
Saccharomonospora,24,10,3,4,0.4166666666666667,0.125,0.16666666666666666,mixed_or_uncertain
Haloferax,17,7,0,0,0.4117647058823529,0.0,0.0,mixed_or_uncertain
Alkalihalophilus,17,7,6,3,0.4117647058823529,0.35294117647058826,0.17647058823529413,mixed_or_uncertain
Gracilibacillus,22,9,1,1,0.4090909090909091,0.045454545454545456,0.045454545454545456,mixed_or_uncertain
Nocardiopsis,93,38,13,10,0.40860215053763443,0.13978494623655913,0.10752688172043011,mixed_or_uncertain
Neoroseomonas,5,2,1,1,0.4,0.2,0.2,mixed_or_uncertain
Microterricola,5,2,3,0,0.4,0.6,0.0,highly_likely_host_associated
Actinophytocola,15,6,8,1,0.4,0.5333333333333333,0.06666666666666667,likely_host_associated
Natrialba,5,2,0,0,0.4,0.0,0.0,mixed_or_uncertain
Cedecea,5,2,3,0,0.4,0.6,0.0,highly_likely_host_associated
Halorhabdus,5,2,0,0,0.4,0.0,0.0,mixed_or_uncertain
Halarchaeum,5,2,0,1,0.4,0.0,0.2,mixed_or_uncertain
Desulfotomaculum,20,8,0,6,0.4,0.0,0.3,mixed_or_uncertain
Desulfonatronovibrio,5,2,0,0,0.4,0.0,0.0,mixed_or_uncertain
Citricoccus,10,4,1,4,0.4,0.1,0.4,mixed_or_uncertain
Solibacillus,10,4,1,5,0.4,0.1,0.5,mixed_or_uncertain
Thermocrinis,5,2,0,0,0.4,0.0,0.0,mixed_or_uncertain
Zobellia,5,2,3,0,0.4,0.6,0.0,highly_likely_host_associated
Saccharopolyspora,45,18,20,3,0.4,0.4444444444444444,0.06666666666666667,likely_host_associated
Marinococcus,5,2,0,0,0.4,0.0,0.0,mixed_or_uncertain
Jatrophihabitans,5,2,3,0,0.4,0.6,0.0,highly_likely_host_associated
Tumebacillus,5,2,2,1,0.4,0.4,0.2,likely_host_associated
Giesbergeria,5,2,0,2,0.4,0.0,0.4,mixed_or_uncertain
Georgenia,15,6,3,3,0.4,0.2,0.2,mixed_or_uncertain
Methanosarcina,55,22,9,7,0.4,0.16363636363636364,0.12727272727272726,mixed_or_uncertain
Niastella,5,2,3,0,0.4,0.6,0.0,highly_likely_host_associated
Thermodesulfobacterium,5,2,0,0,0.4,0.0,0.0,mixed_or_uncertain
Deferribacter,5,2,0,0,0.4,0.0,0.0,mixed_or_uncertain
nan,35164,13976,33683,4845,0.3974519394835627,0.9578830622227278,0.13778295984529632,highly_likely_host_associated
Metabacillus,33,13,4,14,0.3939393939393939,0.12121212121212122,0.42424242424242425,mixed_or_uncertain
Sporolactobacillus,36,14,21,1,0.3888888888888889,0.5833333333333334,0.027777777777777776,likely_host_associated
Sporosarcina,36,14,12,10,0.3888888888888889,0.3333333333333333,0.2777777777777778,mixed_or_uncertain
Bosea,26,10,15,1,0.38461538461538464,0.5769230769230769,0.038461538461538464,likely_host_associated
Thiomicrospira,13,5,1,1,0.38461538461538464,0.07692307692307693,0.07692307692307693,mixed_or_uncertain
Glutamicibacter,13,5,5,3,0.38461538461538464,0.38461538461538464,0.23076923076923078,mixed_or_uncertain
Thermosipho,13,5,2,1,0.38461538461538464,0.15384615384615385,0.07692307692307693,mixed_or_uncertain
Neobacillus,21,8,8,5,0.38095238095238093,0.38095238095238093,0.23809523809523808,mixed_or_uncertain
Tenacibaculum,29,11,16,2,0.3793103448275862,0.5517241379310345,0.06896551724137931,likely_host_associated
Marinospirillum,8,3,1,2,0.375,0.125,0.25,mixed_or_uncertain
Gulosibacter,8,3,5,0,0.375,0.625,0.0,highly_likely_host_associated
Shinella,8,3,1,3,0.375,0.125,0.375,mixed_or_uncertain
Amphibacillus,8,3,0,2,0.375,0.0,0.25,mixed_or_uncertain
Hydrogenovibrio,8,3,1,0,0.375,0.125,0.0,mixed_or_uncertain
Olivibacter,8,3,0,4,0.375,0.0,0.5,mixed_or_uncertain
Chryseomicrobium,8,3,0,3,0.375,0.0,0.375,mixed_or_uncertain
Syntrophus,8,3,1,2,0.375,0.125,0.25,mixed_or_uncertain
Desulfovibrio,60,22,20,5,0.36666666666666664,0.3333333333333333,0.08333333333333333,mixed_or_uncertain
Glycomyces,33,12,15,0,0.36363636363636365,0.45454545454545453,0.0,likely_host_associated
Pragia,11,4,1,6,0.36363636363636365,0.09090909090909091,0.5454545454545454,mixed_or_uncertain
Chelativorans,11,4,0,6,0.36363636363636365,0.0,0.5454545454545454,mixed_or_uncertain
Trichococcus,11,4,1,3,0.36363636363636365,0.09090909090909091,0.2727272727272727,mixed_or_uncertain
Ornithinimicrobium,11,4,3,4,0.36363636363636365,0.2727272727272727,0.36363636363636365,mixed_or_uncertain
Halomonas,135,49,11,19,0.362962962962963,0.08148148148148149,0.14074074074074075,mixed_or_uncertain
Bradyrhizobium,67,24,30,13,0.3582089552238806,0.44776119402985076,0.19402985074626866,likely_host_associated
Stutzerimonas,70,25,34,8,0.35714285714285715,0.4857142857142857,0.11428571428571428,likely_host_associated
Pseudoxanthomonas,31,11,11,5,0.3548387096774194,0.3548387096774194,0.16129032258064516,mixed_or_uncertain
Fictibacillus,17,6,1,9,0.35294117647058826,0.058823529411764705,0.5294117647058824,mixed_or_uncertain
Actinoallomurus,17,6,11,0,0.35294117647058826,0.6470588235294118,0.0,highly_likely_host_associated
Devosia,26,9,12,3,0.34615384615384615,0.46153846153846156,0.11538461538461539,likely_host_associated
Gordonia,97,33,41,22,0.3402061855670103,0.422680412371134,0.2268041237113402,likely_host_associated
Silvimonas,3,1,2,0,0.3333333333333333,0.6666666666666666,0.0,highly_likely_host_associated
Luteococcus,6,2,3,1,0.3333333333333333,0.5,0.16666666666666666,likely_host_associated
Luteolibacter,9,3,4,1,0.3333333333333333,0.4444444444444444,0.1111111111111111,likely_host_associated
Filimonas,3,1,2,0,0.3333333333333333,0.6666666666666666,0.0,highly_likely_host_associated
Luteibacter,6,2,4,0,0.3333333333333333,0.6666666666666666,0.0,highly_likely_host_associated
Mariniluteicoccus,3,1,2,0,0.3333333333333333,0.6666666666666666,0.0,highly_likely_host_associated
Frateuria,3,1,2,0,0.3333333333333333,0.6666666666666666,0.0,highly_likely_host_associated
Heliomicrobium,3,1,1,0,0.3333333333333333,0.3333333333333333,0.0,mixed_or_uncertain
Staphylothermus,3,1,0,0,0.3333333333333333,0.0,0.0,mixed_or_uncertain
Brochothrix,3,1,0,2,0.3333333333333333,0.0,0.6666666666666666,mixed_or_uncertain
Desulfacinum,3,1,0,0,0.3333333333333333,0.0,0.0,mixed_or_uncertain
Acidihalobacter,3,1,0,0,0.3333333333333333,0.0,0.0,mixed_or_uncertain
Methylocapsa,3,1,2,0,0.3333333333333333,0.6666666666666666,0.0,highly_likely_host_associated
Caldimonas,6,2,0,2,0.3333333333333333,0.0,0.3333333333333333,mixed_or_uncertain
Alkalilimnicola,3,1,1,0,0.3333333333333333,0.3333333333333333,0.0,mixed_or_uncertain
Zunongwangia,3,1,2,0,0.3333333333333333,0.6666666666666666,0.0,highly_likely_host_associated
Ulvibacter,3,1,2,0,0.3333333333333333,0.6666666666666666,0.0,highly_likely_host_associated
Anaerobacillus,6,2,0,1,0.3333333333333333,0.0,0.16666666666666666,mixed_or_uncertain
Hoyosella,3,1,1,0,0.3333333333333333,0.3333333333333333,0.0,mixed_or_uncertain
Phreatobacter,3,1,2,0,0.3333333333333333,0.6666666666666666,0.0,highly_likely_host_associated
Microvirgula,3,1,1,0,0.3333333333333333,0.3333333333333333,0.0,mixed_or_uncertain
Haladaptatus,3,1,0,1,0.3333333333333333,0.0,0.3333333333333333,mixed_or_uncertain
Aidingimonas,3,1,0,0,0.3333333333333333,0.0,0.0,mixed_or_uncertain
Thermostaphylospora,3,1,0,2,0.3333333333333333,0.0,0.6666666666666666,mixed_or_uncertain
Granulosicoccus,3,1,2,0,0.3333333333333333,0.6666666666666666,0.0,highly_likely_host_associated
Williamsia,15,5,9,1,0.3333333333333333,0.6,0.06666666666666667,highly_likely_host_associated
Caldalkalibacillus,3,1,0,0,0.3333333333333333,0.0,0.0,mixed_or_uncertain
Ideonella,3,1,1,1,0.3333333333333333,0.3333333333333333,0.3333333333333333,mixed_or_uncertain
Candidatus,6,2,2,0,0.3333333333333333,0.3333333333333333,0.0,mixed_or_uncertain
Sediminispirochaeta,3,1,0,1,0.3333333333333333,0.0,0.3333333333333333,mixed_or_uncertain
Paucidesulfovibrio,3,1,0,2,0.3333333333333333,0.0,0.6666666666666666,mixed_or_uncertain
Pelagibacterium,3,1,1,0,0.3333333333333333,0.3333333333333333,0.0,mixed_or_uncertain
Candidimonas,3,1,0,2,0.3333333333333333,0.0,0.6666666666666666,mixed_or_uncertain
Sphingosinicella,3,1,0,1,0.3333333333333333,0.0,0.3333333333333333,mixed_or_uncertain
Parvibaculum,3,1,0,1,0.3333333333333333,0.0,0.3333333333333333,mixed_or_uncertain
Fervidobacterium,9,3,0,0,0.3333333333333333,0.0,0.0,mixed_or_uncertain
Flavimobilis,3,1,1,1,0.3333333333333333,0.3333333333333333,0.3333333333333333,mixed_or_uncertain
Jonesia,3,1,1,0,0.3333333333333333,0.3333333333333333,0.0,mixed_or_uncertain
Luteimicrobium,3,1,2,0,0.3333333333333333,0.6666666666666666,0.0,highly_likely_host_associated
Flavisolibacter,6,2,4,0,0.3333333333333333,0.6666666666666666,0.0,highly_likely_host_associated
Thiothrix,3,1,0,1,0.3333333333333333,0.0,0.3333333333333333,mixed_or_uncertain
Tindallia,3,1,0,0,0.3333333333333333,0.0,0.0,mixed_or_uncertain
Rouxiella,6,2,4,0,0.3333333333333333,0.6666666666666666,0.0,highly_likely_host_associated
Aridibacter,3,1,0,0,0.3333333333333333,0.0,0.0,mixed_or_uncertain
Desulfofaba,3,1,1,0,0.3333333333333333,0.3333333333333333,0.0,mixed_or_uncertain
Alkalibacillus,15,5,3,0,0.3333333333333333,0.2,0.0,mixed_or_uncertain
Tersicoccus,3,1,0,2,0.3333333333333333,0.0,0.6666666666666666,mixed_or_uncertain
Halobacteriovorax,3,1,1,1,0.3333333333333333,0.3333333333333333,0.3333333333333333,mixed_or_uncertain
Pyrococcus,9,3,0,0,0.3333333333333333,0.0,0.0,mixed_or_uncertain
Pyrobaculum,9,3,0,0,0.3333333333333333,0.0,0.0,mixed_or_uncertain
Bavariicoccus,3,1,0,2,0.3333333333333333,0.0,0.6666666666666666,mixed_or_uncertain
Pseudovibrio,6,2,3,0,0.3333333333333333,0.5,0.0,likely_host_associated
Pleomorphomonas,6,2,3,0,0.3333333333333333,0.5,0.0,likely_host_associated
Azomonas,3,1,0,2,0.3333333333333333,0.0,0.6666666666666666,mixed_or_uncertain
Zoogloea,9,3,0,6,0.3333333333333333,0.0,0.6666666666666666,mixed_or_uncertain
Methanomethylovorans,3,1,0,0,0.3333333333333333,0.0,0.0,mixed_or_uncertain
Methanospirillum,6,2,1,1,0.3333333333333333,0.16666666666666666,0.16666666666666666,mixed_or_uncertain
Methanosalsum,3,1,0,0,0.3333333333333333,0.0,0.0,mixed_or_uncertain
Aeribacillus,6,2,0,4,0.3333333333333333,0.0,0.6666666666666666,mixed_or_uncertain
Yimella,3,1,1,1,0.3333333333333333,0.3333333333333333,0.3333333333333333,mixed_or_uncertain
Microvirga,12,4,5,0,0.3333333333333333,0.4166666666666667,0.0,likely_host_associated
Acidicapsa,6,2,1,0,0.3333333333333333,0.16666666666666666,0.0,mixed_or_uncertain
Wocania,3,1,2,0,0.3333333333333333,0.6666666666666666,0.0,highly_likely_host_associated
Actinoalloteichus,9,3,5,0,0.3333333333333333,0.5555555555555556,0.0,likely_host_associated
Croceitalea,3,1,2,0,0.3333333333333333,0.6666666666666666,0.0,highly_likely_host_associated
Roseicyclus,3,1,0,1,0.3333333333333333,0.0,0.3333333333333333,mixed_or_uncertain
Caloramator,9,3,0,1,0.3333333333333333,0.0,0.1111111111111111,mixed_or_uncertain
Kordia,6,2,4,0,0.3333333333333333,0.6666666666666666,0.0,highly_likely_host_associated
Dokdonella,6,2,2,2,0.3333333333333333,0.3333333333333333,0.3333333333333333,mixed_or_uncertain
Plantactinospora,6,2,3,0,0.3333333333333333,0.5,0.0,likely_host_associated
Camelimonas,3,1,2,0,0.3333333333333333,0.6666666666666666,0.0,highly_likely_host_associated
Porphyrobacter,3,1,0,1,0.3333333333333333,0.0,0.3333333333333333,mixed_or_uncertain
Salipaludibacillus,3,1,1,0,0.3333333333333333,0.3333333333333333,0.0,mixed_or_uncertain
Halanaerobacter,3,1,0,0,0.3333333333333333,0.0,0.0,mixed_or_uncertain
Melghirimyces,3,1,0,0,0.3333333333333333,0.0,0.0,mixed_or_uncertain
Desulfococcus,3,1,0,1,0.3333333333333333,0.0,0.3333333333333333,mixed_or_uncertain
Paenochrobactrum,3,1,2,0,0.3333333333333333,0.6666666666666666,0.0,highly_likely_host_associated
Halobacteroides,3,1,0,0,0.3333333333333333,0.0,0.0,mixed_or_uncertain
Tsuneonella,6,2,3,0,0.3333333333333333,0.5,0.0,likely_host_associated
Maritalea,3,1,2,0,0.3333333333333333,0.6666666666666666,0.0,highly_likely_host_associated
Terasakiella,3,1,1,1,0.3333333333333333,0.3333333333333333,0.3333333333333333,mixed_or_uncertain
Tepidiphilus,3,1,0,0,0.3333333333333333,0.0,0.0,mixed_or_uncertain
Tepidibacter,3,1,0,0,0.3333333333333333,0.0,0.0,mixed_or_uncertain
Alicycliphilus,3,1,0,1,0.3333333333333333,0.0,0.3333333333333333,mixed_or_uncertain
Terracoccus,3,1,2,0,0.3333333333333333,0.6666666666666666,0.0,highly_likely_host_associated
Aliivibrio,6,2,4,0,0.3333333333333333,0.6666666666666666,0.0,highly_likely_host_associated
Halovibrio,3,1,0,0,0.3333333333333333,0.0,0.0,mixed_or_uncertain
Pseudogracilibacillus,3,1,2,0,0.3333333333333333,0.6666666666666666,0.0,highly_likely_host_associated
Rummeliibacillus,3,1,0,2,0.3333333333333333,0.0,0.6666666666666666,mixed_or_uncertain
Saccharolobus,6,2,0,0,0.3333333333333333,0.0,0.0,mixed_or_uncertain
Saccharicrinis,3,1,2,0,0.3333333333333333,0.6666666666666666,0.0,highly_likely_host_associated
Pseudobacillus,3,1,1,1,0.3333333333333333,0.3333333333333333,0.3333333333333333,mixed_or_uncertain
Ornithinicoccus,3,1,0,2,0.3333333333333333,0.0,0.6666666666666666,mixed_or_uncertain
Sphingomonas,263,87,119,51,0.33079847908745247,0.4524714828897338,0.19391634980988592,likely_host_associated
Comamonas,67,22,28,16,0.3283582089552239,0.417910447761194,0.23880597014925373,likely_host_associated
Geobacillus,58,19,9,17,0.3275862068965517,0.15517241379310345,0.29310344827586204,mixed_or_uncertain
Sphingobacterium,65,21,35,9,0.3230769230769231,0.5384615384615384,0.13846153846153847,likely_host_associated
Thermoanaerobacter,31,10,8,5,0.3225806451612903,0.25806451612903225,0.16129032258064516,mixed_or_uncertain
Rhodanobacter,28,9,17,2,0.32142857142857145,0.6071428571428571,0.07142857142857142,highly_likely_host_associated
Brevundimonas,94,30,36,27,0.3191489361702128,0.3829787234042553,0.2872340425531915,mixed_or_uncertain
Priestia,44,14,8,21,0.3181818181818182,0.18181818181818182,0.4772727272727273,mixed_or_uncertain
Laceyella,16,5,7,3,0.3125,0.4375,0.1875,likely_host_associated
Paracoccus,112,35,31,40,0.3125,0.2767857142857143,0.35714285714285715,mixed_or_uncertain
Cupriavidus,96,30,37,27,0.3125,0.3854166666666667,0.28125,mixed_or_uncertain
Leptospira,16,5,11,0,0.3125,0.6875,0.0,highly_likely_host_associated
Legionella,122,38,64,16,0.3114754098360656,0.5245901639344263,0.13114754098360656,likely_host_associated
Mesobacillus,13,4,2,3,0.3076923076923077,0.15384615384615385,0.23076923076923078,mixed_or_uncertain
Methylorubrum,26,8,12,6,0.3076923076923077,0.46153846153846156,0.23076923076923078,likely_host_associated
Paraburkholderia,86,26,50,5,0.3023255813953488,0.5813953488372093,0.05813953488372093,likely_host_associated
Kibdelosporangium,10,3,5,1,0.3,0.5,0.1,likely_host_associated
Kineococcus,10,3,3,0,0.3,0.3,0.0,mixed_or_uncertain
Castellaniella,10,3,2,3,0.3,0.2,0.3,mixed_or_uncertain
Desulfofundulus,10,3,0,2,0.3,0.0,0.2,mixed_or_uncertain
Parapedobacter,10,3,6,1,0.3,0.6,0.1,highly_likely_host_associated
Archangium,611,182,423,3,0.2978723404255319,0.6923076923076923,0.004909983633387889,highly_likely_host_associated
Prauserella,17,5,5,0,0.29411764705882354,0.29411764705882354,0.0,mixed_or_uncertain
Kocuria,80,23,10,44,0.2875,0.125,0.55,mixed_or_uncertain
Aeromicrobium,28,8,16,2,0.2857142857142857,0.5714285714285714,0.07142857142857142,likely_host_associated
Ureibacillus,21,6,11,4,0.2857142857142857,0.5238095238095238,0.19047619047619047,likely_host_associated
Spiribacter,7,2,0,0,0.2857142857142857,0.0,0.0,mixed_or_uncertain
Propionivibrio,7,2,1,0,0.2857142857142857,0.14285714285714285,0.0,mixed_or_uncertain
Aquamicrobium,7,2,1,4,0.2857142857142857,0.14285714285714285,0.5714285714285714,mixed_or_uncertain
Cellulomonas,42,12,22,7,0.2857142857142857,0.5238095238095238,0.16666666666666666,likely_host_associated
Sulfobacillus,7,2,0,2,0.2857142857142857,0.0,0.2857142857142857,mixed_or_uncertain
Salinisphaera,7,2,1,0,0.2857142857142857,0.14285714285714285,0.0,mixed_or_uncertain
Salinivibrio,7,2,1,2,0.2857142857142857,0.14285714285714285,0.2857142857142857,mixed_or_uncertain
Azospira,7,2,4,1,0.2857142857142857,0.5714285714285714,0.14285714285714285,likely_host_associated
Microcella,7,2,1,1,0.2857142857142857,0.14285714285714285,0.14285714285714285,mixed_or_uncertain
Paenibacillus,483,136,218,116,0.2815734989648033,0.45134575569358176,0.2401656314699793,likely_host_associated
Herminiimonas,11,3,4,4,0.2727272727272727,0.36363636363636365,0.36363636363636365,mixed_or_uncertain
Buttiauxella,22,6,16,0,0.2727272727272727,0.7272727272727273,0.0,highly_likely_host_associated
Desulfonatronum,11,3,0,0,0.2727272727272727,0.0,0.0,mixed_or_uncertain
Bacillus,848,230,263,331,0.27122641509433965,0.31014150943396224,0.3903301886792453,mixed_or_uncertain
Microbacterium,251,68,117,60,0.27091633466135456,0.46613545816733065,0.23904382470119523,likely_host_associated
Rahnella,15,4,11,0,0.26666666666666666,0.7333333333333333,0.0,highly_likely_host_associated
Streptomonospora,15,4,0,0,0.26666666666666666,0.0,0.0,mixed_or_uncertain
Herbaspirillum,45,12,29,3,0.26666666666666666,0.6444444444444445,0.06666666666666667,highly_likely_host_associated
Dermacoccus,15,4,0,11,0.26666666666666666,0.0,0.7333333333333333,mixed_or_uncertain
Psychrobacillus,15,4,4,7,0.26666666666666666,0.26666666666666666,0.4666666666666667,mixed_or_uncertain
Microlunatus,23,6,13,4,0.2608695652173913,0.5652173913043478,0.17391304347826086,likely_host_associated
Thermus,31,8,1,0,0.25806451612903225,0.03225806451612903,0.0,mixed_or_uncertain
Oceanobacillus,31,8,9,7,0.25806451612903225,0.2903225806451613,0.22580645161290322,mixed_or_uncertain
Tsukamurella,39,10,27,2,0.2564102564102564,0.6923076923076923,0.05128205128205128,highly_likely_host_associated
Nocardia,259,65,175,15,0.25096525096525096,0.6756756756756757,0.05791505791505792,highly_likely_host_associated
Natronomonas,4,1,0,0,0.25,0.0,0.0,mixed_or_uncertain
Pullulanibacillus,4,1,0,3,0.25,0.0,0.75,mixed_or_uncertain
Kineosporia,8,2,6,0,0.25,0.75,0.0,highly_likely_host_associated
Romboutsia,4,1,3,0,0.25,0.75,0.0,highly_likely_host_associated
Glaciimonas,4,1,0,0,0.25,0.0,0.0,mixed_or_uncertain
Fusibacter,4,1,0,1,0.25,0.0,0.25,mixed_or_uncertain
Enteractinococcus,4,1,3,0,0.25,0.75,0.0,highly_likely_host_associated
Wautersia,4,1,3,0,0.25,0.75,0.0,highly_likely_host_associated
Methylovorus,4,1,3,0,0.25,0.75,0.0,highly_likely_host_associated
Rhizomicrobium,4,1,3,0,0.25,0.75,0.0,highly_likely_host_associated
Methanothrix,8,2,0,2,0.25,0.0,0.25,mixed_or_uncertain
Nitratidesulfovibrio,16,4,11,0,0.25,0.6875,0.0,highly_likely_host_associated
Afifella,4,1,2,1,0.25,0.5,0.25,likely_host_associated
Caldibacillus,4,1,2,1,0.25,0.5,0.25,likely_host_associated
Jeotgalicoccus,8,2,3,2,0.25,0.375,0.25,mixed_or_uncertain
Acidiphilium,8,2,1,1,0.25,0.125,0.125,mixed_or_uncertain
Daejeonella,4,1,2,1,0.25,0.5,0.25,likely_host_associated
Thermobifida,8,2,0,4,0.25,0.0,0.5,mixed_or_uncertain
Balneatrix,4,1,3,0,0.25,0.75,0.0,highly_likely_host_associated
Thermotoga,8,2,0,0,0.25,0.0,0.0,mixed_or_uncertain
Methylocystis,4,1,1,0,0.25,0.25,0.0,mixed_or_uncertain
Telmatospirillum,4,1,0,0,0.25,0.0,0.0,mixed_or_uncertain
Formosa,4,1,3,0,0.25,0.75,0.0,highly_likely_host_associated
Piscinibacter,4,1,1,2,0.25,0.25,0.5,mixed_or_uncertain
Pseudochelatococcus,4,1,1,2,0.25,0.25,0.5,mixed_or_uncertain
Pseudochrobactrum,4,1,1,2,0.25,0.25,0.5,mixed_or_uncertain
Runella,8,2,1,5,0.25,0.125,0.625,mixed_or_uncertain
Faecalicatena,8,2,6,0,0.25,0.75,0.0,highly_likely_host_associated
Enterovibrio,4,1,3,0,0.25,0.75,0.0,highly_likely_host_associated
Dichotomicrobium,4,1,0,0,0.25,0.0,0.0,mixed_or_uncertain
Salinicola,8,2,3,1,0.25,0.375,0.125,mixed_or_uncertain
Caminibacter,4,1,0,0,0.25,0.0,0.0,mixed_or_uncertain
Anoxybacteroides,4,1,1,1,0.25,0.25,0.25,mixed_or_uncertain
Halorhodospira,4,1,0,0,0.25,0.0,0.0,mixed_or_uncertain
Flexivirga,4,1,3,0,0.25,0.75,0.0,highly_likely_host_associated
Sporotomaculum,4,1,1,0,0.25,0.25,0.0,mixed_or_uncertain
Alteribacillus,4,1,0,0,0.25,0.0,0.0,mixed_or_uncertain
Anaerocolumna,4,1,1,1,0.25,0.25,0.25,mixed_or_uncertain
Humibacter,4,1,2,1,0.25,0.5,0.25,likely_host_associated
Paraliobacillus,4,1,2,0,0.25,0.5,0.0,likely_host_associated
Cecembia,4,1,0,0,0.25,0.0,0.0,mixed_or_uncertain
Taibaiella,4,1,3,0,0.25,0.75,0.0,highly_likely_host_associated
Sulfurihydrogenibium,4,1,0,0,0.25,0.0,0.0,mixed_or_uncertain
Sulfurovum,4,1,1,0,0.25,0.25,0.0,mixed_or_uncertain
Acidocella,4,1,1,1,0.25,0.25,0.25,mixed_or_uncertain
Methanobacterium,69,17,29,6,0.2463768115942029,0.42028985507246375,0.08695652173913043,likely_host_associated
Pseudomonas,895,219,535,128,0.2446927374301676,0.5977653631284916,0.1430167597765363,likely_host_associated
Halobacillus,41,10,2,0,0.24390243902439024,0.04878048780487805,0.0,mixed_or_uncertain
Alicyclobacillus,37,9,9,5,0.24324324324324326,0.24324324324324326,0.13513513513513514,mixed_or_uncertain
Azospirillum,37,9,22,5,0.24324324324324326,0.5945945945945946,0.13513513513513514,likely_host_associated
Acidovorax,111,27,72,12,0.24324324324324326,0.6486486486486487,0.10810810810810811,highly_likely_host_associated
Psychrobacter,117,28,72,12,0.23931623931623933,0.6153846153846154,0.10256410256410256,highly_likely_host_associated
Actinopolyspora,21,5,0,1,0.23809523809523808,0.0,0.047619047619047616,mixed_or_uncertain
Carnobacterium,38,9,17,11,0.23684210526315788,0.4473684210526316,0.2894736842105263,likely_host_associated
Nannocystis,1154,271,876,4,0.23483535528596186,0.7590987868284229,0.0034662045060658577,highly_likely_host_associated
Myxococcus,920,214,692,1,0.2326086956521739,0.7521739130434782,0.0010869565217391304,highly_likely_host_associated
Methylophilus,13,3,8,2,0.23076923076923078,0.6153846153846154,0.15384615384615385,highly_likely_host_associated
Gluconacetobacter,13,3,5,4,0.23076923076923078,0.38461538461538464,0.3076923076923077,mixed_or_uncertain
Duganella,13,3,8,1,0.23076923076923078,0.6153846153846154,0.07692307692307693,highly_likely_host_associated
Peribacillus,57,13,12,30,0.22807017543859648,0.21052631578947367,0.5263157894736842,mixed_or_uncertain
Corallococcus,1617,368,1244,1,0.22758194186765615,0.769325912183055,0.0006184291898577613,highly_likely_host_associated
Methylobacillus,9,2,6,1,0.2222222222222222,0.6666666666666666,0.1111111111111111,highly_likely_host_associated
Brachybacterium,36,8,13,14,0.2222222222222222,0.3611111111111111,0.3888888888888889,mixed_or_uncertain
Phyllobacterium,9,2,5,1,0.2222222222222222,0.5555555555555556,0.1111111111111111,likely_host_associated
Chromohalobacter,9,2,1,1,0.2222222222222222,0.1111111111111111,0.1111111111111111,mixed_or_uncertain
Roseivivax,9,2,4,0,0.2222222222222222,0.4444444444444444,0.0,likely_host_associated
Methanohalophilus,9,2,1,0,0.2222222222222222,0.1111111111111111,0.0,mixed_or_uncertain
unclassified,95,21,62,5,0.22105263157894736,0.6526315789473685,0.05263157894736842,highly_likely_host_associated
Aneurinibacillus,14,3,3,0,0.21428571428571427,0.21428571428571427,0.0,mixed_or_uncertain
Methylobacterium,141,30,75,35,0.2127659574468085,0.5319148936170213,0.24822695035460993,likely_host_associated
Herpetosiphon,253,51,199,2,0.2015810276679842,0.7865612648221344,0.007905138339920948,highly_likely_host_associated
Thiomicrorhabdus,5,1,2,0,0.2,0.4,0.0,likely_host_associated
Calidithermus,5,1,0,0,0.2,0.0,0.0,mixed_or_uncertain
Plantibacter,5,1,4,0,0.2,0.8,0.0,highly_likely_host_associated
Rubritalea,5,1,4,0,0.2,0.8,0.0,highly_likely_host_associated
Advenella,10,2,6,2,0.2,0.6,0.2,highly_likely_host_associated
Terrisporobacter,5,1,3,1,0.2,0.6,0.2,highly_likely_host_associated
Thauera,20,4,0,12,0.2,0.0,0.6,mixed_or_uncertain
Pseudothermotoga,5,1,0,2,0.2,0.0,0.4,mixed_or_uncertain
Lampropedia,5,1,3,1,0.2,0.6,0.2,highly_likely_host_associated
Halobellus,5,1,0,0,0.2,0.0,0.0,mixed_or_uncertain
Cronobacter,25,5,15,5,0.2,0.6,0.2,highly_likely_host_associated
Anaerobranca,5,1,0,0,0.2,0.0,0.0,mixed_or_uncertain
Actinopolymorpha,5,1,3,0,0.2,0.6,0.0,highly_likely_host_associated
Oxalicibacterium,5,1,3,1,0.2,0.6,0.2,highly_likely_host_associated
Aliiroseovarius,5,1,3,1,0.2,0.6,0.2,highly_likely_host_associated
Azoarcus,5,1,1,2,0.2,0.2,0.4,mixed_or_uncertain
Desulfurobacterium,5,1,0,0,0.2,0.0,0.0,mixed_or_uncertain
Halopiger,5,1,0,0,0.2,0.0,0.0,mixed_or_uncertain
Carboxydocella,5,1,1,0,0.2,0.2,0.0,mixed_or_uncertain
Rhizobacter,5,1,4,0,0.2,0.8,0.0,highly_likely_host_associated
Arsenicicoccus,5,1,3,1,0.2,0.6,0.2,highly_likely_host_associated
Gryllotalpicola,5,1,4,0,0.2,0.8,0.0,highly_likely_host_associated
Desulfurococcus,5,1,0,0,0.2,0.0,0.0,mixed_or_uncertain
Anaerosalibacter,5,1,4,0,0.2,0.8,0.0,highly_likely_host_associated
Methanocorpusculum,5,1,0,2,0.2,0.0,0.4,mixed_or_uncertain
Chryseobacterium,193,37,139,16,0.19170984455958548,0.7202072538860104,0.08290155440414508,highly_likely_host_associated
Aeromonas,178,34,123,18,0.19101123595505617,0.6910112359550562,0.10112359550561797,highly_likely_host_associated
Thermococcus,32,6,0,0,0.1875,0.0,0.0,mixed_or_uncertain
Chondromyces,16,3,13,0,0.1875,0.8125,0.0,highly_likely_host_associated
Lysinibacillus,43,8,26,8,0.18604651162790697,0.6046511627906976,0.18604651162790697,highly_likely_host_associated
Dietzia,54,10,21,21,0.18518518518518517,0.3888888888888889,0.3888888888888889,mixed_or_uncertain
Paraclostridium,11,2,5,4,0.18181818181818182,0.45454545454545453,0.36363636363636365,likely_host_associated
Ornithinibacillus,11,2,2,3,0.18181818181818182,0.18181818181818182,0.2727272727272727,mixed_or_uncertain
Ralstonia,113,20,80,12,0.17699115044247787,0.7079646017699115,0.10619469026548672,highly_likely_host_associated
Melittangium,51,9,42,0,0.17647058823529413,0.8235294117647058,0.0,highly_likely_host_associated
Natrinema,17,3,0,2,0.17647058823529413,0.0,0.11764705882352941,mixed_or_uncertain
Kroppenstedtia,6,1,3,2,0.16666666666666666,0.5,0.3333333333333333,likely_host_associated
Alkalihalobacillus,6,1,4,0,0.16666666666666666,0.6666666666666666,0.0,highly_likely_host_associated
Anaerotignum,6,1,3,1,0.16666666666666666,0.5,0.16666666666666666,likely_host_associated
Ewingella,6,1,5,0,0.16666666666666666,0.8333333333333334,0.0,highly_likely_host_associated
Vibrio,402,67,311,23,0.16666666666666666,0.7736318407960199,0.05721393034825871,highly_likely_host_associated
Neorhizobium,6,1,4,0,0.16666666666666666,0.6666666666666666,0.0,highly_likely_host_associated
Robertmurraya,12,2,6,4,0.16666666666666666,0.5,0.3333333333333333,likely_host_associated
Halothiobacillus,6,1,0,1,0.16666666666666666,0.0,0.16666666666666666,mixed_or_uncertain
Pseudolactococcus,6,1,4,0,0.16666666666666666,0.6666666666666666,0.0,highly_likely_host_associated
Blastopirellula,6,1,5,0,0.16666666666666666,0.8333333333333334,0.0,highly_likely_host_associated
Hathewaya,6,1,5,0,0.16666666666666666,0.8333333333333334,0.0,highly_likely_host_associated
Hydrogenophilus,6,1,0,1,0.16666666666666666,0.0,0.16666666666666666,mixed_or_uncertain
Desulfurella,6,1,0,1,0.16666666666666666,0.0,0.16666666666666666,mixed_or_uncertain
Phaeobacter,12,2,9,1,0.16666666666666666,0.75,0.08333333333333333,highly_likely_host_associated
Methanobinarius,6,1,1,2,0.16666666666666666,0.16666666666666666,0.3333333333333333,mixed_or_uncertain
Thermodesulfovibrio,6,1,0,0,0.16666666666666666,0.0,0.0,mixed_or_uncertain
Trinickia,6,1,5,0,0.16666666666666666,0.8333333333333334,0.0,highly_likely_host_associated
Cystobacter,211,34,174,3,0.16113744075829384,0.8246445497630331,0.014218009478672985,highly_likely_host_associated
Mycobacterium,443,71,355,16,0.16027088036117382,0.801354401805869,0.03611738148984198,highly_likely_host_associated
Kluyvera,25,4,17,4,0.16,0.68,0.16,highly_likely_host_associated
Agrobacterium,50,8,33,7,0.16,0.66,0.14,highly_likely_host_associated
Clostridium,454,72,300,48,0.15859030837004406,0.6607929515418502,0.10572687224669604,highly_likely_host_associated
Thermoactinomyces,32,5,16,9,0.15625,0.5,0.28125,likely_host_associated
Sporocytophaga,104,16,85,1,0.15384615384615385,0.8173076923076923,0.009615384615384616,highly_likely_host_associated
Heyndrickxia,13,2,7,4,0.15384615384615385,0.5384615384615384,0.3076923076923077,likely_host_associated
Brucella,87,13,61,12,0.14942528735632185,0.7011494252873564,0.13793103448275862,highly_likely_host_associated
Ruminiclostridium,7,1,5,1,0.14285714285714285,0.7142857142857143,0.14285714285714285,highly_likely_host_associated
Hyphomonas,7,1,2,0,0.14285714285714285,0.2857142857142857,0.0,mixed_or_uncertain
Rhodothermus,7,1,0,0,0.14285714285714285,0.0,0.0,mixed_or_uncertain
Marinitoga,7,1,0,0,0.14285714285714285,0.0,0.0,mixed_or_uncertain
Natronorubrum,7,1,0,0,0.14285714285714285,0.0,0.0,mixed_or_uncertain
Kofleria,7,1,6,0,0.14285714285714285,0.8571428571428571,0.0,highly_likely_host_associated
Simplicispira,7,1,3,2,0.14285714285714285,0.42857142857142855,0.2857142857142857,likely_host_associated
Rhizobium,102,14,82,5,0.13725490196078433,0.803921568627451,0.049019607843137254,highly_likely_host_associated
Polyangium,191,26,165,0,0.13612565445026178,0.8638743455497382,0.0,highly_likely_host_associated
Sorangium,1600,217,1376,0,0.135625,0.86,0.0,highly_likely_host_associated
Brevibacillus,59,8,30,16,0.13559322033898305,0.5084745762711864,0.2711864406779661,likely_host_associated
Serratia,130,17,98,13,0.13076923076923078,0.7538461538461538,0.1,highly_likely_host_associated
Aureimonas,23,3,13,7,0.13043478260869565,0.5652173913043478,0.30434782608695654,likely_host_associated
Leifsonia,54,7,37,10,0.12962962962962962,0.6851851851851852,0.18518518518518517,highly_likely_host_associated
Nostocoides,8,1,1,6,0.125,0.125,0.75,mixed_or_uncertain
Solidesulfovibrio,8,1,2,3,0.125,0.25,0.375,mixed_or_uncertain
Lederbergia,8,1,4,3,0.125,0.5,0.375,likely_host_associated
Kytococcus,16,2,10,4,0.125,0.625,0.25,highly_likely_host_associated
Halobacterium,8,1,0,1,0.125,0.0,0.125,mixed_or_uncertain
Pseudoclavibacter,8,1,4,3,0.125,0.5,0.375,likely_host_associated
Achromobacter,147,18,121,7,0.12244897959183673,0.8231292517006803,0.047619047619047616,highly_likely_host_associated
Pandoraea,49,6,39,3,0.12244897959183673,0.7959183673469388,0.061224489795918366,highly_likely_host_associated
Brevibacterium,115,14,83,15,0.12173913043478261,0.7217391304347827,0.13043478260869565,highly_likely_host_associated
Cytobacillus,17,2,7,6,0.11764705882352941,0.4117647058823529,0.35294117647058826,likely_host_associated
Kushneria,9,1,5,2,0.1111111111111111,0.5555555555555556,0.2222222222222222,likely_host_associated
Salinicoccus,18,2,1,4,0.1111111111111111,0.05555555555555555,0.2222222222222222,mixed_or_uncertain
Tatumella,9,1,8,0,0.1111111111111111,0.8888888888888888,0.0,highly_likely_host_associated
Acinetobacter,323,35,233,54,0.10835913312693499,0.7213622291021672,0.16718266253869968,highly_likely_host_associated
Eubacterium,37,4,31,0,0.10810810810810811,0.8378378378378378,0.0,highly_likely_host_associated
Lacinutrix,10,1,9,0,0.1,0.9,0.0,highly_likely_host_associated
Haloarcula,10,1,0,3,0.1,0.0,0.3,mixed_or_uncertain
Lelliottia,10,1,5,4,0.1,0.5,0.4,likely_host_associated
Burkholderia,367,36,317,13,0.09809264305177112,0.8637602179836512,0.035422343324250684,highly_likely_host_associated
Thermoanaerobacterium,21,2,4,1,0.09523809523809523,0.19047619047619047,0.047619047619047616,mixed_or_uncertain
Arcobacter,53,5,45,2,0.09433962264150944,0.8490566037735849,0.03773584905660377,highly_likely_host_associated
Listeria,141,13,88,40,0.09219858156028368,0.624113475177305,0.28368794326241137,highly_likely_host_associated
Enterobacter,120,11,100,9,0.09166666666666666,0.8333333333333334,0.075,highly_likely_host_associated
Alcaligenes,33,3,23,7,0.09090909090909091,0.696969696969697,0.21212121212121213,highly_likely_host_associated
Yersinia,154,14,128,12,0.09090909090909091,0.8311688311688312,0.07792207792207792,highly_likely_host_associated
Francisella,22,2,20,0,0.09090909090909091,0.9090909090909091,0.0,highly_likely_host_associated
Propionibacterium,11,1,7,3,0.09090909090909091,0.6363636363636364,0.2727272727272727,highly_likely_host_associated
Riemerella,11,1,10,0,0.09090909090909091,0.9090909090909091,0.0,highly_likely_host_associated
Acetivibrio,11,1,4,2,0.09090909090909091,0.36363636363636365,0.18181818181818182,mixed_or_uncertain
Leucobacter,34,3,16,15,0.08823529411764706,0.47058823529411764,0.4411764705882353,likely_host_associated
Meiothermus,12,1,0,0,0.08333333333333333,0.0,0.0,mixed_or_uncertain
Caldicellulosiruptor,12,1,0,0,0.08333333333333333,0.0,0.0,mixed_or_uncertain
Mesorhizobium,50,4,46,0,0.08,0.92,0.0,highly_likely_host_associated
Myroides,89,7,79,3,0.07865168539325842,0.8876404494382022,0.033707865168539325,highly_likely_host_associated
Thioalkalivibrio,13,1,0,1,0.07692307692307693,0.0,0.07692307692307693,mixed_or_uncertain
Rothia,148,11,117,19,0.07432432432432433,0.7905405405405406,0.12837837837837837,highly_likely_host_associated
Actinomycetospora,14,1,9,0,0.07142857142857142,0.6428571428571429,0.0,highly_likely_host_associated
Acetobacter,28,2,16,9,0.07142857142857142,0.5714285714285714,0.32142857142857145,likely_host_associated
Lentibacillus,14,1,1,4,0.07142857142857142,0.07142857142857142,0.2857142857142857,mixed_or_uncertain
Stigmatella,102,7,95,0,0.06862745098039216,0.9313725490196079,0.0,highly_likely_host_associated
Stenotrophomonas,178,12,129,37,0.06741573033707865,0.7247191011235955,0.20786516853932585,highly_likely_host_associated
Moellerella,15,1,9,5,0.06666666666666667,0.6,0.3333333333333333,highly_likely_host_associated
Roseomonas,49,3,35,11,0.061224489795918366,0.7142857142857143,0.22448979591836735,highly_likely_host_associated
Lacrimispora,17,1,11,3,0.058823529411764705,0.6470588235294118,0.17647058823529413,highly_likely_host_associated
Tetragenococcus,17,1,11,4,0.058823529411764705,0.6470588235294118,0.23529411764705882,highly_likely_host_associated
Micrococcus,190,11,34,144,0.05789473684210526,0.17894736842105263,0.7578947368421053,mixed_or_uncertain
Klebsiella,282,16,251,13,0.05673758865248227,0.8900709219858156,0.04609929078014184,highly_likely_host_associated
Vagococcus,18,1,13,4,0.05555555555555555,0.7222222222222222,0.2222222222222222,highly_likely_host_associated
Liquorilactobacillus,18,1,6,11,0.05555555555555555,0.3333333333333333,0.6111111111111112,mixed_or_uncertain
Alkalibacterium,19,1,4,10,0.05263157894736842,0.21052631578947367,0.5263157894736842,mixed_or_uncertain
Rathayibacter,19,1,18,0,0.05263157894736842,0.9473684210526315,0.0,highly_likely_host_associated
Ensifer,39,2,37,0,0.05128205128205128,0.9487179487179487,0.0,highly_likely_host_associated
Elizabethkingia,79,4,70,5,0.05063291139240506,0.8860759493670886,0.06329113924050633,highly_likely_host_associated
Pantoea,60,3,51,6,0.05,0.85,0.1,highly_likely_host_associated
Dickeya,20,1,19,0,0.05,0.95,0.0,highly_likely_host_associated
Enterococcus,406,20,355,31,0.04926108374384237,0.874384236453202,0.07635467980295567,highly_likely_host_associated
Peptostreptococcus,21,1,20,0,0.047619047619047616,0.9523809523809523,0.0,highly_likely_host_associated
Treponema,22,1,20,0,0.045454545454545456,0.9090909090909091,0.0,highly_likely_host_associated
Companilactobacillus,28,1,6,21,0.03571428571428571,0.21428571428571427,0.75,mixed_or_uncertain
Staphylococcus,860,28,614,218,0.03255813953488372,0.713953488372093,0.2534883720930233,highly_likely_host_associated
Citrobacter,123,4,108,10,0.032520325203252036,0.8780487804878049,0.08130081300813008,highly_likely_host_associated
Escherichia,502,16,468,17,0.03187250996015936,0.9322709163346613,0.03386454183266932,highly_likely_host_associated
Leuconostoc,68,2,45,20,0.029411764705882353,0.6617647058823529,0.29411764705882354,highly_likely_host_associated
Aerococcus,106,3,96,7,0.02830188679245283,0.9056603773584906,0.0660377358490566,highly_likely_host_associated
Erwinia,38,1,37,0,0.02631578947368421,0.9736842105263158,0.0,highly_likely_host_associated
Bordetella,165,4,160,1,0.024242424242424242,0.9696969696969697,0.006060606060606061,highly_likely_host_associated
Myxococcales,42,1,41,0,0.023809523809523808,0.9761904761904762,0.0,highly_likely_host_associated
Proteus,46,1,41,4,0.021739130434782608,0.8913043478260869,0.08695652173913043,highly_likely_host_associated
Providencia,46,1,45,0,0.021739130434782608,0.9782608695652174,0.0,highly_likely_host_associated
Weissella,49,1,33,15,0.02040816326530612,0.673469387755102,0.30612244897959184,highly_likely_host_associated
Corynebacterium,808,15,703,88,0.018564356435643563,0.870049504950495,0.10891089108910891,highly_likely_host_associated
Campylobacter,644,11,632,1,0.017080745341614908,0.9813664596273292,0.0015527950310559005,highly_likely_host_associated
Moraxella,262,3,252,7,0.011450381679389313,0.9618320610687023,0.026717557251908396,highly_likely_host_associated
Xanthomonas,103,1,100,2,0.009708737864077669,0.970873786407767,0.019417475728155338,highly_likely_host_associated
Bifidobacterium,222,2,209,11,0.009009009009009009,0.9414414414414415,0.04954954954954955,highly_likely_host_associated
Schaalia,189,1,188,0,0.005291005291005291,0.9947089947089947,0.0,highly_likely_host_associated
Lactobacillus,413,2,372,36,0.004842615012106538,0.9007263922518159,0.08716707021791767,highly_likely_host_associated
Streptococcus,1386,3,1365,16,0.0021645021645021645,0.9848484848484849,0.011544011544011544,highly_likely_host_associated
Aminipila,1,0,0,1,0.0,0.0,1.0,mixed_or_uncertain
Aminivibrio,1,0,1,0,0.0,1.0,0.0,highly_likely_host_associated
Faecalitalea,1,0,1,0,0.0,1.0,0.0,highly_likely_host_associated
Faecalispora,1,0,1,0,0.0,1.0,0.0,highly_likely_host_associated
Faecalimonas,1,0,1,0,0.0,1.0,0.0,highly_likely_host_associated
Faecalimicrobium,1,0,1,0,0.0,1.0,0.0,highly_likely_host_associated
Faecalicoccus,4,0,4,0,0.0,1.0,0.0,highly_likely_host_associated
Aminomonas,1,0,0,0,0.0,0.0,0.0,mixed_or_uncertain
Faecalibaculum,1,0,1,0,0.0,1.0,0.0,highly_likely_host_associated
Faecalibacterium,6,0,5,1,0.0,0.8333333333333334,0.16666666666666666,highly_likely_host_associated
Inconstantimicrobium,1,0,1,0,0.0,1.0,0.0,highly_likely_host_associated
Imhoffiella,1,0,0,0,0.0,0.0,0.0,mixed_or_uncertain
Ileibacterium,1,0,1,0,0.0,1.0,0.0,highly_likely_host_associated
Ignisphaera,1,0,0,0,0.0,0.0,0.0,mixed_or_uncertain
Ignavigranum,4,0,4,0,0.0,1.0,0.0,highly_likely_host_associated
Aminobacterium,3,0,0,0,0.0,0.0,0.0,mixed_or_uncertain
Simkania,1,0,1,0,0.0,1.0,0.0,highly_likely_host_associated
Amedibacillus,1,0,1,0,0.0,1.0,0.0,highly_likely_host_associated
Siminovitchia,6,0,2,4,0.0,0.3333333333333333,0.6666666666666666,mixed_or_uncertain
Silicimonas,1,0,1,0,0.0,1.0,0.0,highly_likely_host_associated
Silanimonas,3,0,2,0,0.0,0.6666666666666666,0.0,highly_likely_host_associated
Aminicella,1,0,0,0,0.0,0.0,0.0,mixed_or_uncertain
Siccibacter,3,0,3,0,0.0,1.0,0.0,highly_likely_host_associated
Shuttleworthella,1,0,1,0,0.0,1.0,0.0,highly_likely_host_associated
Falcatimonas,1,0,1,0,0.0,1.0,0.0,highly_likely_host_associated
Shigella,32,0,32,0,0.0,1.0,0.0,highly_likely_host_associated
Aminiphilus,1,0,0,0,0.0,0.0,0.0,mixed_or_uncertain
Fastidiosipila,2,0,2,0,0.0,1.0,0.0,highly_likely_host_associated
Fannyhessea,11,0,11,0,0.0,1.0,0.0,highly_likely_host_associated
Falsochrobactrum,1,0,1,0,0.0,1.0,0.0,highly_likely_host_associated
Falsiporphyromonas,1,0,1,0,0.0,1.0,0.0,highly_likely_host_associated
Falsigemmobacter,1,0,1,0,0.0,1.0,0.0,highly_likely_host_associated
Falsarthrobacter,1,0,1,0,0.0,1.0,0.0,highly_likely_host_associated
Shimwellia,3,0,3,0,0.0,1.0,0.0,highly_likely_host_associated
Stenoxybacter,1,0,1,0,0.0,1.0,0.0,highly_likely_host_associated
Segniliparus,4,0,4,0,0.0,1.0,0.0,highly_likely_host_associated
Steroidobacter,1,0,0,0,0.0,0.0,0.0,mixed_or_uncertain
Sterolibacterium,1,0,0,1,0.0,0.0,1.0,mixed_or_uncertain
Sediminimonas,2,0,0,0,0.0,0.0,0.0,mixed_or_uncertain
Secundilactobacillus,15,0,8,7,0.0,0.5333333333333333,0.4666666666666667,likely_host_associated
Sebaldella,2,0,2,0,0.0,1.0,0.0,highly_likely_host_associated
Ignavibacterium,1,0,1,0,0.0,1.0,0.0,highly_likely_host_associated
Anthropogastromicrobium,1,0,1,0,0.0,1.0,0.0,highly_likely_host_associated
Stomatobaculum,1,0,1,0,0.0,1.0,0.0,highly_likely_host_associated
Anseongella,1,0,1,0,0.0,1.0,0.0,highly_likely_host_associated
Anoxybacter,1,0,0,0,0.0,0.0,0.0,mixed_or_uncertain
Anaerovibrio,2,0,2,0,0.0,1.0,0.0,highly_likely_host_associated
Annwoodia,1,0,0,0,0.0,0.0,0.0,mixed_or_uncertain
Andreesenia,1,0,0,1,0.0,0.0,1.0,mixed_or_uncertain
Anaerovirgula,1,0,0,0,0.0,0.0,0.0,mixed_or_uncertain
Scrofimicrobium,1,0,1,0,0.0,1.0,0.0,highly_likely_host_associated
Ammonifex,2,0,0,0,0.0,0.0,0.0,mixed_or_uncertain
Ignatzschineria,6,0,6,0,0.0,1.0,0.0,highly_likely_host_associated
Ammoniphilus,3,0,3,0,0.0,1.0,0.0,highly_likely_host_associated
Ichthyobacterium,1,0,1,0,0.0,1.0,0.0,highly_likely_host_associated
Iamia,1,0,1,0,0.0,1.0,0.0,highly_likely_host_associated
Flavipsychrobacter,1,0,0,0,0.0,0.0,0.0,mixed_or_uncertain
Sharpea,3,0,3,0,0.0,1.0,0.0,highly_likely_host_associated
Serpentinicella,1,0,0,0,0.0,0.0,0.0,mixed_or_uncertain
Seleniivibrio,1,0,0,1,0.0,0.0,1.0,mixed_or_uncertain
Serinibacter,1,0,1,0,0.0,1.0,0.0,highly_likely_host_associated
Seonamhaeicola,2,0,2,0,0.0,1.0,0.0,highly_likely_host_associated
Senegalimassilia,1,0,1,0,0.0,1.0,0.0,highly_likely_host_associated
Senegalia,1,0,1,0,0.0,1.0,0.0,highly_likely_host_associated
Seminibacterium,1,0,1,0,0.0,1.0,0.0,highly_likely_host_associated
Sellimonas,1,0,1,0,0.0,1.0,0.0,highly_likely_host_associated
Stecheria,1,0,1,0,0.0,1.0,0.0,highly_likely_host_associated
Selenomonas,14,0,14,0,0.0,1.0,0.0,highly_likely_host_associated
Serpens,1,0,1,0,0.0,1.0,0.0,highly_likely_host_associated
Slackia,11,0,11,0,0.0,1.0,0.0,highly_likely_host_associated
Allorhizobium,6,0,5,1,0.0,0.8333333333333334,0.16666666666666666,highly_likely_host_associated
Allosalinactinospora,1,0,0,0,0.0,0.0,0.0,mixed_or_uncertain
Alloscardovia,23,0,23,0,0.0,1.0,0.0,highly_likely_host_associated
Anaeromusa,1,0,0,0,0.0,0.0,0.0,mixed_or_uncertain
Allosphingosinicella,2,0,0,2,0.0,0.0,1.0,mixed_or_uncertain
Anaeromicropila,2,0,1,1,0.0,0.5,0.5,likely_host_associated
Simonsiella,2,0,2,0,0.0,1.0,0.0,highly_likely_host_associated
Anaeromassilibacillus,2,0,2,0,0.0,1.0,0.0,highly_likely_host_associated
Anaerolinea,2,0,0,0,0.0,0.0,0.0,mixed_or_uncertain
Anaerofustis,2,0,2,0,0.0,1.0,0.0,highly_likely_host_associated
Alpinimonas,1,0,0,0,0.0,0.0,0.0,mixed_or_uncertain
Alteribacter,2,0,1,0,0.0,0.5,0.0,likely_host_associated
Anaerococcus,40,0,40,0,0.0,1.0,0.0,highly_likely_host_associated
Anaerocellum,1,0,0,0,0.0,0.0,0.0,mixed_or_uncertain
Flavimarina,1,0,1,0,0.0,1.0,0.0,highly_likely_host_associated
Allostreptomyces,1,0,1,0,0.0,1.0,0.0,highly_likely_host_associated
Spongiactinospora,2,0,1,0,0.0,0.5,0.0,likely_host_associated
Spiroplasma,31,0,31,0,0.0,1.0,0.0,highly_likely_host_associated
Spongiispira,1,0,1,0,0.0,1.0,0.0,highly_likely_host_associated
Sphaerophorus,1,0,1,0,0.0,1.0,0.0,highly_likely_host_associated
Sphaerochaeta,4,0,2,0,0.0,0.5,0.0,likely_host_associated
Sphaerobacter,1,0,0,0,0.0,0.0,0.0,mixed_or_uncertain
Spongitalea,1,0,1,0,0.0,1.0,0.0,highly_likely_host_associated
Solobacterium,3,0,3,0,0.0,1.0,0.0,highly_likely_host_associated
Sporobacterium,1,0,0,0,0.0,0.0,0.0,mixed_or_uncertain
Soehngenia,1,0,0,0,0.0,0.0,0.0,mixed_or_uncertain
Sodalis,2,0,2,0,0.0,1.0,0.0,highly_likely_host_associated
Sporanaerobacter,1,0,0,0,0.0,0.0,0.0,mixed_or_uncertain
Snodgrassella,1,0,1,0,0.0,1.0,0.0,highly_likely_host_associated
Sneathia,13,0,13,0,0.0,1.0,0.0,highly_likely_host_associated
Smithella,1,0,0,0,0.0,0.0,0.0,mixed_or_uncertain
Sporobacter,1,0,1,0,0.0,1.0,0.0,highly_likely_host_associated
Smaragdicoccus,1,0,0,1,0.0,0.0,1.0,mixed_or_uncertain
Solirubrobacter,3,0,3,0,0.0,1.0,0.0,highly_likely_host_associated
Hominimerdicola,1,0,1,0,0.0,1.0,0.0,highly_likely_host_associated
Holzapfeliella,1,0,1,0,0.0,1.0,0.0,highly_likely_host_associated
Anaerocella,1,0,0,0,0.0,0.0,0.0,mixed_or_uncertain
Anaerobutyricum,3,0,3,0,0.0,1.0,0.0,highly_likely_host_associated
Anaerobium,1,0,0,0,0.0,0.0,0.0,mixed_or_uncertain
Anaerobiospirillum,3,0,3,0,0.0,1.0,0.0,highly_likely_host_associated
Alysiella,2,0,2,0,0.0,1.0,0.0,highly_likely_host_associated
Finegoldia,21,0,20,1,0.0,0.9523809523809523,0.047619047619047616,highly_likely_host_associated
Anaeroarcus,1,0,1,0,0.0,1.0,0.0,highly_likely_host_associated
Amylolactobacillus,2,0,2,0,0.0,1.0,0.0,highly_likely_host_associated
Amphritea,3,0,2,0,0.0,0.6666666666666666,0.0,highly_likely_host_associated
Amorphus,3,0,2,0,0.0,0.6666666666666666,0.0,highly_likely_host_associated
Amantichitinum,1,0,1,0,0.0,1.0,0.0,highly_likely_host_associated
Sinobaca,1,0,0,0,0.0,0.0,0.0,mixed_or_uncertain
Amaricoccus,2,0,0,2,0.0,0.0,1.0,mixed_or_uncertain
Singulisphaera,2,0,2,0,0.0,1.0,0.0,highly_likely_host_associated
Anaerobacterium,1,0,1,0,0.0,1.0,0.0,highly_likely_host_associated
Fimbriiglobus,1,0,1,0,0.0,1.0,0.0,highly_likely_host_associated
Filobacterium,1,0,1,0,0.0,1.0,0.0,highly_likely_host_associated
Filifactor,6,0,6,0,0.0,1.0,0.0,highly_likely_host_associated
Fibrobacter,2,0,2,0,0.0,1.0,0.0,highly_likely_host_associated
Fervidicoccus,1,0,0,0,0.0,0.0,0.0,mixed_or_uncertain
Hydrogenobacter,2,0,1,0,0.0,0.5,0.0,likely_host_associated
Hydrogenoanaerobacterium,1,0,0,1,0.0,0.0,1.0,mixed_or_uncertain
Hydrogenispora,1,0,0,0,0.0,0.0,0.0,mixed_or_uncertain
Hoministercoradaptatus,1,0,1,0,0.0,1.0,0.0,highly_likely_host_associated
Hungatella,8,0,7,1,0.0,0.875,0.125,highly_likely_host_associated
Altericroceibacterium,2,0,2,0,0.0,1.0,0.0,highly_likely_host_associated
Humibacillus,1,0,1,0,0.0,1.0,0.0,highly_likely_host_associated
Huintestinicola,1,0,1,0,0.0,1.0,0.0,highly_likely_host_associated
Hugenholtzia,1,0,0,0,0.0,0.0,0.0,mixed_or_uncertain
Howardella,1,0,1,0,0.0,1.0,0.0,highly_likely_host_associated
Alteriqipengyuania,1,0,1,0,0.0,1.0,0.0,highly_likely_host_associated
Hornefia,2,0,2,0,0.0,1.0,0.0,highly_likely_host_associated
Hyalangium,21,0,21,0,0.0,1.0,0.0,highly_likely_host_associated
Rosenbergiella,3,0,3,0,0.0,1.0,0.0,highly_likely_host_associated
Roseitalea,1,0,1,0,0.0,1.0,0.0,highly_likely_host_associated
Roseisolibacter,1,0,0,1,0.0,0.0,1.0,mixed_or_uncertain
Kurthia,8,0,6,1,0.0,0.75,0.125,highly_likely_host_associated
Kumtagia,1,0,1,0,0.0,1.0,0.0,highly_likely_host_associated
Ktedonobacter,1,0,1,0,0.0,1.0,0.0,highly_likely_host_associated
Kozakia,1,0,1,0,0.0,1.0,0.0,highly_likely_host_associated
Kosmotoga,4,0,1,2,0.0,0.25,0.5,mixed_or_uncertain
Savagea,1,0,1,0,0.0,1.0,0.0,highly_likely_host_associated
Komagataeibacter,14,0,4,8,0.0,0.2857142857142857,0.5714285714285714,mixed_or_uncertain
Klugiella,7,0,7,0,0.0,1.0,0.0,highly_likely_host_associated
Kistimonas,2,0,2,0,0.0,1.0,0.0,highly_likely_host_associated
Kiritimatiella,1,0,1,0,0.0,1.0,0.0,highly_likely_host_associated
Kingella,82,0,82,0,0.0,1.0,0.0,highly_likely_host_associated
Kineothrix,1,0,0,0,0.0,0.0,0.0,mixed_or_uncertain
Kineosphaera,2,0,0,2,0.0,0.0,1.0,mixed_or_uncertain
Kerstersia,6,0,6,0,0.0,1.0,0.0,highly_likely_host_associated
Kandleria,1,0,1,0,0.0,1.0,0.0,highly_likely_host_associated
Kosakonia,6,0,6,0,0.0,1.0,0.0,highly_likely_host_associated
Rudaeicoccus,1,0,1,0,0.0,1.0,0.0,highly_likely_host_associated
Atopostipes,1,0,1,0,0.0,1.0,0.0,highly_likely_host_associated
Atopococcus,1,0,0,1,0.0,0.0,1.0,mixed_or_uncertain
Atopobium,5,0,5,0,0.0,1.0,0.0,highly_likely_host_associated
Atopobacter,3,0,3,0,0.0,1.0,0.0,highly_likely_host_associated
Atactangium,2,0,2,0,0.0,1.0,0.0,highly_likely_host_associated
Asaia,6,0,6,0,0.0,1.0,0.0,highly_likely_host_associated
Arsenophonus,2,0,2,0,0.0,1.0,0.0,highly_likely_host_associated
Roseococcus,3,0,1,1,0.0,0.3333333333333333,0.3333333333333333,mixed_or_uncertain
Arhodomonas,2,0,0,0,0.0,0.0,0.0,mixed_or_uncertain
Arenimicrobium,1,0,0,0,0.0,0.0,0.0,mixed_or_uncertain
Ardenticatena,1,0,0,0,0.0,0.0,0.0,mixed_or_uncertain
Arcticibacterium,1,0,0,0,0.0,0.0,0.0,mixed_or_uncertain
Rubritepida,1,0,0,0,0.0,0.0,0.0,mixed_or_uncertain
Rubripirellula,1,0,1,0,0.0,1.0,0.0,highly_likely_host_associated
Rubrimonas,2,0,0,0,0.0,0.0,0.0,mixed_or_uncertain
Rubneribacter,1,0,1,0,0.0,1.0,0.0,highly_likely_host_associated
Rubinisphaera,1,0,0,0,0.0,0.0,0.0,mixed_or_uncertain
Armatimonas,1,0,1,0,0.0,1.0,0.0,highly_likely_host_associated
Azorhizophilus,6,0,6,0,0.0,1.0,0.0,highly_likely_host_associated
Azorhizobium,4,0,4,0,0.0,1.0,0.0,highly_likely_host_associated
Ethanoligenens,1,0,0,0,0.0,0.0,0.0,mixed_or_uncertain
Eshraghiella,1,0,1,0,0.0,1.0,0.0,highly_likely_host_associated
Erysipelothrix,44,0,44,0,0.0,1.0,0.0,highly_likely_host_associated
Eremococcus,3,0,3,0,0.0,1.0,0.0,highly_likely_host_associated
Epidermidibacterium,1,0,1,0,0.0,1.0,0.0,highly_likely_host_associated
Epibacterium,2,0,2,0,0.0,1.0,0.0,highly_likely_host_associated
Kallotenue,1,0,0,0,0.0,0.0,0.0,mixed_or_uncertain
Enterovirga,1,0,1,0,0.0,1.0,0.0,highly_likely_host_associated
Enteroscipio,1,0,1,0,0.0,1.0,0.0,highly_likely_host_associated
Enterocloster,21,0,20,1,0.0,0.9523809523809523,0.047619047619047616,highly_likely_host_associated
Enterobacillus,1,0,1,0,0.0,1.0,0.0,highly_likely_host_associated
Lachnospiraceae,1,0,1,0,0.0,1.0,0.0,highly_likely_host_associated
Lachnospira,5,0,5,0,0.0,1.0,0.0,highly_likely_host_associated
Lachnoclostridium,3,0,3,0,0.0,1.0,0.0,highly_likely_host_associated
Lachnobacterium,1,0,1,0,0.0,1.0,0.0,highly_likely_host_associated
Lachnoanaerobaculum,4,0,4,0,0.0,1.0,0.0,highly_likely_host_associated
Eoetvoesiella,1,0,0,1,0.0,0.0,1.0,mixed_or_uncertain
Roseimicrobium,1,0,1,0,0.0,1.0,0.0,highly_likely_host_associated
Roseimaritima,1,0,1,0,0.0,1.0,0.0,highly_likely_host_associated
Roseiflexus,1,0,0,0,0.0,0.0,0.0,mixed_or_uncertain
Roseiarcus,1,0,0,0,0.0,0.0,0.0,mixed_or_uncertain
Roseburia,8,0,8,0,0.0,1.0,0.0,highly_likely_host_associated
Rodentibacter,37,0,37,0,0.0,1.0,0.0,highly_likely_host_associated
Robinsoniella,3,0,3,0,0.0,1.0,0.0,highly_likely_host_associated
Robbsia,5,0,5,0,0.0,1.0,0.0,highly_likely_host_associated
Risungbinella,1,0,1,0,0.0,1.0,0.0,highly_likely_host_associated
Azovibrio,1,0,1,0,0.0,1.0,0.0,highly_likely_host_associated
Rickettsiella,1,0,1,0,0.0,1.0,0.0,highly_likely_host_associated
Rickettsia,8,0,8,0,0.0,1.0,0.0,highly_likely_host_associated
Rhodovibrio,1,0,0,0,0.0,0.0,0.0,mixed_or_uncertain
Rhodovastum,1,0,1,0,0.0,1.0,0.0,highly_likely_host_associated
Rhodovarius,1,0,0,1,0.0,0.0,1.0,mixed_or_uncertain
Rhodospirillaceae,1,0,1,0,0.0,1.0,0.0,highly_likely_host_associated
Baileyella,1,0,1,0,0.0,1.0,0.0,highly_likely_host_associated
Baia,1,0,1,0,0.0,1.0,0.0,highly_likely_host_associated
Bacteroides,115,0,109,1,0.0,0.9478260869565217,0.008695652173913044,highly_likely_host_associated
Rikenella,1,0,1,0,0.0,1.0,0.0,highly_likely_host_associated
Samsonia,1,0,1,0,0.0,1.0,0.0,highly_likely_host_associated
Salmonella,152,0,145,7,0.0,0.9539473684210527,0.046052631578947366,highly_likely_host_associated
Salirhabdus,2,0,0,0,0.0,0.0,0.0,mixed_or_uncertain
Salinivirga,1,0,0,0,0.0,0.0,0.0,mixed_or_uncertain
Salinivenus,2,0,0,0,0.0,0.0,0.0,mixed_or_uncertain
Salinispira,1,0,0,0,0.0,0.0,0.0,mixed_or_uncertain
Salinirubellus,1,0,0,0,0.0,0.0,0.0,mixed_or_uncertain
Salinibacter,2,0,0,0,0.0,0.0,0.0,mixed_or_uncertain
Ruficoccus,1,0,0,1,0.0,0.0,1.0,mixed_or_uncertain
Salinarchaeum,1,0,0,0,0.0,0.0,0.0,mixed_or_uncertain
Salinactinospora,1,0,0,0,0.0,0.0,0.0,mixed_or_uncertain
Salimicrobium,5,0,1,1,0.0,0.2,0.2,mixed_or_uncertain
Salimesophilobacter,1,0,0,1,0.0,0.0,1.0,mixed_or_uncertain
Salidesulfovibrio,1,0,0,0,0.0,0.0,0.0,mixed_or_uncertain
Salicola,1,0,0,0,0.0,0.0,0.0,mixed_or_uncertain
Salibacterium,6,0,0,0,0.0,0.0,0.0,mixed_or_uncertain
Archaeoglobus,7,0,0,0,0.0,0.0,0.0,mixed_or_uncertain
Arcanobacterium,62,0,62,0,0.0,1.0,0.0,highly_likely_host_associated
Salinibacillus,2,0,0,0,0.0,0.0,0.0,mixed_or_uncertain
Anaerotruncus,4,0,4,0,0.0,1.0,0.0,highly_likely_host_associated
Anaerotaenia,1,0,1,0,0.0,1.0,0.0,highly_likely_host_associated
Anaerostipes,6,0,6,0,0.0,1.0,0.0,highly_likely_host_associated
Anaerospora,1,0,1,0,0.0,1.0,0.0,highly_likely_host_associated
Anaerosphaera,2,0,0,1,0.0,0.0,0.5,mixed_or_uncertain
Schwartzia,4,0,4,0,0.0,1.0,0.0,highly_likely_host_associated
Schumannella,1,0,1,0,0.0,1.0,0.0,highly_likely_host_associated
Schlesneria,2,0,1,1,0.0,0.5,0.5,likely_host_associated
Schleiferilactobacillus,4,0,0,4,0.0,0.0,1.0,mixed_or_uncertain
Sandaracinus,1,0,1,0,0.0,1.0,0.0,highly_likely_host_associated
Schinkia,2,0,1,1,0.0,0.5,0.5,likely_host_associated
Schaedlerella,1,0,1,0,0.0,1.0,0.0,highly_likely_host_associated
Scardovia,3,0,3,0,0.0,1.0,0.0,highly_likely_host_associated
Scandinavium,1,0,1,0,0.0,1.0,0.0,highly_likely_host_associated
Streptobacillus,20,0,20,0,0.0,1.0,0.0,highly_likely_host_associated
Saprospira,1,0,1,0,0.0,1.0,0.0,highly_likely_host_associated
Sapromyces,2,0,1,1,0.0,0.5,0.5,likely_host_associated
Sanuguinoglea,1,0,0,0,0.0,0.0,0.0,mixed_or_uncertain
Sansalvadorimonas,1,0,1,0,0.0,1.0,0.0,highly_likely_host_associated
Schleiferia,1,0,0,0,0.0,0.0,0.0,mixed_or_uncertain
Ferrithrix,1,0,0,0,0.0,0.0,0.0,mixed_or_uncertain
Ferrisolea,1,0,1,0,0.0,1.0,0.0,highly_likely_host_associated
Ferrimicrobium,1,0,0,0,0.0,0.0,0.0,mixed_or_uncertain
Fermentimonas,1,0,1,0,0.0,1.0,0.0,highly_likely_host_associated
Fermentibacillus,1,0,1,0,0.0,1.0,0.0,highly_likely_host_associated
Fenollaria,2,0,2,0,0.0,1.0,0.0,highly_likely_host_associated
Faucicola,1,0,1,0,0.0,1.0,0.0,highly_likely_host_associated
Apilactobacillus,7,0,6,1,0.0,0.8571428571428571,0.14285714285714285,highly_likely_host_associated
Arachnia,9,0,9,0,0.0,1.0,0.0,highly_likely_host_associated
Saccharophagus,1,0,1,0,0.0,1.0,0.0,highly_likely_host_associated
Saccharococcus,1,0,0,1,0.0,0.0,1.0,mixed_or_uncertain
Saccharibacter,1,0,1,0,0.0,1.0,0.0,highly_likely_host_associated
Saccharedens,1,0,1,0,0.0,1.0,0.0,highly_likely_host_associated
Ruthenibacterium,2,0,2,0,0.0,1.0,0.0,highly_likely_host_associated
Rurimicrobium,1,0,0,1,0.0,0.0,1.0,mixed_or_uncertain
Ruoffia,1,0,0,1,0.0,0.0,1.0,mixed_or_uncertain
Ruminococcus,9,0,9,0,0.0,1.0,0.0,highly_likely_host_associated
Ruminobacter,1,0,1,0,0.0,1.0,0.0,highly_likely_host_associated
Apibacter,2,0,2,0,0.0,1.0,0.0,highly_likely_host_associated
Arachidicoccus,1,0,1,0,0.0,1.0,0.0,highly_likely_host_associated
Aquisalimonas,2,0,0,0,0.0,0.0,0.0,mixed_or_uncertain
Aquisalibacillus,1,0,0,0,0.0,0.0,0.0,mixed_or_uncertain
Aquifex,1,0,0,0,0.0,0.0,0.0,mixed_or_uncertain
Aquicoccus,1,0,1,0,0.0,1.0,0.0,highly_likely_host_associated
Aquibacillus,2,0,1,0,0.0,0.5,0.0,likely_host_associated
Jonquetella,1,0,1,0,0.0,1.0,0.0,highly_likely_host_associated
Jidongwangia,1,0,1,0,0.0,1.0,0.0,highly_likely_host_associated
Jhaorihella,1,0,0,0,0.0,0.0,0.0,mixed_or_uncertain
Ferroglobus,1,0,0,0,0.0,0.0,0.0,mixed_or_uncertain
Izhakiella,3,0,2,0,0.0,0.6666666666666666,0.0,highly_likely_host_associated
Isobaculum,1,0,1,0,0.0,1.0,0.0,highly_likely_host_associated
Irregularibacter,1,0,1,0,0.0,1.0,0.0,highly_likely_host_associated
Iodidimonas,1,0,0,0,0.0,0.0,0.0,mixed_or_uncertain
Intestinimonas,6,0,6,0,0.0,1.0,0.0,highly_likely_host_associated
Intestinibacter,1,0,1,0,0.0,1.0,0.0,highly_likely_host_associated
Inquilinus,9,0,9,0,0.0,1.0,0.0,highly_likely_host_associated
Infirmifilum,1,0,0,0,0.0,0.0,0.0,mixed_or_uncertain
Inediibacterium,1,0,1,0,0.0,1.0,0.0,highly_likely_host_associated
Jeotgalibaca,2,0,2,0,0.0,1.0,0.0,highly_likely_host_associated
Thiolapillus,1,0,0,0,0.0,0.0,0.0,mixed_or_uncertain
Thiohalospira,3,0,0,0,0.0,0.0,0.0,mixed_or_uncertain
Thiohalorhabdus,2,0,0,0,0.0,0.0,0.0,mixed_or_uncertain
Thiohalophilus,1,0,0,0,0.0,0.0,0.0,mixed_or_uncertain
Thiohalomonas,3,0,0,0,0.0,0.0,0.0,mixed_or_uncertain
Thiohalobacter,1,0,0,0,0.0,0.0,0.0,mixed_or_uncertain
Thiogranum,1,0,0,0,0.0,0.0,0.0,mixed_or_uncertain
Thiofractor,1,0,0,0,0.0,0.0,0.0,mixed_or_uncertain
Thiofilum,1,0,0,1,0.0,0.0,1.0,mixed_or_uncertain
Hansschlegelia,2,0,1,1,0.0,0.5,0.5,likely_host_associated
Thiococcus,3,0,0,0,0.0,0.0,0.0,mixed_or_uncertain
Thioalkalispira,1,0,0,0,0.0,0.0,0.0,mixed_or_uncertain
Thioalkalibacter,1,0,0,0,0.0,0.0,0.0,mixed_or_uncertain
Thermovorax,1,0,0,1,0.0,0.0,1.0,mixed_or_uncertain
Thermotomaculum,1,0,0,0,0.0,0.0,0.0,mixed_or_uncertain
Thermosulfidibacter,1,0,0,0,0.0,0.0,0.0,mixed_or_uncertain
Thermosporothrix,2,0,1,1,0.0,0.5,0.5,likely_host_associated
Thermosphaera,1,0,0,0,0.0,0.0,0.0,mixed_or_uncertain
Thermosinus,1,0,0,0,0.0,0.0,0.0,mixed_or_uncertain
Thiofaba,1,0,0,0,0.0,0.0,0.0,mixed_or_uncertain
Gracilinema,1,0,0,0,0.0,0.0,0.0,mixed_or_uncertain
Gorillibacterium,1,0,1,0,0.0,1.0,0.0,highly_likely_host_associated
Gordonibacter,4,0,4,0,0.0,1.0,0.0,highly_likely_host_associated
Gluconobacter,15,0,8,6,0.0,0.5333333333333333,0.4,likely_host_associated
Gluceribacter,1,0,1,0,0.0,1.0,0.0,highly_likely_host_associated
Globicatella,14,0,14,0,0.0,1.0,0.0,highly_likely_host_associated
Gleimia,24,0,24,0,0.0,1.0,0.0,highly_likely_host_associated
Glaesserella,1,0,1,0,0.0,1.0,0.0,highly_likely_host_associated
Tistlia,1,0,0,0,0.0,0.0,0.0,mixed_or_uncertain
Thiolinea,1,0,0,1,0.0,0.0,1.0,mixed_or_uncertain
Timonella,1,0,1,0,0.0,1.0,0.0,highly_likely_host_associated
Tibeticola,1,0,0,0,0.0,0.0,0.0,mixed_or_uncertain
Thorsellia,3,0,3,0,0.0,1.0,0.0,highly_likely_host_associated
Thiovirga,1,0,0,1,0.0,0.0,1.0,mixed_or_uncertain
Thiospirochaeta,1,0,0,0,0.0,0.0,0.0,mixed_or_uncertain
Thiosocius,1,0,1,0,0.0,1.0,0.0,highly_likely_host_associated
Thioreductor,1,0,0,0,0.0,0.0,0.0,mixed_or_uncertain
Thiopseudomonas,3,0,2,0,0.0,0.6666666666666666,0.0,highly_likely_host_associated
Thioprofundum,2,0,0,0,0.0,0.0,0.0,mixed_or_uncertain
Tissierella,15,0,11,1,0.0,0.7333333333333333,0.06666666666666667,highly_likely_host_associated
Gynumella,1,0,1,0,0.0,1.0,0.0,highly_likely_host_associated
Gynuella,1,0,1,0,0.0,1.0,0.0,highly_likely_host_associated
Gulbenkiania,2,0,0,1,0.0,0.0,0.5,mixed_or_uncertain
Guggenheimella,1,0,1,0,0.0,1.0,0.0,highly_likely_host_associated
Gudongella,1,0,0,1,0.0,0.0,1.0,mixed_or_uncertain
Granulicoccus,1,0,0,1,0.0,0.0,1.0,mixed_or_uncertain
Granulicatella,86,0,86,0,0.0,1.0,0.0,highly_likely_host_associated
Galliscardovia,1,0,1,0,0.0,1.0,0.0,highly_likely_host_associated
Gallintestinimicrobium,1,0,1,0,0.0,1.0,0.0,highly_likely_host_associated
Thermoplasma,4,0,0,1,0.0,0.0,0.25,mixed_or_uncertain
Agathobaculum,3,0,3,0,0.0,1.0,0.0,highly_likely_host_associated
Agathobacter,2,0,2,0,0.0,1.0,0.0,highly_likely_host_associated
Agarilytica,1,0,1,0,0.0,1.0,0.0,highly_likely_host_associated
Agaricicola,1,0,1,0,0.0,1.0,0.0,highly_likely_host_associated
Agaribacterium,1,0,1,0,0.0,1.0,0.0,highly_likely_host_associated
Agaribacter,1,0,1,0,0.0,1.0,0.0,highly_likely_host_associated
Affinirhizobium,3,0,3,0,0.0,1.0,0.0,highly_likely_host_associated
Thermolongibacillus,2,0,0,0,0.0,0.0,0.0,mixed_or_uncertain
Thermohydrogenium,4,0,3,0,0.0,0.75,0.0,highly_likely_host_associated
Gallicola,1,0,1,0,0.0,1.0,0.0,highly_likely_host_associated
Thermopirellula,1,0,0,0,0.0,0.0,0.0,mixed_or_uncertain
Thermophagus,1,0,0,0,0.0,0.0,0.0,mixed_or_uncertain
Thermonema,5,0,0,0,0.0,0.0,0.0,mixed_or_uncertain
Akkermansia,3,0,3,0,0.0,1.0,0.0,highly_likely_host_associated
Agriterribacter,1,0,0,1,0.0,0.0,1.0,mixed_or_uncertain
Agrilactobacillus,1,0,0,1,0.0,0.0,1.0,mixed_or_uncertain
Agreia,7,0,7,0,0.0,1.0,0.0,highly_likely_host_associated
Aggregatibacter,149,0,149,0,0.0,1.0,0.0,highly_likely_host_associated
Hallerella,2,0,2,0,0.0,1.0,0.0,highly_likely_host_associated
Haematobacter,13,0,13,0,0.0,1.0,0.0,highly_likely_host_associated
Haliscomenobacter,1,0,0,1,0.0,0.0,1.0,mixed_or_uncertain
Halarsenatibacter,1,0,0,0,0.0,0.0,0.0,mixed_or_uncertain
Halarcobacter,1,0,1,0,0.0,1.0,0.0,highly_likely_host_associated
Halanaerobaculum,1,0,0,0,0.0,0.0,0.0,mixed_or_uncertain
Halalkalicoccus,2,0,0,1,0.0,0.0,0.5,mixed_or_uncertain
Hafnia,30,0,23,5,0.0,0.7666666666666667,0.16666666666666666,highly_likely_host_associated
Haemophilus,393,0,392,1,0.0,0.9974554707379135,0.002544529262086514,highly_likely_host_associated
Haematospirillum,1,0,1,0,0.0,1.0,0.0,highly_likely_host_associated
Haematomicrobium,1,0,1,0,0.0,1.0,0.0,highly_likely_host_associated
Hallella,1,0,1,0,0.0,1.0,0.0,highly_likely_host_associated
Acutalibacter,1,0,1,0,0.0,1.0,0.0,highly_likely_host_associated
Actinotignum,86,0,86,0,0.0,1.0,0.0,highly_likely_host_associated
Acanthopleuribacter,1,0,1,0,0.0,1.0,0.0,highly_likely_host_associated
Actinorugispora,1,0,1,0,0.0,1.0,0.0,highly_likely_host_associated
Actinorhabdospora,1,0,1,0,0.0,1.0,0.0,highly_likely_host_associated
Tuberibacillus,1,0,0,1,0.0,0.0,1.0,mixed_or_uncertain
Trujillonella,1,0,1,0,0.0,1.0,0.0,highly_likely_host_associated
Trueperella,59,0,59,0,0.0,1.0,0.0,highly_likely_host_associated
Truepera,2,0,0,0,0.0,0.0,0.0,mixed_or_uncertain
Granulibacter,1,0,1,0,0.0,1.0,0.0,highly_likely_host_associated
Acetomicrobium,5,0,0,5,0.0,0.0,1.0,mixed_or_uncertain
Microaerobacter,1,0,0,0,0.0,0.0,0.0,mixed_or_uncertain
Methylovirgula,1,0,0,0,0.0,0.0,0.0,mixed_or_uncertain
Methylotuvimicrobium,2,0,0,0,0.0,0.0,0.0,mixed_or_uncertain
Methylothermus,2,0,0,0,0.0,0.0,0.0,mixed_or_uncertain
Winkia,38,0,38,0,0.0,1.0,0.0,highly_likely_host_associated
Wielerella,1,0,1,0,0.0,1.0,0.0,highly_likely_host_associated
Weeksella,14,0,13,1,0.0,0.9285714285714286,0.07142857142857142,highly_likely_host_associated
Wandonia,1,0,1,0,0.0,1.0,0.0,highly_likely_host_associated
Trichloromonas,1,0,0,1,0.0,0.0,1.0,mixed_or_uncertain
Geovibrio,1,0,0,0,0.0,0.0,0.0,mixed_or_uncertain
Geothermobacter,1,0,0,0,0.0,0.0,0.0,mixed_or_uncertain
Geopsychrobacter,1,0,0,1,0.0,0.0,1.0,mixed_or_uncertain
Geomobilimonas,1,0,1,0,0.0,1.0,0.0,highly_likely_host_associated
Geojedonia,1,0,1,0,0.0,1.0,0.0,highly_likely_host_associated
Gemmiger,1,0,1,0,0.0,1.0,0.0,highly_likely_host_associated
Geminisphaera,1,0,1,0,0.0,1.0,0.0,highly_likely_host_associated
Gemella,66,0,66,0,0.0,1.0,0.0,highly_likely_host_associated
Gellertiella,1,0,0,1,0.0,0.0,1.0,mixed_or_uncertain
Adlercreutzia,6,0,6,0,0.0,1.0,0.0,highly_likely_host_associated
Garicola,1,0,0,1,0.0,0.0,1.0,mixed_or_uncertain
Gardnerella,96,0,96,0,0.0,1.0,0.0,highly_likely_host_associated
Garciella,1,0,0,1,0.0,0.0,1.0,mixed_or_uncertain
Zhengella,1,0,1,0,0.0,1.0,0.0,highly_likely_host_associated
Zhaonella,1,0,0,1,0.0,0.0,1.0,mixed_or_uncertain
Zavarzinella,1,0,1,0,0.0,1.0,0.0,highly_likely_host_associated
Yokenella,4,0,2,2,0.0,0.5,0.5,likely_host_associated
Aeriscardovia,1,0,1,0,0.0,1.0,0.0,highly_likely_host_associated
Aedoeadaptatus,1,0,1,0,0.0,1.0,0.0,highly_likely_host_associated
Garritya,1,0,1,0,0.0,1.0,0.0,highly_likely_host_associated
Traorella,1,0,1,0,0.0,1.0,0.0,highly_likely_host_associated
Tractidigestivibacter,1,0,1,0,0.0,1.0,0.0,highly_likely_host_associated
Trabulsiella,3,0,2,1,0.0,0.6666666666666666,0.3333333333333333,highly_likely_host_associated
Tonsilliphilus,1,0,1,0,0.0,1.0,0.0,highly_likely_host_associated
Gallibacterium,9,0,9,0,0.0,1.0,0.0,highly_likely_host_associated
Galenea,1,0,0,0,0.0,0.0,0.0,mixed_or_uncertain
Gabonibacter,1,0,1,0,0.0,1.0,0.0,highly_likely_host_associated
Fusobacterium,100,0,100,0,0.0,1.0,0.0,highly_likely_host_associated
Fusicatenibacter,5,0,5,0,0.0,1.0,0.0,highly_likely_host_associated
Waltera,2,0,2,0,0.0,1.0,0.0,highly_likely_host_associated
Fulvitalea,1,0,1,0,0.0,1.0,0.0,highly_likely_host_associated
Fructobacillus,5,0,4,1,0.0,0.8,0.2,highly_likely_host_associated
Fructilactobacillus,11,0,4,7,0.0,0.36363636363636365,0.6363636363636364,mixed_or_uncertain
Frondihabitans,5,0,5,0,0.0,1.0,0.0,highly_likely_host_associated
Frisingicoccus,1,0,1,0,0.0,1.0,0.0,highly_likely_host_associated
Frischella,1,0,1,0,0.0,1.0,0.0,highly_likely_host_associated
Frigoribacterium,14,0,12,1,0.0,0.8571428571428571,0.07142857142857142,highly_likely_host_associated
Friedmanniella,1,0,1,0,0.0,1.0,0.0,highly_likely_host_associated
Fretibacterium,1,0,1,0,0.0,1.0,0.0,highly_likely_host_associated
Furfurilactobacillus,3,0,1,2,0.0,0.3333333333333333,0.6666666666666666,mixed_or_uncertain
Waddlia,1,0,1,0,0.0,1.0,0.0,highly_likely_host_associated
Vulcanithermus,1,0,0,0,0.0,0.0,0.0,mixed_or_uncertain
Vulcanisaeta,2,0,0,0,0.0,0.0,0.0,mixed_or_uncertain
Vulcanibacillus,1,0,0,0,0.0,0.0,0.0,mixed_or_uncertain
Volucribacter,2,0,2,0,0.0,1.0,0.0,highly_likely_host_associated
Vitreoscilla,2,0,2,0,0.0,1.0,0.0,highly_likely_host_associated
Virgisporangium,2,0,2,0,0.0,1.0,0.0,highly_likely_host_associated
Victivallis,3,0,3,0,0.0,1.0,0.0,highly_likely_host_associated
Actinomycetales,4,0,0,0,0.0,0.0,0.0,mixed_or_uncertain
Xenorhabdus,33,0,33,0,0.0,1.0,0.0,highly_likely_host_associated
Actinocrinis,1,0,0,0,0.0,0.0,0.0,mixed_or_uncertain
Actinobaculum,17,0,17,0,0.0,1.0,0.0,highly_likely_host_associated
Gibbsiella,4,0,4,0,0.0,1.0,0.0,highly_likely_host_associated
Xylophilus,2,0,2,0,0.0,1.0,0.0,highly_likely_host_associated
Xylella,5,0,4,1,0.0,0.8,0.2,highly_likely_host_associated
Xylanimonas,3,0,3,0,0.0,1.0,0.0,highly_likely_host_associated
Xylanibacter,1,0,1,0,0.0,1.0,0.0,highly_likely_host_associated
Xylanibacillus,1,0,0,1,0.0,0.0,1.0,mixed_or_uncertain
Xinfangfangia,1,0,0,1,0.0,0.0,1.0,mixed_or_uncertain
Actinomyces,366,0,363,3,0.0,0.9918032786885246,0.00819672131147541,highly_likely_host_associated
Allopusillimonas,1,0,1,0,0.0,1.0,0.0,highly_likely_host_associated
Allopseudospirillum,1,0,1,0,0.0,1.0,0.0,highly_likely_host_associated
Alloprevotella,2,0,2,0,0.0,1.0,0.0,highly_likely_host_associated
Allonocardiopsis,1,0,1,0,0.0,1.0,0.0,highly_likely_host_associated
Allomeiothermus,1,0,0,0,0.0,0.0,0.0,mixed_or_uncertain
Alloiococcus,4,0,4,0,0.0,1.0,0.0,highly_likely_host_associated
Allohumibacter,1,0,1,0,0.0,1.0,0.0,highly_likely_host_associated
Allofustis,1,0,1,0,0.0,1.0,0.0,highly_likely_host_associated
Allofournierella,1,0,1,0,0.0,1.0,0.0,highly_likely_host_associated
Thermohalobacter,1,0,0,0,0.0,0.0,0.0,mixed_or_uncertain
Allocatenococcus,1,0,0,0,0.0,0.0,0.0,mixed_or_uncertain
Allobranchiibius,1,0,1,0,0.0,1.0,0.0,highly_likely_host_associated
Allobogoriella,1,0,0,0,0.0,0.0,0.0,mixed_or_uncertain
Allobaculum,1,0,1,0,0.0,1.0,0.0,highly_likely_host_associated
Allobacillus,1,0,0,1,0.0,0.0,1.0,mixed_or_uncertain
Allgaiera,1,0,0,0,0.0,0.0,0.0,mixed_or_uncertain
Alkanibacter,1,0,0,1,0.0,0.0,1.0,mixed_or_uncertain
Alkalithermobacter,3,0,0,2,0.0,0.0,0.6666666666666666,mixed_or_uncertain
Alkalitalea,1,0,0,0,0.0,0.0,0.0,mixed_or_uncertain
Allocoenonia,1,0,1,0,0.0,1.0,0.0,highly_likely_host_associated
Haloquadratum,2,0,0,0,0.0,0.0,0.0,mixed_or_uncertain
Taylorella,7,0,7,0,0.0,1.0,0.0,highly_likely_host_associated
Taxeobacter,1,0,1,0,0.0,1.0,0.0,highly_likely_host_associated
Taonella,1,0,0,1,0.0,0.0,1.0,mixed_or_uncertain
Tannerella,3,0,3,0,0.0,1.0,0.0,highly_likely_host_associated
Tangfeifania,1,0,0,0,0.0,0.0,0.0,mixed_or_uncertain
Tamilnaduibacter,1,0,0,0,0.0,0.0,0.0,mixed_or_uncertain
Tamaricihabitans,1,0,1,0,0.0,1.0,0.0,highly_likely_host_associated
Tabrizicola,1,0,0,1,0.0,0.0,1.0,mixed_or_uncertain
Sutterella,11,0,11,0,0.0,1.0,0.0,highly_likely_host_associated
Syntrophorhabdus,1,0,0,0,0.0,0.0,0.0,mixed_or_uncertain
Syntrophomonas,7,0,0,2,0.0,0.0,0.2857142857142857,mixed_or_uncertain
Syntrophococcus,1,0,1,0,0.0,1.0,0.0,highly_likely_host_associated
Syntrophobotulus,1,0,0,0,0.0,0.0,0.0,mixed_or_uncertain
Syntrophobacter,4,0,1,0,0.0,0.25,0.0,mixed_or_uncertain
Syntrophaceticus,1,0,0,0,0.0,0.0,0.0,mixed_or_uncertain
Symbiobacterium,4,0,3,1,0.0,0.75,0.25,highly_likely_host_associated
Swaminathania,1,0,1,0,0.0,1.0,0.0,highly_likely_host_associated
Suttonella,4,0,4,0,0.0,1.0,0.0,highly_likely_host_associated
Syntrophothermus,2,0,0,0,0.0,0.0,0.0,mixed_or_uncertain
Heliophilum,1,0,1,0,0.0,1.0,0.0,highly_likely_host_associated
Heliimonas,1,0,0,1,0.0,0.0,1.0,mixed_or_uncertain
Helicobacter,143,0,141,2,0.0,0.986013986013986,0.013986013986013986,highly_likely_host_associated
Helcococcus,21,0,21,0,0.0,1.0,0.0,highly_likely_host_associated
Helcobacillus,1,0,1,0,0.0,1.0,0.0,highly_likely_host_associated
Hazenella,2,0,2,0,0.0,1.0,0.0,highly_likely_host_associated
Hasllibacter,1,0,1,0,0.0,1.0,0.0,highly_likely_host_associated
Harryflintia,1,0,1,0,0.0,1.0,0.0,highly_likely_host_associated
Haoranjiania,1,0,0,1,0.0,0.0,1.0,mixed_or_uncertain
Alkalispirochaeta,4,0,2,0,0.0,0.5,0.0,likely_host_associated
Frederiksenia,1,0,1,0,0.0,1.0,0.0,highly_likely_host_associated
Frankia,14,0,14,0,0.0,1.0,0.0,highly_likely_host_associated
Franconibacter,7,0,4,3,0.0,0.5714285714285714,0.42857142857142855,likely_host_associated
Succinimonas,1,0,1,0,0.0,1.0,0.0,highly_likely_host_associated
Succiniclasticum,2,0,2,0,0.0,1.0,0.0,highly_likely_host_associated
Succinatimonas,1,0,1,0,0.0,1.0,0.0,highly_likely_host_associated
Subdoligranulum,2,0,2,0,0.0,1.0,0.0,highly_likely_host_associated
Stygiolobus,1,0,0,0,0.0,0.0,0.0,mixed_or_uncertain
Streptohalobacillus,1,0,0,0,0.0,0.0,0.0,mixed_or_uncertain
Labedella,2,0,1,0,0.0,0.5,0.0,likely_host_associated
Alkalispirillum,1,0,1,0,0.0,1.0,0.0,highly_likely_host_associated
Sulfurivirga,1,0,0,0,0.0,0.0,0.0,mixed_or_uncertain
Sulfurisphaera,3,0,0,0,0.0,0.0,0.0,mixed_or_uncertain
Sulfuricurvum,1,0,0,1,0.0,0.0,1.0,mixed_or_uncertain
Sulfuricella,1,0,0,0,0.0,0.0,0.0,mixed_or_uncertain
Sulfophobococcus,1,0,0,0,0.0,0.0,0.0,mixed_or_uncertain
Sulfolobus,1,0,0,0,0.0,0.0,0.0,mixed_or_uncertain
Suipraeoptans,1,0,1,0,0.0,1.0,0.0,highly_likely_host_associated
Suilimivivens,1,0,1,0,0.0,1.0,0.0,highly_likely_host_associated
Hephaestia,1,0,0,1,0.0,0.0,1.0,mixed_or_uncertain
Succinispira,1,0,0,0,0.0,0.0,0.0,mixed_or_uncertain
Holdemania,2,0,2,0,0.0,1.0,0.0,highly_likely_host_associated
Holdemanella,2,0,2,0,0.0,1.0,0.0,highly_likely_host_associated
Histophilus,16,0,16,0,0.0,1.0,0.0,highly_likely_host_associated
Heterorhizobium,1,0,1,0,0.0,1.0,0.0,highly_likely_host_associated
Hespellia,2,0,2,0,0.0,1.0,0.0,highly_likely_host_associated
Herbinix,2,0,0,0,0.0,0.0,0.0,mixed_or_uncertain
Herbihabitans,1,0,1,0,0.0,1.0,0.0,highly_likely_host_associated
Herbiconiux,4,0,4,0,0.0,1.0,0.0,highly_likely_host_associated
Succinivibrio,1,0,1,0,0.0,1.0,0.0,highly_likely_host_associated
Alkalihalobacterium,2,0,0,0,0.0,0.0,0.0,mixed_or_uncertain
Alkaliflexus,5,0,0,0,0.0,0.0,0.0,mixed_or_uncertain
Alkalidesulfovibrio,1,0,0,1,0.0,0.0,1.0,mixed_or_uncertain
Alkalicoccobacillus,3,0,0,3,0.0,0.0,1.0,mixed_or_uncertain
Alkalibacter,1,0,1,0,0.0,1.0,0.0,highly_likely_host_associated
Alitiscatomonas,1,0,1,0,0.0,1.0,0.0,highly_likely_host_associated
Haloprofundus,1,0,0,0,0.0,0.0,0.0,mixed_or_uncertain
Halopolyspora,3,0,2,0,0.0,0.6666666666666666,0.0,highly_likely_host_associated
Haloplasma,1,0,0,0,0.0,0.0,0.0,mixed_or_uncertain
Halosaccharopolyspora,1,0,0,0,0.0,0.0,0.0,mixed_or_uncertain
Halonotius,4,0,0,0,0.0,0.0,0.0,mixed_or_uncertain
Halolamina,2,0,0,0,0.0,0.0,0.0,mixed_or_uncertain
Halolactibacillus,3,0,2,0,0.0,0.6666666666666666,0.0,highly_likely_host_associated
Haloincola,3,0,1,0,0.0,0.3333333333333333,0.0,mixed_or_uncertain
Haloimpatiens,2,0,1,1,0.0,0.5,0.5,likely_host_associated
Haloglycomyces,1,0,0,0,0.0,0.0,0.0,mixed_or_uncertain
Halofilum,1,0,0,0,0.0,0.0,0.0,mixed_or_uncertain
Haloechinothrix,3,0,0,0,0.0,0.0,0.0,mixed_or_uncertain
Halocynthiibacter,1,0,1,0,0.0,1.0,0.0,highly_likely_host_associated
Halopenitus,2,0,0,0,0.0,0.0,0.0,mixed_or_uncertain
Thermogutta,1,0,0,0,0.0,0.0,0.0,mixed_or_uncertain
Thermoflexibacter,1,0,0,0,0.0,0.0,0.0,mixed_or_uncertain
Thermofilum,2,0,0,0,0.0,0.0,0.0,mixed_or_uncertain
Thermodiscus,1,0,0,0,0.0,0.0,0.0,mixed_or_uncertain
Thermodesulfomicrobium,1,0,0,0,0.0,0.0,0.0,mixed_or_uncertain
Thermodesulfitimonas,1,0,0,0,0.0,0.0,0.0,mixed_or_uncertain
Thermodesulfatator,3,0,0,0,0.0,0.0,0.0,mixed_or_uncertain
Thermocrispum,3,0,1,2,0.0,0.3333333333333333,0.6666666666666666,mixed_or_uncertain
Thermoclostridium,5,0,3,1,0.0,0.6,0.2,highly_likely_host_associated
Testudinibacter,1,0,1,0,0.0,1.0,0.0,highly_likely_host_associated
Thermobacillus,1,0,0,1,0.0,0.0,1.0,mixed_or_uncertain
Thermoanaerobium,1,0,0,0,0.0,0.0,0.0,mixed_or_uncertain
Thermoanaerobaculum,1,0,0,0,0.0,0.0,0.0,mixed_or_uncertain
Thermithiobacillus,2,0,0,1,0.0,0.0,0.5,mixed_or_uncertain
Thermincola,2,0,0,0,0.0,0.0,0.0,mixed_or_uncertain
Thermasporomyces,1,0,0,1,0.0,0.0,1.0,mixed_or_uncertain
Thermanaerothrix,1,0,0,0,0.0,0.0,0.0,mixed_or_uncertain
Thermacetogenium,1,0,1,0,0.0,1.0,0.0,highly_likely_host_associated
Thalassomonas,4,0,4,0,0.0,1.0,0.0,highly_likely_host_associated
Thermobispora,2,0,2,0,0.0,1.0,0.0,highly_likely_host_associated
Telmatobacter,1,0,1,0,0.0,1.0,0.0,highly_likely_host_associated
Formivibrio,1,0,0,0,0.0,0.0,0.0,mixed_or_uncertain
Fontimonas,1,0,0,0,0.0,0.0,0.0,mixed_or_uncertain
Fonticella,1,0,0,0,0.0,0.0,0.0,mixed_or_uncertain
Fontibacter,2,0,1,0,0.0,0.5,0.0,likely_host_associated
Fodinibacter,1,0,0,0,0.0,0.0,0.0,mixed_or_uncertain
Floricoccus,2,0,2,0,0.0,1.0,0.0,highly_likely_host_associated
Floccifex,1,0,1,0,0.0,1.0,0.0,highly_likely_host_associated
Flintibacter,1,0,1,0,0.0,1.0,0.0,highly_likely_host_associated
Halochromatium,3,0,0,0,0.0,0.0,0.0,mixed_or_uncertain
Flexistipes,1,0,0,0,0.0,0.0,0.0,mixed_or_uncertain
Flexilinea,1,0,0,1,0.0,0.0,1.0,mixed_or_uncertain
Flavonifractor,4,0,4,0,0.0,1.0,0.0,highly_likely_host_associated
Halovivax,2,0,0,0,0.0,0.0,0.0,mixed_or_uncertain
Halovenus,1,0,0,0,0.0,0.0,0.0,mixed_or_uncertain
Halotalea,1,0,0,1,0.0,0.0,1.0,mixed_or_uncertain
Halostagnicola,2,0,0,0,0.0,0.0,0.0,mixed_or_uncertain
Halospina,1,0,0,0,0.0,0.0,0.0,mixed_or_uncertain
Halosimplex,2,0,0,0,0.0,0.0,0.0,mixed_or_uncertain
Flindersiella,1,0,1,0,0.0,1.0,0.0,highly_likely_host_associated
Halocella,1,0,0,0,0.0,0.0,0.0,mixed_or_uncertain
Halobaculum,2,0,0,1,0.0,0.0,0.5,mixed_or_uncertain
Haloactinospora,1,0,0,0,0.0,0.0,0.0,mixed_or_uncertain
Haloactinopolyspora,2,0,0,0,0.0,0.0,0.0,mixed_or_uncertain
Alistipes,23,0,23,0,0.0,1.0,0.0,highly_likely_host_associated
Aliirhizobium,2,0,2,0,0.0,1.0,0.0,highly_likely_host_associated
Aliicoccus,1,0,0,0,0.0,0.0,0.0,mixed_or_uncertain
Aliibacillus,1,0,1,0,0.0,1.0,0.0,highly_likely_host_associated
Algisphaera,1,0,1,0,0.0,1.0,0.0,highly_likely_host_associated
Telmatocola,1,0,1,0,0.0,1.0,0.0,highly_likely_host_associated
Algimonas,2,0,2,0,0.0,1.0,0.0,highly_likely_host_associated
Aldersonia,1,0,1,0,0.0,1.0,0.0,highly_likely_host_associated
Terracidiphilus,1,0,1,0,0.0,1.0,0.0,highly_likely_host_associated
Teredinibacter,7,0,7,0,0.0,1.0,0.0,highly_likely_host_associated
Tepidimonas,6,0,1,1,0.0,0.16666666666666666,0.16666666666666666,mixed_or_uncertain
Tepidimicrobium,4,0,0,1,0.0,0.0,0.25,mixed_or_uncertain
Tepidicella,1,0,0,0,0.0,0.0,0.0,mixed_or_uncertain
Tepidanaerobacter,4,0,1,0,0.0,0.25,0.0,mixed_or_uncertain
Tepidamorphus,2,0,0,0,0.0,0.0,0.0,mixed_or_uncertain
Algiphilus,1,0,1,0,0.0,1.0,0.0,highly_likely_host_associated
Olegusella,1,0,1,0,0.0,1.0,0.0,highly_likely_host_associated
Okibacterium,3,0,2,1,0.0,0.6666666666666666,0.3333333333333333,highly_likely_host_associated
Oikeobacillus,1,0,0,1,0.0,0.0,1.0,mixed_or_uncertain
Oharaeibacter,1,0,1,0,0.0,1.0,0.0,highly_likely_host_associated
Oenococcus,6,0,4,2,0.0,0.6666666666666666,0.3333333333333333,highly_likely_host_associated
Odoribacter,8,0,8,0,0.0,1.0,0.0,highly_likely_host_associated
Oceanivirga,2,0,2,0,0.0,1.0,0.0,highly_likely_host_associated
Oceaniserpentilla,1,0,1,0,0.0,1.0,0.0,highly_likely_host_associated
Rhabdanaerobium,1,0,0,0,0.0,0.0,0.0,mixed_or_uncertain
Oceanicaulis,6,0,6,0,0.0,1.0,0.0,highly_likely_host_associated
Oceanibacterium,1,0,1,0,0.0,1.0,0.0,highly_likely_host_associated
Occidentia,1,0,1,0,0.0,1.0,0.0,highly_likely_host_associated
Obesumbacterium,9,0,9,0,0.0,1.0,0.0,highly_likely_host_associated
Numidum,1,0,1,0,0.0,1.0,0.0,highly_likely_host_associated
Notoacmeibacter,1,0,1,0,0.0,1.0,0.0,highly_likely_host_associated
Nosocomiicoccus,3,0,2,1,0.0,0.6666666666666666,0.3333333333333333,highly_likely_host_associated
Coprobacter,2,0,2,0,0.0,1.0,0.0,highly_likely_host_associated
Coprobacillus,1,0,1,0,0.0,1.0,0.0,highly_likely_host_associated
Oceanicella,4,0,0,0,0.0,0.0,0.0,mixed_or_uncertain
Marixanthomonas,1,0,1,0,0.0,1.0,0.0,highly_likely_host_associated
Maritimimonas,1,0,1,0,0.0,1.0,0.0,highly_likely_host_associated
Marinovum,4,0,4,0,0.0,1.0,0.0,highly_likely_host_associated
Desulfotalea,2,0,0,0,0.0,0.0,0.0,mixed_or_uncertain
Desulfospira,1,0,1,0,0.0,1.0,0.0,highly_likely_host_associated
Chromatocurvus,1,0,0,0,0.0,0.0,0.0,mixed_or_uncertain
Christensenella,3,0,3,0,0.0,1.0,0.0,highly_likely_host_associated
Chloroflexus,7,0,0,0,0.0,0.0,0.0,mixed_or_uncertain
Chlamydia,18,0,18,0,0.0,1.0,0.0,highly_likely_host_associated
Oleiharenicola,1,0,0,1,0.0,0.0,1.0,mixed_or_uncertain
Ornatilinea,1,0,0,1,0.0,0.0,1.0,mixed_or_uncertain
Oribacterium,3,0,3,0,0.0,1.0,0.0,highly_likely_host_associated
Orenia,4,0,0,0,0.0,0.0,0.0,mixed_or_uncertain
Orbus,2,0,2,0,0.0,1.0,0.0,highly_likely_host_associated
Opitutus,4,0,0,0,0.0,0.0,0.0,mixed_or_uncertain
Olsenella,7,0,7,0,0.0,1.0,0.0,highly_likely_host_associated
Oliverpabstia,1,0,1,0,0.0,1.0,0.0,highly_likely_host_associated
Oligosphaera,1,0,0,0,0.0,0.0,0.0,mixed_or_uncertain
Oligella,35,0,35,0,0.0,1.0,0.0,highly_likely_host_associated
Chitinivibrio,2,0,0,0,0.0,0.0,0.0,mixed_or_uncertain
Melissococcus,2,0,2,0,0.0,1.0,0.0,highly_likely_host_associated
Desulfofrigus,2,0,0,0,0.0,0.0,0.0,mixed_or_uncertain
Desulfofarcimen,1,0,1,0,0.0,1.0,0.0,highly_likely_host_associated
Desulfofalx,1,0,1,0,0.0,1.0,0.0,highly_likely_host_associated
Desulfoconvexum,1,0,0,0,0.0,0.0,0.0,mixed_or_uncertain
Collinsella,18,0,18,0,0.0,1.0,0.0,highly_likely_host_associated
Coetzeea,1,0,1,0,0.0,1.0,0.0,highly_likely_host_associated
Cocleimonas,1,0,1,0,0.0,1.0,0.0,highly_likely_host_associated
Cnuibacter,1,0,1,0,0.0,1.0,0.0,highly_likely_host_associated
Convivina,1,0,1,0,0.0,1.0,0.0,highly_likely_host_associated
Clostridioides,41,0,41,0,0.0,1.0,0.0,highly_likely_host_associated
Nitrospirillum,4,0,4,0,0.0,1.0,0.0,highly_likely_host_associated
Nitrososphaera,1,0,0,1,0.0,0.0,1.0,mixed_or_uncertain
Nitriliruptor,1,0,0,0,0.0,0.0,0.0,mixed_or_uncertain
Nitratiruptor,1,0,0,0,0.0,0.0,0.0,mixed_or_uncertain
Nitratifractor,1,0,0,0,0.0,0.0,0.0,mixed_or_uncertain
Nicoletella,19,0,19,0,0.0,1.0,0.0,highly_likely_host_associated
Niameybacter,1,0,1,0,0.0,1.0,0.0,highly_likely_host_associated
Cryptanaerobacter,1,0,0,0,0.0,0.0,0.0,mixed_or_uncertain
Cnuella,1,0,1,0,0.0,1.0,0.0,highly_likely_host_associated
Contubernalis,1,0,0,0,0.0,0.0,0.0,mixed_or_uncertain
Conservatibacter,1,0,1,0,0.0,1.0,0.0,highly_likely_host_associated
Conexivisphaera,1,0,0,0,0.0,0.0,0.0,mixed_or_uncertain
Conchiformibius,3,0,3,0,0.0,1.0,0.0,highly_likely_host_associated
Compostimonas,1,0,1,0,0.0,1.0,0.0,highly_likely_host_associated
Compostibacter,1,0,1,0,0.0,1.0,0.0,highly_likely_host_associated
Methanocella,3,0,3,0,0.0,1.0,0.0,highly_likely_host_associated
Methanocaldococcus,7,0,0,0,0.0,0.0,0.0,mixed_or_uncertain
Methanobrevibacter,16,0,15,1,0.0,0.9375,0.0625,highly_likely_host_associated
Merdimonas,1,0,1,0,0.0,1.0,0.0,highly_likely_host_associated
Metasolibacillus,1,0,1,0,0.0,1.0,0.0,highly_likely_host_associated
Metamycoplasma,10,0,10,0,0.0,1.0,0.0,highly_likely_host_associated
Metalysinibacillus,1,0,1,0,0.0,1.0,0.0,highly_likely_host_associated
Metallosphaera,3,0,0,0,0.0,0.0,0.0,mixed_or_uncertain
Metallibacterium,1,0,0,0,0.0,0.0,0.0,mixed_or_uncertain
Mesosutterella,1,0,1,0,0.0,1.0,0.0,highly_likely_host_associated
Mesomycoplasma,5,0,5,0,0.0,1.0,0.0,highly_likely_host_associated
Mesocricetibacter,1,0,1,0,0.0,1.0,0.0,highly_likely_host_associated
Mesoaciditoga,1,0,0,0,0.0,0.0,0.0,mixed_or_uncertain
Methanimicrococcus,1,0,1,0,0.0,1.0,0.0,highly_likely_host_associated
Paraeggerthella,2,0,2,0,0.0,1.0,0.0,highly_likely_host_associated
Parachlamydia,1,0,1,0,0.0,1.0,0.0,highly_likely_host_associated
Paracandidimonas,1,0,1,0,0.0,1.0,0.0,highly_likely_host_associated
Parabacteroides,28,0,27,1,0.0,0.9642857142857143,0.03571428571428571,highly_likely_host_associated
Papillibacter,1,0,0,0,0.0,0.0,0.0,mixed_or_uncertain
Pannonibacter,7,0,5,1,0.0,0.7142857142857143,0.14285714285714285,highly_likely_host_associated
Desulfosoma,2,0,0,0,0.0,0.0,0.0,mixed_or_uncertain
Desulfosalsimonas,1,0,0,0,0.0,0.0,0.0,mixed_or_uncertain
Martelella,5,0,4,0,0.0,0.8,0.0,highly_likely_host_associated
Desulfoprunum,1,0,0,1,0.0,0.0,1.0,mixed_or_uncertain
Desulfonispora,1,0,0,1,0.0,0.0,1.0,mixed_or_uncertain
Desulfonatronobacter,2,0,0,0,0.0,0.0,0.0,mixed_or_uncertain
Desulfomonile,1,0,0,1,0.0,0.0,1.0,mixed_or_uncertain
Desulfohalovibrio,1,0,1,0,0.0,1.0,0.0,highly_likely_host_associated
Desulfohalotomaculum,1,0,0,0,0.0,0.0,0.0,mixed_or_uncertain
Marinithermus,1,0,0,0,0.0,0.0,0.0,mixed_or_uncertain
Mariniradius,1,0,1,0,0.0,1.0,0.0,highly_likely_host_associated
Mariniblastus,1,0,1,0,0.0,1.0,0.0,highly_likely_host_associated
Desulforadius,1,0,0,0,0.0,0.0,0.0,mixed_or_uncertain
Parascardovia,2,0,2,0,0.0,1.0,0.0,highly_likely_host_associated
Parapusillimonas,2,0,0,1,0.0,0.0,0.5,mixed_or_uncertain
Parapseudoflavitalea,1,0,1,0,0.0,1.0,0.0,highly_likely_host_associated
Paraprevotella,2,0,2,0,0.0,1.0,0.0,highly_likely_host_associated
Paranoxybacillus,1,0,0,0,0.0,0.0,0.0,mixed_or_uncertain
Chenggangzhangella,1,0,0,1,0.0,0.0,1.0,mixed_or_uncertain
Chelonobacter,1,0,1,0,0.0,1.0,0.0,highly_likely_host_associated
Chania,1,0,0,1,0.0,0.0,1.0,mixed_or_uncertain
Cetobacterium,2,0,2,0,0.0,1.0,0.0,highly_likely_host_associated
Paraferrimonas,1,0,1,0,0.0,1.0,0.0,highly_likely_host_associated
Cephaloticoccus,2,0,2,0,0.0,1.0,0.0,highly_likely_host_associated
Centipeda,2,0,2,0,0.0,1.0,0.0,highly_likely_host_associated
Celerinatantimonas,6,0,5,0,0.0,0.8333333333333334,0.0,highly_likely_host_associated
Caviibacterium,1,0,1,0,0.0,1.0,0.0,highly_likely_host_associated
Paramuribaculum,2,0,0,2,0.0,0.0,1.0,mixed_or_uncertain
Paramaledivibacter,1,0,0,0,0.0,0.0,0.0,mixed_or_uncertain
Paralkalibacillus,1,0,1,0,0.0,1.0,0.0,highly_likely_host_associated
Paralcaligenes,1,0,1,0,0.0,1.0,0.0,highly_likely_host_associated
Paralactobacillus,2,0,0,2,0.0,0.0,1.0,mixed_or_uncertain
Cerasibacillus,1,0,0,1,0.0,0.0,1.0,mixed_or_uncertain
Citreimonas,1,0,0,0,0.0,0.0,0.0,mixed_or_uncertain
Ciceribacter,3,0,1,1,0.0,0.3333333333333333,0.3333333333333333,mixed_or_uncertain
Chthonobacter,1,0,1,0,0.0,1.0,0.0,highly_likely_host_associated
Chthoniobacter,1,0,1,0,0.0,1.0,0.0,highly_likely_host_associated
Chrysiogenes,1,0,1,0,0.0,1.0,0.0,highly_likely_host_associated
Desulfocastanea,1,0,0,0,0.0,0.0,0.0,mixed_or_uncertain
Desulfobacca,1,0,0,0,0.0,0.0,0.0,mixed_or_uncertain
Desulfitispora,2,0,0,0,0.0,0.0,0.0,mixed_or_uncertain
Desulfitibacter,1,0,0,1,0.0,0.0,1.0,mixed_or_uncertain
Marinibactrum,1,0,1,0,0.0,1.0,0.0,highly_likely_host_associated
Melghiribacillus,1,0,0,0,0.0,0.0,0.0,mixed_or_uncertain
Melaminivora,2,0,0,2,0.0,0.0,1.0,mixed_or_uncertain
Meinhardsimonia,1,0,0,0,0.0,0.0,0.0,mixed_or_uncertain
Megasphaera,16,0,12,4,0.0,0.75,0.25,highly_likely_host_associated
Megamonas,5,0,5,0,0.0,1.0,0.0,highly_likely_host_associated
Mediterraneibacter,12,0,12,0,0.0,1.0,0.0,highly_likely_host_associated
Massilimalia,1,0,1,0,0.0,1.0,0.0,highly_likely_host_associated
Massilibacterium,1,0,1,0,0.0,1.0,0.0,highly_likely_host_associated
Marvinbryantia,1,0,1,0,0.0,1.0,0.0,highly_likely_host_associated
Desulfatirhabdium,1,0,0,0,0.0,0.0,0.0,mixed_or_uncertain
Marinagarivorans,1,0,1,0,0.0,1.0,0.0,highly_likely_host_associated
Dichelobacter,1,0,1,0,0.0,1.0,0.0,highly_likely_host_associated
Panacibacter,1,0,1,0,0.0,1.0,0.0,highly_likely_host_associated
Panacagrimonas,1,0,1,0,0.0,1.0,0.0,highly_likely_host_associated
Paludisphaera,1,0,1,0,0.0,1.0,0.0,highly_likely_host_associated
Paludibaculum,1,0,0,0,0.0,0.0,0.0,mixed_or_uncertain
Paeniclostridium,5,0,5,0,0.0,1.0,0.0,highly_likely_host_associated
Paenalcaligenes,2,0,2,0,0.0,1.0,0.0,highly_likely_host_associated
Oxobacter,1,0,1,0,0.0,1.0,0.0,highly_likely_host_associated
Citroniella,1,0,1,0,0.0,1.0,0.0,highly_likely_host_associated
Ottowia,6,0,1,5,0.0,0.16666666666666666,0.8333333333333334,mixed_or_uncertain
Otariodibacter,1,0,1,0,0.0,1.0,0.0,highly_likely_host_associated
Oscillibacter,3,0,3,0,0.0,1.0,0.0,highly_likely_host_associated
Oryzomicrobium,1,0,0,0,0.0,0.0,0.0,mixed_or_uncertain
Oryzobacter,1,0,1,0,0.0,1.0,0.0,highly_likely_host_associated
Oryzisolibacter,1,0,1,0,0.0,1.0,0.0,highly_likely_host_associated
Ornithobacterium,20,0,20,0,0.0,1.0,0.0,highly_likely_host_associated
Cloacibacillus,4,0,3,1,0.0,0.75,0.25,highly_likely_host_associated
Clavibacter,27,0,26,1,0.0,0.9629629629629629,0.037037037037037035,highly_likely_host_associated
Oxalobacter,2,0,1,0,0.0,0.5,0.0,likely_host_associated
Dechlorosoma,1,0,1,0,0.0,1.0,0.0,highly_likely_host_associated
Dechloromonas,4,0,1,3,0.0,0.25,0.75,mixed_or_uncertain
Cutibacterium,77,0,64,12,0.0,0.8311688311688312,0.15584415584415584,highly_likely_host_associated
Curtobacterium,45,0,26,18,0.0,0.5777777777777777,0.4,likely_host_associated
Cuneatibacter,1,0,1,0,0.0,1.0,0.0,highly_likely_host_associated
Cumulibacter,1,0,0,1,0.0,0.0,1.0,mixed_or_uncertain
Cryptobacterium,2,0,2,0,0.0,1.0,0.0,highly_likely_host_associated
Mitsuokella,3,0,3,0,0.0,1.0,0.0,highly_likely_host_associated
Cruoricaptor,2,0,2,0,0.0,1.0,0.0,highly_likely_host_associated
Millisia,1,0,0,1,0.0,0.0,1.0,mixed_or_uncertain
Micropruina,1,0,0,1,0.0,0.0,1.0,mixed_or_uncertain
Micrococcoides,1,0,1,0,0.0,1.0,0.0,highly_likely_host_associated
Actinobacillus,94,0,94,0,0.0,1.0,0.0,highly_likely_host_associated
Acaricomes,1,0,1,0,0.0,1.0,0.0,highly_likely_host_associated
Zymomonas,4,0,2,2,0.0,0.5,0.5,likely_host_associated
Zymobacter,1,0,1,0,0.0,1.0,0.0,highly_likely_host_associated
Acetanaerobacterium,2,0,1,1,0.0,0.5,0.5,likely_host_associated
Abiotrophia,35,0,35,0,0.0,1.0,0.0,highly_likely_host_associated
Minicystis,1,0,1,0,0.0,1.0,0.0,highly_likely_host_associated
Muricomes,1,0,1,0,0.0,1.0,0.0,highly_likely_host_associated
Muribaculum,4,0,4,0,0.0,1.0,0.0,highly_likely_host_associated
Muribacter,23,0,23,0,0.0,1.0,0.0,highly_likely_host_associated
Murdochiella,2,0,2,0,0.0,1.0,0.0,highly_likely_host_associated
Mucispirillum,1,0,1,0,0.0,1.0,0.0,highly_likely_host_associated
Mucinivorans,1,0,1,0,0.0,1.0,0.0,highly_likely_host_associated
Motilibacter,2,0,2,0,0.0,1.0,0.0,highly_likely_host_associated
Moryella,1,0,1,0,0.0,1.0,0.0,highly_likely_host_associated
Morococcus,1,0,1,0,0.0,1.0,0.0,highly_likely_host_associated
Dechlorospirillum,1,0,1,0,0.0,1.0,0.0,highly_likely_host_associated
Monoglobus,1,0,1,0,0.0,1.0,0.0,highly_likely_host_associated
Mongoliitalea,1,0,0,0,0.0,0.0,0.0,mixed_or_uncertain
Mogibacterium,6,0,6,0,0.0,1.0,0.0,highly_likely_host_associated
Mobiluncus,25,0,25,0,0.0,1.0,0.0,highly_likely_host_associated
Mobilitalea,1,0,0,0,0.0,0.0,0.0,mixed_or_uncertain
Mobilisporobacter,1,0,0,1,0.0,0.0,1.0,mixed_or_uncertain
Mobilicoccus,2,0,2,0,0.0,1.0,0.0,highly_likely_host_associated
Mixta,13,0,10,3,0.0,0.7692307692307693,0.23076923076923078,highly_likely_host_associated
Defluviicoccus,1,0,0,1,0.0,0.0,1.0,mixed_or_uncertain
Morganella,23,0,23,0,0.0,1.0,0.0,highly_likely_host_associated
Tunturiibacter,1,0,1,0,0.0,1.0,0.0,highly_likely_host_associated
Tundrisphaera,1,0,1,0,0.0,1.0,0.0,highly_likely_host_associated
Gilliamella,6,0,6,0,0.0,1.0,0.0,highly_likely_host_associated
Ursidibacter,2,0,2,0,0.0,1.0,0.0,highly_likely_host_associated
Microbacter,1,0,0,0,0.0,0.0,0.0,mixed_or_uncertain
Actinosynnema,2,0,2,0,0.0,1.0,0.0,highly_likely_host_associated
Xanthomarina,1,0,1,0,0.0,1.0,0.0,highly_likely_host_associated
Wukongibacter,1,0,0,0,0.0,0.0,0.0,mixed_or_uncertain
Wolinella,3,0,3,0,0.0,1.0,0.0,highly_likely_host_associated
Acetatifactor,1,0,1,0,0.0,1.0,0.0,highly_likely_host_associated
Acidisphaera,1,0,0,0,0.0,0.0,0.0,mixed_or_uncertain
Acidipropionibacterium,11,0,2,9,0.0,0.18181818181818182,0.8181818181818182,mixed_or_uncertain
Acidiplasma,2,0,0,0,0.0,0.0,0.0,mixed_or_uncertain
Acidipila,1,0,0,0,0.0,0.0,0.0,mixed_or_uncertain
Acidimicrobium,1,0,0,0,0.0,0.0,0.0,mixed_or_uncertain
Acidilobus,2,0,0,0,0.0,0.0,0.0,mixed_or_uncertain
Acidicaldus,1,0,0,0,0.0,0.0,0.0,mixed_or_uncertain
Acidibacter,1,0,0,0,0.0,0.0,0.0,mixed_or_uncertain
Acidaminococcus,3,0,3,0,0.0,1.0,0.0,highly_likely_host_associated
Wohlfahrtiimonas,8,0,8,0,0.0,1.0,0.0,highly_likely_host_associated
Acetitomaculum,1,0,1,0,0.0,1.0,0.0,highly_likely_host_associated
Zimmermannella,3,0,3,0,0.0,1.0,0.0,highly_likely_host_associated
Zhouia,1,0,1,0,0.0,1.0,0.0,highly_likely_host_associated
Acetobacteroides,1,0,1,0,0.0,1.0,0.0,highly_likely_host_associated
Aciduliprofundum,1,0,0,0,0.0,0.0,0.0,mixed_or_uncertain
Acidomonas,1,0,1,0,0.0,1.0,0.0,highly_likely_host_associated
Acidithrix,1,0,0,0,0.0,0.0,0.0,mixed_or_uncertain
Vespertiliibacter,4,0,4,0,0.0,1.0,0.0,highly_likely_host_associated
Verminephrobacter,4,0,4,0,0.0,1.0,0.0,highly_likely_host_associated
Turicibacter,4,0,4,0,0.0,1.0,0.0,highly_likely_host_associated
Venenivibrio,1,0,0,0,0.0,0.0,0.0,mixed_or_uncertain
Velocimicrobium,1,0,1,0,0.0,1.0,0.0,highly_likely_host_associated
Veillonella,37,0,37,0,0.0,1.0,0.0,highly_likely_host_associated
Varibaculum,19,0,19,0,0.0,1.0,0.0,highly_likely_host_associated
Uruburuella,3,0,3,0,0.0,1.0,0.0,highly_likely_host_associated
Acetonema,2,0,2,0,0.0,1.0,0.0,highly_likely_host_associated
Ureaplasma,6,0,6,0,0.0,1.0,0.0,highly_likely_host_associated
Turneriella,1,0,0,1,0.0,0.0,1.0,mixed_or_uncertain
Turicimonas,1,0,1,0,0.0,1.0,0.0,highly_likely_host_associated
Ventosimonas,1,0,1,0,0.0,1.0,0.0,highly_likely_host_associated
Cricetibacter,1,0,1,0,0.0,1.0,0.0,highly_likely_host_associated
Crenobacter,1,0,0,0,0.0,0.0,0.0,mixed_or_uncertain
Crateriforma,1,0,1,0,0.0,1.0,0.0,highly_likely_host_associated
Corticicoccus,1,0,1,0,0.0,1.0,0.0,highly_likely_host_associated
Corticibacterium,1,0,1,0,0.0,1.0,0.0,highly_likely_host_associated
Corticibacter,1,0,1,0,0.0,1.0,0.0,highly_likely_host_associated
Coriobacterium,2,0,2,0,0.0,1.0,0.0,highly_likely_host_associated
Corallomonas,1,0,1,0,0.0,1.0,0.0,highly_likely_host_associated
Corallibacter,1,0,1,0,0.0,1.0,0.0,highly_likely_host_associated
Denitrobacterium,3,0,3,0,0.0,1.0,0.0,highly_likely_host_associated
Coprothermobacter,3,0,0,0,0.0,0.0,0.0,mixed_or_uncertain
Coprococcus,4,0,4,0,0.0,1.0,0.0,highly_likely_host_associated
Neptuniibacter,3,0,2,0,0.0,0.6666666666666666,0.0,highly_likely_host_associated
Neoscardovia,1,0,1,0,0.0,1.0,0.0,highly_likely_host_associated
Neomoorella,5,0,0,0,0.0,0.0,0.0,mixed_or_uncertain
Neomegalonema,1,0,0,1,0.0,0.0,1.0,mixed_or_uncertain
Neochlamydia,2,0,2,0,0.0,1.0,0.0,highly_likely_host_associated
Neisseria,375,0,373,2,0.0,0.9946666666666667,0.005333333333333333,highly_likely_host_associated
Neiella,1,0,1,0,0.0,1.0,0.0,highly_likely_host_associated
Coraliomargarita,1,0,1,0,0.0,1.0,0.0,highly_likely_host_associated
Crossiella,1,0,1,0,0.0,1.0,0.0,highly_likely_host_associated
Denitrificimonas,1,0,0,0,0.0,0.0,0.0,mixed_or_uncertain
Denitratisoma,1,0,0,1,0.0,0.0,1.0,mixed_or_uncertain
Dendrosporobacter,1,0,1,0,0.0,1.0,0.0,highly_likely_host_associated
Dellaglioa,1,0,0,1,0.0,0.0,1.0,mixed_or_uncertain
Dehalococcoides,1,0,0,1,0.0,0.0,1.0,mixed_or_uncertain
Dehalobacter,1,0,0,1,0.0,0.0,1.0,mixed_or_uncertain
Defluviitoga,2,0,0,0,0.0,0.0,0.0,mixed_or_uncertain
Defluviitalea,2,0,1,0,0.0,0.5,0.0,likely_host_associated
Croceifilum,1,0,1,0,0.0,1.0,0.0,highly_likely_host_associated
Methanotorris,2,0,0,0,0.0,0.0,0.0,mixed_or_uncertain
Methanosphaera,2,0,2,0,0.0,1.0,0.0,highly_likely_host_associated
Methanoregula,2,0,0,0,0.0,0.0,0.0,mixed_or_uncertain
Methanonatronarchaeum,1,0,0,0,0.0,0.0,0.0,mixed_or_uncertain
Methanomicrobium,1,0,1,0,0.0,1.0,0.0,highly_likely_host_associated
Methanomassiliicoccus,1,0,1,0,0.0,1.0,0.0,highly_likely_host_associated
Methanolinea,2,0,1,0,0.0,0.5,0.0,likely_host_associated
Methanohalobium,1,0,0,0,0.0,0.0,0.0,mixed_or_uncertain
Methanofollis,6,0,3,1,0.0,0.5,0.16666666666666666,likely_host_associated
Methylibium,2,0,1,1,0.0,0.5,0.5,likely_host_associated
Methyloterricola,1,0,1,0,0.0,1.0,0.0,highly_likely_host_associated
Methylosarcina,2,0,0,2,0.0,0.0,1.0,mixed_or_uncertain
Methylorosula,1,0,0,0,0.0,0.0,0.0,mixed_or_uncertain
Methylonatrum,1,0,0,0,0.0,0.0,0.0,mixed_or_uncertain
Methylomusa,1,0,1,0,0.0,1.0,0.0,highly_likely_host_associated
Methylomarinum,1,0,0,0,0.0,0.0,0.0,mixed_or_uncertain
Methylomarinovum,1,0,0,0,0.0,0.0,0.0,mixed_or_uncertain
Methylomagnum,1,0,1,0,0.0,1.0,0.0,highly_likely_host_associated
Methylohalomonas,1,0,0,0,0.0,0.0,0.0,mixed_or_uncertain
Neglectibacter,1,0,1,0,0.0,1.0,0.0,highly_likely_host_associated
Methylogaea,1,0,1,0,0.0,1.0,0.0,highly_likely_host_associated
Methyloferula,1,0,0,0,0.0,0.0,0.0,mixed_or_uncertain
Methylocella,2,0,0,0,0.0,0.0,0.0,mixed_or_uncertain
Methyloceanibacter,1,0,0,0,0.0,0.0,0.0,mixed_or_uncertain
Desnuesiella,1,0,1,0,0.0,1.0,0.0,highly_likely_host_associated
Desemzia,2,0,1,1,0.0,0.5,0.5,likely_host_associated
Dermatophilus,11,0,11,0,0.0,1.0,0.0,highly_likely_host_associated
Dermabacter,33,0,29,4,0.0,0.8787878787878788,0.12121212121212122,highly_likely_host_associated
Denitrovibrio,1,0,0,1,0.0,0.0,1.0,mixed_or_uncertain
Methylohalobius,1,0,0,0,0.0,0.0,0.0,mixed_or_uncertain
Negativicoccus,2,0,2,0,0.0,1.0,0.0,highly_likely_host_associated
Necropsobacter,7,0,7,0,0.0,1.0,0.0,highly_likely_host_associated
Naxibacter,1,0,1,0,0.0,1.0,0.0,highly_likely_host_associated
Nautilia,4,0,1,0,0.0,0.25,0.0,mixed_or_uncertain
Naumannella,4,0,1,3,0.0,0.25,0.75,mixed_or_uncertain
Natronoflexus,1,0,0,0,0.0,0.0,0.0,mixed_or_uncertain
Natronococcus,3,0,0,1,0.0,0.0,0.3333333333333333,mixed_or_uncertain
Natronobacterium,3,0,0,0,0.0,0.0,0.0,mixed_or_uncertain
Natronincola,4,0,0,0,0.0,0.0,0.0,mixed_or_uncertain
Muricoprocola,1,0,1,0,0.0,1.0,0.0,highly_likely_host_associated
Myxacorys,1,0,0,1,0.0,0.0,1.0,mixed_or_uncertain
Mycoplasmopsis,22,0,22,0,0.0,1.0,0.0,highly_likely_host_associated
Mycoplasmoides,5,0,5,0,0.0,1.0,0.0,highly_likely_host_associated
Mycoplasma,29,0,29,0,0.0,1.0,0.0,highly_likely_host_associated
Mycoavidus,1,0,1,0,0.0,1.0,0.0,highly_likely_host_associated
Mycetohabitans,2,0,2,0,0.0,1.0,0.0,highly_likely_host_associated
Muriventricola,2,0,2,0,0.0,1.0,0.0,highly_likely_host_associated
Murinocardiopsis,2,0,2,0,0.0,1.0,0.0,highly_likely_host_associated
Murimonas,3,0,3,0,0.0,1.0,0.0,highly_likely_host_associated
Natranaerovirga,2,0,0,0,0.0,0.0,0.0,mixed_or_uncertain
Pseudocitrobacter,2,0,2,0,0.0,1.0,0.0,highly_likely_host_associated
Pseudobutyrivibrio,3,0,3,0,0.0,1.0,0.0,highly_likely_host_associated
Pseudobdellovibrio,1,0,0,1,0.0,0.0,1.0,mixed_or_uncertain
Ellagibacter,1,0,1,0,0.0,1.0,0.0,highly_likely_host_associated
Elioraea,1,0,0,0,0.0,0.0,0.0,mixed_or_uncertain
Eisenibacter,1,0,0,0,0.0,0.0,0.0,mixed_or_uncertain
Eisenbergiella,4,0,4,0,0.0,1.0,0.0,highly_likely_host_associated
Eilatimonas,1,0,1,0,0.0,1.0,0.0,highly_likely_host_associated
Parasphingopyxis,2,0,2,0,0.0,1.0,0.0,highly_likely_host_associated
Ehrlichia,1,0,1,0,0.0,1.0,0.0,highly_likely_host_associated
Egibacter,1,0,1,0,0.0,1.0,0.0,highly_likely_host_associated
Eggerthia,5,0,5,0,0.0,1.0,0.0,highly_likely_host_associated
Eggerthella,64,0,64,0,0.0,1.0,0.0,highly_likely_host_associated
Edwardsiella,11,0,11,0,0.0,1.0,0.0,highly_likely_host_associated
Ectothiorhodospira,8,0,0,0,0.0,0.0,0.0,mixed_or_uncertain
Ectothiorhodosinus,1,0,0,0,0.0,0.0,0.0,mixed_or_uncertain
Ligilactobacillus,68,0,57,11,0.0,0.8382352941176471,0.16176470588235295,highly_likely_host_associated
Liberibacter,1,0,1,0,0.0,1.0,0.0,highly_likely_host_associated
Eikenella,33,0,33,0,0.0,1.0,0.0,highly_likely_host_associated
Brachymonas,9,0,3,6,0.0,0.3333333333333333,0.6666666666666666,mixed_or_uncertain
Bowdeniella,1,0,1,0,0.0,1.0,0.0,highly_likely_host_associated
Bovifimicola,1,0,1,0,0.0,1.0,0.0,highly_likely_host_associated
Bounagaea,1,0,0,0,0.0,0.0,0.0,mixed_or_uncertain
Boudabousia,5,0,5,0,0.0,1.0,0.0,highly_likely_host_associated
Borrelia,21,0,21,0,0.0,1.0,0.0,highly_likely_host_associated
Bombiscardovia,1,0,1,0,0.0,1.0,0.0,highly_likely_host_associated
Bombilactobacillus,5,0,5,0,0.0,1.0,0.0,highly_likely_host_associated
Bombella,5,0,5,0,0.0,1.0,0.0,highly_likely_host_associated
Pseudoflavitalea,1,0,1,0,0.0,1.0,0.0,highly_likely_host_associated
Blastocatella,1,0,0,0,0.0,0.0,0.0,mixed_or_uncertain
Bittarella,1,0,1,0,0.0,1.0,0.0,highly_likely_host_associated
Bisgaardia,5,0,5,0,0.0,1.0,0.0,highly_likely_host_associated
Pseudoleptotrichia,3,0,3,0,0.0,1.0,0.0,highly_likely_host_associated
Pseudohoeflea,1,0,1,0,0.0,1.0,0.0,highly_likely_host_associated
Pseudoglutamicibacter,23,0,23,0,0.0,1.0,0.0,highly_likely_host_associated
Pseudogemmobacter,1,0,0,1,0.0,0.0,1.0,mixed_or_uncertain
Pseudofulvimonas,1,0,1,0,0.0,1.0,0.0,highly_likely_host_associated
Pseudoflavonifractor,1,0,1,0,0.0,1.0,0.0,highly_likely_host_associated
Blautia,31,0,30,0,0.0,0.967741935483871,0.0,highly_likely_host_associated
Caenibacillus,1,0,0,1,0.0,0.0,1.0,mixed_or_uncertain
Caecibacterium,2,0,2,0,0.0,1.0,0.0,highly_likely_host_associated
Byssovorax,1,0,1,0,0.0,1.0,0.0,highly_likely_host_associated
Butyrivibrio,11,0,11,0,0.0,1.0,0.0,highly_likely_host_associated
Butyricimonas,7,0,7,0,0.0,1.0,0.0,highly_likely_host_associated
Butyricicoccus,4,0,4,0,0.0,1.0,0.0,highly_likely_host_associated
Butyribacterium,1,0,0,1,0.0,0.0,1.0,mixed_or_uncertain
Butyratibacter,1,0,1,0,0.0,1.0,0.0,highly_likely_host_associated
Bullifex,1,0,1,0,0.0,1.0,0.0,highly_likely_host_associated
Levilactobacillus,30,0,14,14,0.0,0.4666666666666667,0.4666666666666667,likely_host_associated
Buchananella,3,0,3,0,0.0,1.0,0.0,highly_likely_host_associated
Bryocella,1,0,1,0,0.0,1.0,0.0,highly_likely_host_associated
Bryobacter,1,0,1,0,0.0,1.0,0.0,highly_likely_host_associated
Brotonthovivens,1,0,1,0,0.0,1.0,0.0,highly_likely_host_associated
Brotomerdimonas,1,0,1,0,0.0,1.0,0.0,highly_likely_host_associated
Brockia,1,0,0,0,0.0,0.0,0.0,mixed_or_uncertain
Breznakia,2,0,2,0,0.0,1.0,0.0,highly_likely_host_associated
Brevirhabdus,1,0,0,0,0.0,0.0,0.0,mixed_or_uncertain
Propionispora,2,0,0,2,0.0,0.0,1.0,mixed_or_uncertain
Bulleidia,1,0,1,0,0.0,1.0,0.0,highly_likely_host_associated
Leptotrichia,45,0,45,0,0.0,1.0,0.0,highly_likely_host_associated
Leptothrix,1,0,1,0,0.0,1.0,0.0,highly_likely_host_associated
Leptonema,1,0,1,0,0.0,1.0,0.0,highly_likely_host_associated
Lentimicrobium,1,0,0,1,0.0,0.0,1.0,mixed_or_uncertain
Lentilactobacillus,28,0,8,20,0.0,0.2857142857142857,0.7142857142857143,mixed_or_uncertain
Leminorella,4,0,4,0,0.0,1.0,0.0,highly_likely_host_associated
Pseudobacteroides,1,0,0,1,0.0,0.0,1.0,mixed_or_uncertain
Pseudobacteriovorax,1,0,1,0,0.0,1.0,0.0,highly_likely_host_associated
Pseudobacter,1,0,1,0,0.0,1.0,0.0,highly_likely_host_associated
Prosthecodimorpha,1,0,1,0,0.0,1.0,0.0,highly_likely_host_associated
Pseudarcobacter,1,0,0,1,0.0,0.0,1.0,mixed_or_uncertain
Pseudarcicella,1,0,1,0,0.0,1.0,0.0,highly_likely_host_associated
Pseudalgibacter,1,0,1,0,0.0,1.0,0.0,highly_likely_host_associated
Protochlamydia,1,0,1,0,0.0,1.0,0.0,highly_likely_host_associated
Proteocatella,1,0,1,0,0.0,1.0,0.0,highly_likely_host_associated
Proteinivorax,3,0,0,1,0.0,0.0,0.3333333333333333,mixed_or_uncertain
Proteiniphilum,2,0,1,1,0.0,0.5,0.5,likely_host_associated
Proteiniclasticum,1,0,1,0,0.0,1.0,0.0,highly_likely_host_associated
Proteiniborus,2,0,0,2,0.0,0.0,1.0,mixed_or_uncertain
Pseudescherichia,7,0,7,0,0.0,1.0,0.0,highly_likely_host_associated
Bergeyella,29,0,29,0,0.0,1.0,0.0,highly_likely_host_associated
Bergeriella,2,0,2,0,0.0,1.0,0.0,highly_likely_host_associated
Bellilinea,1,0,0,0,0.0,0.0,0.0,mixed_or_uncertain
Beijerinckia,2,0,2,0,0.0,1.0,0.0,highly_likely_host_associated
Beduinia,1,0,1,0,0.0,1.0,0.0,highly_likely_host_associated
Basilea,1,0,1,0,0.0,1.0,0.0,highly_likely_host_associated
Basfia,6,0,6,0,0.0,1.0,0.0,highly_likely_host_associated
Bartonella,53,0,53,0,0.0,1.0,0.0,highly_likely_host_associated
Brachyspira,8,0,8,0,0.0,1.0,0.0,highly_likely_host_associated
Bariatricus,1,0,1,0,0.0,1.0,0.0,highly_likely_host_associated
Balneimonas,2,0,0,0,0.0,0.0,0.0,mixed_or_uncertain
Balnearium,1,0,0,0,0.0,0.0,0.0,mixed_or_uncertain
Ravibacter,1,0,0,1,0.0,0.0,1.0,mixed_or_uncertain
Rarobacter,4,0,0,4,0.0,0.0,1.0,mixed_or_uncertain
Rarimicrobium,1,0,1,0,0.0,1.0,0.0,highly_likely_host_associated
Rapidithrix,1,0,1,0,0.0,1.0,0.0,highly_likely_host_associated
Quisquiliibacterium,1,0,0,1,0.0,0.0,1.0,mixed_or_uncertain
Pyruvatibacter,1,0,0,1,0.0,0.0,1.0,mixed_or_uncertain
Barnesiella,3,0,3,0,0.0,1.0,0.0,highly_likely_host_associated
Labedaea,1,0,1,0,0.0,1.0,0.0,highly_likely_host_associated
Avibacterium,29,0,29,0,0.0,1.0,0.0,highly_likely_host_associated
Austwickia,1,0,1,0,0.0,1.0,0.0,highly_likely_host_associated
Auritidibacter,2,0,2,0,0.0,1.0,0.0,highly_likely_host_associated
Aureivirga,1,0,1,0,0.0,1.0,0.0,highly_likely_host_associated
Aureisphaera,1,0,1,0,0.0,1.0,0.0,highly_likely_host_associated
Aureibacter,1,0,1,0,0.0,1.0,0.0,highly_likely_host_associated
Rhodopila,1,0,0,0,0.0,0.0,0.0,mixed_or_uncertain
Rhodoglobus,2,0,1,0,0.0,0.5,0.0,likely_host_associated
Berryella,1,0,1,0,0.0,1.0,0.0,highly_likely_host_associated
Rhizorhapis,1,0,1,0,0.0,1.0,0.0,highly_likely_host_associated
Rhizocola,1,0,1,0,0.0,1.0,0.0,highly_likely_host_associated
Rhizobiales,1,0,0,0,0.0,0.0,0.0,mixed_or_uncertain
Rhabdothermus,1,0,0,0,0.0,0.0,0.0,mixed_or_uncertain
Acholeplasma,1,0,1,0,0.0,1.0,0.0,highly_likely_host_associated
Renibacterium,1,0,1,0,0.0,1.0,0.0,highly_likely_host_associated
Bilophila,6,0,5,0,0.0,0.8333333333333334,0.0,highly_likely_host_associated
Bilifractor,1,0,1,0,0.0,1.0,0.0,highly_likely_host_associated
Bibersteinia,4,0,4,0,0.0,1.0,0.0,highly_likely_host_associated
Rhodocista,3,0,0,0,0.0,0.0,0.0,mixed_or_uncertain
Lacticaseibacillus,80,0,62,18,0.0,0.775,0.225,highly_likely_host_associated
Facklamia,29,0,26,3,0.0,0.896551724137931,0.10344827586206896,highly_likely_host_associated
Ezakiella,3,0,3,0,0.0,1.0,0.0,highly_likely_host_associated
Extibacter,2,0,2,0,0.0,1.0,0.0,highly_likely_host_associated
Extensimonas,1,0,0,1,0.0,0.0,1.0,mixed_or_uncertain
Exilispira,1,0,0,0,0.0,0.0,0.0,mixed_or_uncertain
Pueribacillus,1,0,0,1,0.0,0.0,1.0,mixed_or_uncertain
Psychrobium,1,0,0,0,0.0,0.0,0.0,mixed_or_uncertain
Pseudozobellia,1,0,1,0,0.0,1.0,0.0,highly_likely_host_associated
Pyrodictium,4,0,0,0,0.0,0.0,0.0,mixed_or_uncertain
Pseudotenacibaculum,1,0,1,0,0.0,1.0,0.0,highly_likely_host_associated
Pseudosulfitobacter,1,0,1,0,0.0,1.0,0.0,highly_likely_host_associated
Pseudoscardovia,2,0,2,0,0.0,1.0,0.0,highly_likely_host_associated
Pseudoramibacter,4,0,4,0,0.0,1.0,0.0,highly_likely_host_associated
Brenneria,8,0,8,0,0.0,1.0,0.0,highly_likely_host_associated
Bremerella,1,0,1,0,0.0,1.0,0.0,highly_likely_host_associated
Brassicibacter,1,0,0,0,0.0,0.0,0.0,mixed_or_uncertain
Branchiibius,2,0,2,0,0.0,1.0,0.0,highly_likely_host_associated
Brackiella,1,0,1,0,0.0,1.0,0.0,highly_likely_host_associated
Pseudoteredinibacter,2,0,2,0,0.0,1.0,0.0,highly_likely_host_associated
Pyramidobacter,3,0,3,0,0.0,1.0,0.0,highly_likely_host_associated
Puniceicoccus,1,0,1,0,0.0,1.0,0.0,highly_likely_host_associated
Leeia,1,0,1,0,0.0,1.0,0.0,highly_likely_host_associated
Leclercia,9,0,7,2,0.0,0.7777777777777778,0.2222222222222222,highly_likely_host_associated
Leadbetterella,1,0,1,0,0.0,1.0,0.0,highly_likely_host_associated
Lawsonibacter,1,0,1,0,0.0,1.0,0.0,highly_likely_host_associated
Lawsonella,1,0,1,0,0.0,1.0,0.0,highly_likely_host_associated
Lautropia,9,0,9,0,0.0,1.0,0.0,highly_likely_host_associated
Latilactobacillus,42,0,22,19,0.0,0.5238095238095238,0.4523809523809524,likely_host_associated
Lactiplantibacillus,59,0,38,17,0.0,0.6440677966101694,0.288135593220339,highly_likely_host_associated
Laribacter,4,0,4,0,0.0,1.0,0.0,highly_likely_host_associated
Lapidilactobacillus,4,0,3,1,0.0,0.75,0.25,highly_likely_host_associated
Lancefieldella,4,0,4,0,0.0,1.0,0.0,highly_likely_host_associated
Laedolimicola,1,0,1,0,0.0,1.0,0.0,highly_likely_host_associated
Lacunisphaera,3,0,3,0,0.0,1.0,0.0,highly_likely_host_associated
Lactovum,1,0,0,0,0.0,0.0,0.0,mixed_or_uncertain
Lactonifactor,1,0,1,0,0.0,1.0,0.0,highly_likely_host_associated
Lactococcus,49,0,34,15,0.0,0.6938775510204082,0.30612244897959184,highly_likely_host_associated
Lactivibrio,1,0,0,0,0.0,0.0,0.0,mixed_or_uncertain
Larsenimonas,1,0,1,0,0.0,1.0,0.0,highly_likely_host_associated
Periweissella,4,0,4,0,0.0,1.0,0.0,highly_likely_host_associated
Caviibacter,2,0,2,0,0.0,1.0,0.0,highly_likely_host_associated
Catonella,1,0,1,0,0.0,1.0,0.0,highly_likely_host_associated
Catenisphaera,1,0,0,1,0.0,0.0,1.0,mixed_or_uncertain
Catenibacterium,4,0,4,0,0.0,1.0,0.0,highly_likely_host_associated
Catenibacillus,1,0,1,0,0.0,1.0,0.0,highly_likely_host_associated
Catellicoccus,2,0,2,0,0.0,1.0,0.0,highly_likely_host_associated
Catabacter,6,0,6,0,0.0,1.0,0.0,highly_likely_host_associated
Propionispira,8,0,8,0,0.0,1.0,0.0,highly_likely_host_associated
Cardiobacterium,31,0,31,0,0.0,1.0,0.0,highly_likely_host_associated
Carboxydothermus,5,0,0,0,0.0,0.0,0.0,mixed_or_uncertain
Carboxydibrachium,1,0,0,0,0.0,0.0,0.0,mixed_or_uncertain
Capsulimonas,1,0,1,0,0.0,1.0,0.0,highly_likely_host_associated
Caproicibacter,2,0,0,1,0.0,0.0,0.5,mixed_or_uncertain
Capnocytophaga,187,0,187,0,0.0,1.0,0.0,highly_likely_host_associated
Canibacter,1,0,1,0,0.0,1.0,0.0,highly_likely_host_associated
Caminicella,1,0,0,0,0.0,0.0,0.0,mixed_or_uncertain
Camelliibacillus,1,0,1,0,0.0,1.0,0.0,highly_likely_host_associated
Caryophanon,5,0,5,0,0.0,1.0,0.0,highly_likely_host_associated
Ectobacillus,2,0,1,1,0.0,0.5,0.5,likely_host_associated
Echidna,1,0,0,0,0.0,0.0,0.0,mixed_or_uncertain
Dysosmobacter,1,0,1,0,0.0,1.0,0.0,highly_likely_host_associated
Dysgonomonas,16,0,15,1,0.0,0.9375,0.0625,highly_likely_host_associated
Duncaniella,2,0,2,0,0.0,1.0,0.0,highly_likely_host_associated
Duffyella,1,0,1,0,0.0,1.0,0.0,highly_likely_host_associated
Dubosiella,1,0,1,0,0.0,1.0,0.0,highly_likely_host_associated
Drancourtella,2,0,2,0,0.0,1.0,0.0,highly_likely_host_associated
Photorhabdus,33,0,33,0,0.0,1.0,0.0,highly_likely_host_associated
Permianibacter,1,0,1,0,0.0,1.0,0.0,highly_likely_host_associated
Phocoenobacter,1,0,1,0,0.0,1.0,0.0,highly_likely_host_associated
Phocaeicola,27,0,27,0,0.0,1.0,0.0,highly_likely_host_associated
Phaseolibacter,1,0,1,0,0.0,1.0,0.0,highly_likely_host_associated
Phascolarctobacterium,7,0,7,0,0.0,1.0,0.0,highly_likely_host_associated
Phaeodactylibacter,2,0,1,1,0.0,0.5,0.5,likely_host_associated
Phaeocystidibacter,1,0,1,0,0.0,1.0,0.0,highly_likely_host_associated
Petroclostridium,1,0,0,1,0.0,0.0,1.0,mixed_or_uncertain
Petrimonas,2,0,1,1,0.0,0.5,0.5,likely_host_associated
Persephonella,2,0,0,0,0.0,0.0,0.0,mixed_or_uncertain
Phorcysia,1,0,0,0,0.0,0.0,0.0,mixed_or_uncertain
Mannheimia,32,0,32,0,0.0,1.0,0.0,highly_likely_host_associated
Mangrovitalea,1,0,1,0,0.0,1.0,0.0,highly_likely_host_associated
Mangrovihabitans,1,0,1,0,0.0,1.0,0.0,highly_likely_host_associated
Mangroviflexus,1,0,0,0,0.0,0.0,0.0,mixed_or_uncertain
Mangrovicella,1,0,1,0,0.0,1.0,0.0,highly_likely_host_associated
Mangrovibacter,3,0,2,1,0.0,0.6666666666666666,0.3333333333333333,highly_likely_host_associated
Mangrovactinospora,1,0,1,0,0.0,1.0,0.0,highly_likely_host_associated
Manganibacter,1,0,0,1,0.0,0.0,1.0,mixed_or_uncertain
Maledivibacter,1,0,0,0,0.0,0.0,0.0,mixed_or_uncertain
Peptoniphilus,43,0,41,2,0.0,0.9534883720930233,0.046511627906976744,highly_likely_host_associated
Pauljensenia,3,0,3,0,0.0,1.0,0.0,highly_likely_host_associated
Paucilactobacillus,13,0,10,3,0.0,0.7692307692307693,0.23076923076923078,highly_likely_host_associated
Pasteurella,293,0,293,0,0.0,1.0,0.0,highly_likely_host_associated
Parvularcula,2,0,1,0,0.0,0.5,0.0,likely_host_associated
Parvimonas,23,0,23,0,0.0,1.0,0.0,highly_likely_host_associated
Parolsenella,1,0,1,0,0.0,1.0,0.0,highly_likely_host_associated
Parazoarcus,1,0,0,0,0.0,0.0,0.0,mixed_or_uncertain
Parasutterella,2,0,2,0,0.0,1.0,0.0,highly_likely_host_associated
Parasporobacterium,1,0,0,0,0.0,0.0,0.0,mixed_or_uncertain
Pectinatus,13,0,1,11,0.0,0.07692307692307693,0.8461538461538461,mixed_or_uncertain
Peptococcus,2,0,2,0,0.0,1.0,0.0,highly_likely_host_associated
Peptoclostridium,2,0,0,1,0.0,0.0,0.5,mixed_or_uncertain
Peptoanaerobacter,4,0,4,0,0.0,1.0,0.0,highly_likely_host_associated
Peptacetobacter,1,0,1,0,0.0,1.0,0.0,highly_likely_host_associated
Pelotomaculum,6,0,2,0,0.0,0.3333333333333333,0.0,mixed_or_uncertain
Pelospora,1,0,0,0,0.0,0.0,0.0,mixed_or_uncertain
Pelistega,3,0,3,0,0.0,1.0,0.0,highly_likely_host_associated
Pelagimonas,1,0,1,0,0.0,1.0,0.0,highly_likely_host_associated
Pelagibaculum,1,0,1,0,0.0,1.0,0.0,highly_likely_host_associated
Desulfovectis,1,0,0,0,0.0,0.0,0.0,mixed_or_uncertain
Pectobacterium,47,0,47,0,0.0,1.0,0.0,highly_likely_host_associated
Dialister,31,0,31,0,0.0,1.0,0.0,highly_likely_host_associated
Devriesea,1,0,1,0,0.0,1.0,0.0,highly_likely_host_associated
Dethiosulfovibrio,6,0,0,1,0.0,0.0,0.16666666666666666,mixed_or_uncertain
Dethiobacter,1,0,0,0,0.0,0.0,0.0,mixed_or_uncertain
Desulfurispora,1,0,0,0,0.0,0.0,0.0,mixed_or_uncertain
Desulfurispira,1,0,0,0,0.0,0.0,0.0,mixed_or_uncertain
Desulfovirgula,1,0,0,1,0.0,0.0,1.0,mixed_or_uncertain
Desulfovirga,1,0,0,1,0.0,0.0,1.0,mixed_or_uncertain
Pediococcus,50,0,41,9,0.0,0.82,0.18,highly_likely_host_associated
Limosilactobacillus,81,0,74,7,0.0,0.9135802469135802,0.08641975308641975,highly_likely_host_associated
Limisphaera,1,0,0,0,0.0,0.0,0.0,mixed_or_uncertain
Limimonas,1,0,0,0,0.0,0.0,0.0,mixed_or_uncertain
Enorma,2,0,2,0,0.0,1.0,0.0,highly_likely_host_associated
Endozoicomonas,9,0,9,0,0.0,1.0,0.0,highly_likely_host_associated
Endomicrobium,1,0,1,0,0.0,1.0,0.0,highly_likely_host_associated
Empedobacter,15,0,13,2,0.0,0.8666666666666667,0.13333333333333333,highly_likely_host_associated
Emergencia,1,0,1,0,0.0,1.0,0.0,highly_likely_host_associated
Povalibacter,1,0,1,0,0.0,1.0,0.0,highly_likely_host_associated
Longicatena,2,0,2,0,0.0,1.0,0.0,highly_likely_host_associated
Porcipelethomonas,1,0,1,0,0.0,1.0,0.0,highly_likely_host_associated
Porcincola,1,0,1,0,0.0,1.0,0.0,highly_likely_host_associated
Populibacterium,1,0,1,0,0.0,1.0,0.0,highly_likely_host_associated
Pontibacillus,5,0,2,0,0.0,0.4,0.0,likely_host_associated
Polymorphospora,1,0,1,0,0.0,1.0,0.0,highly_likely_host_associated
Polygonibacillus,1,0,0,1,0.0,0.0,1.0,mixed_or_uncertain
Polycyclovorans,1,0,1,0,0.0,1.0,0.0,highly_likely_host_associated
Polycladidibacter,1,0,1,0,0.0,1.0,0.0,highly_likely_host_associated
Pluralibacter,15,0,12,3,0.0,0.8,0.2,highly_likely_host_associated
Porphyromonas,35,0,35,0,0.0,1.0,0.0,highly_likely_host_associated
Propionimicrobium,10,0,10,0,0.0,1.0,0.0,highly_likely_host_associated
Propioniferax,1,0,1,0,0.0,1.0,0.0,highly_likely_host_associated
Propionicimonas,3,0,2,0,0.0,0.6666666666666666,0.0,highly_likely_host_associated
Propioniciclava,3,0,3,0,0.0,1.0,0.0,highly_likely_host_associated
Prevotella,125,0,122,3,0.0,0.976,0.024,highly_likely_host_associated
Dorea,8,0,8,0,0.0,1.0,0.0,highly_likely_host_associated
Dongia,2,0,0,2,0.0,0.0,1.0,mixed_or_uncertain
Dolosigranulum,21,0,21,0,0.0,1.0,0.0,highly_likely_host_associated
Dolosicoccus,4,0,4,0,0.0,1.0,0.0,highly_likely_host_associated
Lipingzhangella,1,0,0,0,0.0,0.0,0.0,mixed_or_uncertain
Diplocloster,1,0,1,0,0.0,1.0,0.0,highly_likely_host_associated
Dinoroseobacter,1,0,1,0,0.0,1.0,0.0,highly_likely_host_associated
Dielma,3,0,3,0,0.0,1.0,0.0,highly_likely_host_associated
Dictyoglomus,3,0,0,0,0.0,0.0,0.0,mixed_or_uncertain
Longibaculum,1,0,1,0,0.0,1.0,0.0,highly_likely_host_associated
Longibacter,1,0,0,0,0.0,0.0,0.0,mixed_or_uncertain
Lonepinella,3,0,3,0,0.0,1.0,0.0,highly_likely_host_associated
Loigolactobacillus,12,0,6,6,0.0,0.5,0.5,likely_host_associated
Litorilinea,1,0,0,0,0.0,0.0,0.0,mixed_or_uncertain
Dissulfuribacter,1,0,0,0,0.0,0.0,0.0,mixed_or_uncertain
Pinisolibacter,1,0,1,0,0.0,1.0,0.0,highly_likely_host_associated
Pilibacter,1,0,1,0,0.0,1.0,0.0,highly_likely_host_associated
Phytohabitans,5,0,5,0,0.0,1.0,0.0,highly_likely_host_associated
Phytobacter,7,0,6,1,0.0,0.8571428571428571,0.14285714285714285,highly_likely_host_associated
Phycisphaera,1,0,1,0,0.0,1.0,0.0,highly_likely_host_associated
Malacoplasma,2,0,2,0,0.0,1.0,0.0,highly_likely_host_associated
Malaciobacter,2,0,1,1,0.0,0.5,0.5,likely_host_associated
Mahella,1,0,0,1,0.0,0.0,1.0,mixed_or_uncertain
Magnetovibrio,1,0,0,0,0.0,0.0,0.0,mixed_or_uncertain
Plesiomonas,35,0,34,1,0.0,0.9714285714285714,0.02857142857142857,highly_likely_host_associated
Mageeibacillus,1,0,1,0,0.0,1.0,0.0,highly_likely_host_associated
Macrococcus,22,0,19,3,0.0,0.8636363636363636,0.13636363636363635,highly_likely_host_associated
Macellibacteroides,1,0,0,0,0.0,0.0,0.0,mixed_or_uncertain
Lyalikoviella,1,0,0,0,0.0,0.0,0.0,mixed_or_uncertain
Lutispora,2,0,0,1,0.0,0.0,0.5,mixed_or_uncertain
Luteivirga,1,0,1,0,0.0,1.0,0.0,highly_likely_host_associated
Lutaonella,1,0,0,0,0.0,0.0,0.0,mixed_or_uncertain
Lunatimonas,1,0,0,0,0.0,0.0,0.0,mixed_or_uncertain
Lonsdalea,6,0,6,0,0.0,1.0,0.0,highly_likely_host_associated
Magnetospira,1,0,0,0,0.0,0.0,0.0,mixed_or_uncertain
Plasticicumulans,2,0,0,2,0.0,0.0,1.0,mixed_or_uncertain
Caloranaerobacter,2,0,0,0,0.0,0.0,0.0,mixed_or_uncertain
Caldivirga,1,0,0,0,0.0,0.0,0.0,mixed_or_uncertain
Caldithrix,2,0,0,0,0.0,0.0,0.0,mixed_or_uncertain
Calditerrivibrio,1,0,0,0,0.0,0.0,0.0,mixed_or_uncertain
Calditerricola,2,0,0,0,0.0,0.0,0.0,mixed_or_uncertain
Caldisphaera,1,0,0,0,0.0,0.0,0.0,mixed_or_uncertain
Caldisericum,1,0,0,0,0.0,0.0,0.0,mixed_or_uncertain
Caldisalinibacter,1,0,0,0,0.0,0.0,0.0,mixed_or_uncertain
Piscibacillus,2,0,0,1,0.0,0.0,0.5,mixed_or_uncertain
Caldilinea,2,0,0,0,0.0,0.0,0.0,mixed_or_uncertain
Caldicoprobacter,3,0,1,0,0.0,0.3333333333333333,0.0,mixed_or_uncertain
Caldanaerobius,3,0,0,2,0.0,0.0,0.6666666666666666,mixed_or_uncertain
Caenimicrobium,1,0,0,1,0.0,0.0,1.0,mixed_or_uncertain
Planifilum,4,0,0,3,0.0,0.0,0.75,mixed_or_uncertain
Planctomyces,1,0,1,0,0.0,1.0,0.0,highly_likely_host_associated
Planctomicrobium,1,0,0,0,0.0,0.0,0.0,mixed_or_uncertain
Pisciglobus,1,0,0,1,0.0,0.0,1.0,mixed_or_uncertain
Piscicoccus,1,0,1,0,0.0,1.0,0.0,highly_likely_host_associated
Caldinitratiruptor,1,0,0,0,0.0,0.0,0.0,mixed_or_uncertain
