file_uuid,submitter_id,sample_id,sample_type,experimental_strategy
a31db5eb-485b-4f9e-af34-d3b0ca729309,TCGA-43-7657-11A,92c7c076-1ae8-4672-a58f-7a4e6cc10e47,Solid Tissue Normal,RNA-Seq
cc9c4573-ae32-4fcb-9ef6-6fbc7d9e4220,TCGA-21-1070-01A,6ec09b78-7ff6-491d-adef-29535869d33a,Primary Tumor,RNA-Seq
212bdde0-07d6-47d0-816b-39d48382abf3,TCGA-33-4589-01A,39862630-4b34-4756-9147-c3deb3b78cb3,Primary Tumor,RNA-Seq
d71c5711-92e5-40b3-bdca-6a5f4732ea3d,TCGA-60-2715-01A,5848ee1c-191f-4434-b7c6-598058aa0dd8,Primary Tumor,RNA-Seq
9863840b-b171-48b1-b4d6-a135dcc77ecd,TCGA-18-3406-01A,7a55a700-a706-443d-8bad-e70483c464f2,Primary Tumor,RNA-Seq
ed716cb8-1ccc-479e-b0eb-06be442ae41e,TCGA-18-3407-01A,49963d3b-a50e-4086-bc94-fe2042f9fcae,Primary Tumor,RNA-Seq
49a02f95-8e54-4e17-a1b2-4c220bf400d9,TCGA-94-7557-01A,b70aba76-cc36-48b0-bf1a-d83e5cf1cd54,Primary Tumor,RNA-Seq
c9297cf2-042d-4038-9ee8-f67d7cf8256c,TCGA-18-4083-01A,2be9b353-e4bb-4356-b9a1-080be2ebc80d,Primary Tumor,RNA-Seq
68dd08d6-b418-4286-a3b1-8cf751d01f80,TCGA-90-6837-01A,0120344d-7346-409f-8518-ef7b13f867ff,Primary Tumor,RNA-Seq
71a56f25-c07b-4b5a-bc26-067fb5e288f9,TCGA-18-5595-01A,86d94dd2-72f8-4969-9989-67dd684fa6a4,Primary Tumor,RNA-Seq
0133cbcc-80af-4237-a66c-3703ad488217,TCGA-60-2711-01A,8a3a376a-a4db-4d4f-85ce-a894a2aa60bb,Primary Tumor,RNA-Seq
0d554ddf-5e1e-46e2-a9ce-203718b3dd22,TCGA-67-6217-01A,bc0fe45c-3249-46d7-8991-c6888f0b9579,Primary Tumor,RNA-Seq
ab33280d-e6b9-4f39-830d-6b1a2848c624,TCGA-55-7726-01A,32342d96-3b04-4881-9e98-9cb63918fe48,Primary Tumor,RNA-Seq
9742f400-4054-4264-9947-e95aaeb1049e,TCGA-44-2661-01A,48dd9724-8848-48c3-8628-7e78a24e3f2c,Primary Tumor,RNA-Seq
6d0468b0-986e-45ee-a5ee-b26d1aea9461,TCGA-50-5932-01A,7ecb9621-7a1f-4876-9dfb-9b77cc4cb7b4,Primary Tumor,RNA-Seq
255c0770-2275-4d2a-81f9-72531bd05e16,TCGA-55-8619-01A,0deed408-8acb-43ce-84a3-143aabd23312,Primary Tumor,RNA-Seq
3df28cce-7aa8-43c8-8886-080676906139,TCGA-55-1594-01A,2885d4b3-34a6-421d-b20c-eedad721d10a,Primary Tumor,RNA-Seq
9fc8a258-33af-40c7-a716-9244b76f39f9,TCGA-91-6848-01A,93b55ce3-3ab0-4bc1-b1a2-3f02b13dc7b0,Primary Tumor,RNA-Seq
40d63bbb-ac1d-45a4-8a41-fed5931b308a,TCGA-97-8177-01A,5711ce53-0bac-4a5d-b7ba-4e1bc0c56924,Primary Tumor,RNA-Seq
ff38e8a6-9331-4bc4-be22-4a96470ac897,TCGA-38-4625-01A,cc72dc0d-9c39-4217-b5cb-8cad390d7e86,Primary Tumor,RNA-Seq
383282e0-f25c-4bbb-8df3-4ba4bb1eb64e,TCGA-J2-A4AD-01A,bd57c86d-bb0d-40a3-9292-97d6b33db1ea,Primary Tumor,RNA-Seq
55afd0dd-2f0a-42f2-8ecd-cc8d6bffa40a,TCGA-86-8054-01A,f716c981-41d1-479d-962e-881d6199abce,Primary Tumor,RNA-Seq
cbd370d3-020a-4ac2-8bfc-fc31190ea522,TCGA-55-A48Y-01A,ab07da42-d065-45d5-8eee-7904295044c3,Primary Tumor,RNA-Seq
1a5943ae-f991-4854-ba5d-a9c8ffc6a691,TCGA-97-7552-01A,9dcb355a-c122-4341-89d7-1df471315a49,Primary Tumor,RNA-Seq
23e0cebf-23c5-466e-8fda-94592486302e,TCGA-55-A48Z-01A,24057913-52eb-4f50-a501-c11003b2356a,Primary Tumor,RNA-Seq
3279a327-1fd2-416d-ba93-091e0c165e2b,TCGA-91-6829-11A,eedf6790-10f7-4c33-a1a6-7857ad23f7e8,Solid Tissue Normal,RNA-Seq
d78482c4-4d60-4000-82e7-cb5c43f32a5e,TCGA-69-7763-01A,5aa09c6e-a062-4834-aa6d-4ec1bed510d7,Primary Tumor,RNA-Seq
faf5a4ad-3227-4686-9098-b23f387a1fd5,TCGA-MN-A4N5-01A,034cf68f-79af-40f3-bb6e-26ae98b3a62f,Primary Tumor,RNA-Seq
d62df480-70e6-466d-9bf9-8993148fc7bb,TCGA-44-6144-11A,5e244ef2-6bd6-4947-9b33-82d5b7c3dc36,Solid Tissue Normal,RNA-Seq
b146bc4b-9b3f-4ad7-8e10-58252116683d,TCGA-69-7764-01A,d1194f81-3244-41e2-a4ab-5fa0485ec6aa,Primary Tumor,RNA-Seq
b96fdfaf-59c2-4440-b54d-5473d2100ba3,TCGA-L4-A4E6-01A,6f44f833-1108-4ea1-a472-f3964f2d73a8,Primary Tumor,RNA-Seq
7d317f01-3af2-494d-ac39-ac2008caadb8,TCGA-68-7757-01B,fe8d1a88-97ef-4ece-ba4f-6a1a69c25ef3,Primary Tumor,RNA-Seq
293a6ab7-1033-4cff-a3cd-06083a3f7ed7,TCGA-33-A5GW-01A,ad27dc24-38a2-4851-8598-ae2bdeb4a9d3,Primary Tumor,RNA-Seq
365042a3-19ce-41d9-9d92-51b8619505ad,TCGA-43-7656-01A,619ab6eb-ba17-4265-970b-6e3a76908fad,Primary Tumor,RNA-Seq
26cc5e43-bae5-4f8d-8cda-9828a1ecc6b5,TCGA-39-5031-01A,87d44aca-1b6c-40c1-ba75-e27483aafeed,Primary Tumor,RNA-Seq
95287c69-d0e9-487b-89b3-96cd683ebc8c,TCGA-43-6771-01A,12b448e3-2d58-4e68-92e1-dd484742cd99,Primary Tumor,RNA-Seq
66a0bcfd-0fa8-4665-b800-3f14528af5ab,TCGA-63-A5MR-01A,311b964a-367f-4d05-ae8a-e8100554335a,Primary Tumor,RNA-Seq
e5d7cb03-3191-4e8c-ab87-d7649d55463d,TCGA-56-8503-01A,dd26574c-09d0-4879-9020-bf9562c3b05d,Primary Tumor,RNA-Seq
982536f9-a980-4d9b-88e9-d49927b71cc5,TCGA-43-6143-01A,5489d637-e679-4614-9677-f87fee997e3d,Primary Tumor,RNA-Seq
3f07445c-dac1-45b1-8f1c-2a9569a408e7,TCGA-43-6143-11A,9c551d4b-3bb6-4686-8f59-462fb8c682ba,Solid Tissue Normal,RNA-Seq
c4464413-ff83-49de-a904-5100e48652bb,TCGA-68-7756-01A,46227d4e-2ec4-42cc-9b59-82043699e9ee,Primary Tumor,RNA-Seq
6d033bba-e8c6-47fd-be8d-6bef13827924,TCGA-56-7731-01A,61f8382e-d0f7-43be-b4a4-48c132ebb6a7,Primary Tumor,RNA-Seq
c44327f8-99b2-4346-8fd1-482d9c80aa44,TCGA-18-3412-01A,5cdca8c3-1f5d-461c-b09a-6e34a0af1cbb,Primary Tumor,RNA-Seq
64b0a783-9100-4439-832c-2809cae95407,TCGA-43-A56V-01A,8b9fadc8-a4ae-49e2-b50c-41af103782f6,Primary Tumor,RNA-Seq
3b520006-2aff-4cd3-8518-f149b3e9cc95,TCGA-96-8169-01A,d8934651-75a3-43a9-95a7-f5372c8e9616,Primary Tumor,RNA-Seq
6ab6eb2a-169c-4bea-8f88-3fe75a3981ed,TCGA-77-7138-11A,37159282-62c1-474d-88bd-0c303b16eadf,Solid Tissue Normal,RNA-Seq
d7291cb4-4437-4237-8ed1-7260f76efe7b,TCGA-77-7337-01A,cbf412d6-88f2-4bc0-9bf9-eae76ba6c77f,Primary Tumor,RNA-Seq
e3233bf8-a722-435e-a55c-81d9f7d76fdb,TCGA-66-2758-01A,f4f08354-33f0-4a59-8510-b4406aeab46e,Primary Tumor,RNA-Seq
44efc277-a8c4-4f56-955c-43882e927ae7,TCGA-46-3765-01A,b89028a9-39e2-4f7e-9746-911414712921,Primary Tumor,RNA-Seq
ae3f658c-a208-418c-9d29-1a6f701d2cc6,TCGA-63-5128-01A,9a982d6f-1006-486a-8479-3f011e8a6e49,Primary Tumor,RNA-Seq
2011dc04-811f-487d-bfe5-b10208632ec6,TCGA-46-3766-01A,ca0505aa-b12a-4bca-ba04-317cd551bd2b,Primary Tumor,RNA-Seq
5ba38488-f0e3-4ee9-b610-f59c7bb7cab9,TCGA-77-7138-01A,63dbcf72-c115-4367-8230-8188913ecade,Primary Tumor,RNA-Seq
d43616d5-a9bb-4b1a-a17f-2ae5fe0bc6fb,TCGA-85-8049-01A,577de230-8e3c-433b-b01e-0ab8ad21fcc5,Primary Tumor,RNA-Seq
12199106-8888-4ca5-86df-cc46abffd1c0,TCGA-22-5473-01A,97e9d32a-d9f8-43d3-a459-9cd2bc8cd781,Primary Tumor,RNA-Seq
5fde71d1-1bce-4ff0-b5e8-bc9a014aadee,TCGA-56-A4BX-01A,c26fde0c-b5d2-41d8-9ad4-f177b18ad52e,Primary Tumor,RNA-Seq
5d1cb5a8-d8ea-498c-820b-31de2fd3c66f,TCGA-56-7822-01A,0481655b-0f3f-4917-9d3a-12032bd47c9d,Primary Tumor,RNA-Seq
b5b03243-3074-4db1-b22e-15d14e790f57,TCGA-AA-3525-11A,8660c709-e0af-489a-b20e-1157fe0072f4,Solid Tissue Normal,RNA-Seq
48aab61e-8550-4698-9c0f-9db6c0c92793,TCGA-AZ-6601-11A,3d8a2ec0-3d65-46e1-8b87-fa7e318d249e,Solid Tissue Normal,RNA-Seq
a029427d-6c24-45f8-8e42-464efbf581bf,TCGA-AA-3511-11A,b0a269f6-ecea-4239-89f6-e9128d76ccb0,Solid Tissue Normal,RNA-Seq
85535fab-ba49-4b3e-b372-08c15a997042,TCGA-D5-5538-01A,07a8c609-d838-4571-8d74-81e7083cbd76,Primary Tumor,RNA-Seq
5598442c-f6a5-4bc0-b7cb-4176f5318313,TCGA-F4-6807-01A,0985b9ce-b40a-40e1-b965-c52d69bfe76b,Primary Tumor,RNA-Seq
168e3b1a-1989-40d2-b508-fc2d42f1fba9,TCGA-AD-6965-01A,96319b52-d5b9-44bf-9a98-2876d911988f,Primary Tumor,RNA-Seq
46d62cdb-6b51-4815-a48a-06eef1882f51,TCGA-AZ-6603-11A,e5c26212-ccfc-40cf-a38f-c0c2d78a2036,Solid Tissue Normal,RNA-Seq
89461ef6-f323-41ea-81d6-9a52467532ad,TCGA-5M-AAT6-01A,54cf4c36-eb20-41da-990a-2f6230d62cbf,Primary Tumor,RNA-Seq
ea48ff4f-c11c-487c-ae94-35268e85cfb1,TCGA-3L-AA1B-01A,22996dd0-8d03-49f2-8395-738c0599339b,Primary Tumor,RNA-Seq
00302036-619a-43f8-a0d8-4a4505946558,TCGA-AD-6889-01A,84353925-7847-4e40-a5a2-c5be6539261f,Primary Tumor,RNA-Seq
aa665c01-e3b3-4461-be3e-380acaf67152,TCGA-D5-6534-01A,a73684e4-7cf1-4e9d-83b8-a6ebebd51101,Primary Tumor,RNA-Seq
333c49cf-c42a-4b4e-ab5d-d4721236ed33,TCGA-DM-A1D8-01A,f7c33a3a-f7e2-4827-97ea-b0a2921dec08,Primary Tumor,RNA-Seq
7cd48600-354c-4545-a00d-6aa08e174128,TCGA-AD-6890-01A,77204666-6ad8-40b2-b121-601fd18bffdb,Primary Tumor,RNA-Seq
872b308f-a587-404b-ba31-69c413e51c4a,TCGA-CM-6162-01A,b9e728d2-143f-44d1-b2ee-0f6eccca507f,Primary Tumor,RNA-Seq
5b506044-ae78-4876-b690-1b91d80a5bd6,TCGA-G4-6311-01A,baac9aeb-b124-47bc-a454-4026847eb3e3,Primary Tumor,RNA-Seq
4c290680-8938-4ee7-af05-3cd4c9ad5a12,TCGA-AA-3655-11A,8c017c53-ba54-44e3-9657-e6354849a2dc,Solid Tissue Normal,RNA-Seq
40b2fc18-f53c-47c0-8918-3ee14a30c73f,TCGA-CM-5862-01A,e7390b8c-fc12-43f1-8c94-f5daf0d186f7,Primary Tumor,RNA-Seq
d6584f2c-6517-4423-b9f9-7f36d82748eb,TCGA-A6-5665-01A,4582b393-8635-4b82-871b-1fa117abfece,Primary Tumor,RNA-Seq
53932a96-ae94-474a-aa3f-082c9b549d6a,TCGA-QG-A5YW-01A,d8dce266-1073-4bf2-a714-748e7e942635,Primary Tumor,RNA-Seq
aa46df7a-3190-4812-8136-968c66abdf0e,TCGA-A6-6137-01A,32fc9332-a9fd-47f6-9dee-6413e58e8cce,Primary Tumor,RNA-Seq
b9c05160-ac76-4570-801f-be9fa85ce86d,TCGA-G4-6304-01A,a67c65a3-f80d-4532-9a32-20b2fecadb93,Primary Tumor,RNA-Seq
3f2fd3fc-73b6-4e0e-956e-2ddd0101e98f,TCGA-G4-6317-01A,ef88e2b5-41f4-4d62-ac3d-d10ec8192778,Primary Tumor,RNA-Seq
fdf36034-e9a6-4fa7-8676-9cfb7334cb7f,TCGA-G4-6299-01A,0bf53b2c-319a-4657-901f-a2182af61352,Primary Tumor,RNA-Seq
40143a5e-33be-4a7d-ac9a-6e7836b4c81e,TCGA-D5-6932-01A,5673c112-6eb1-41b3-a797-c9ffff67632c,Primary Tumor,RNA-Seq
1d577f57-20fd-491e-8022-9b0fd0616dc1,TCGA-SS-A7HO-01A,c5849720-9d9f-4af4-9649-27f7a32ba779,Primary Tumor,RNA-Seq
5d1d3b7c-0e4f-44c4-8bd7-81ab208169cd,TCGA-AA-3514-11A,9681eb58-de63-473b-85b8-91bdd07d5f45,Solid Tissue Normal,RNA-Seq
585f1ca8-f5e9-40db-a0b6-f1f2f1125918,TCGA-A6-A567-01A,ed37a5c0-341c-4ecc-8fb8-4b705e76e2af,Primary Tumor,RNA-Seq
98fce918-d028-4b61-9a46-a3c23fb7c15c,TCGA-A6-5659-11A,54aad2df-8ee1-474f-8d94-858cfca51970,Solid Tissue Normal,RNA-Seq
eb8dca18-90e9-4827-8690-5c6cefc7bd25,TCGA-A6-5666-01A,528f5c3e-6b0f-48e7-a57b-56ccd1ec2352,Primary Tumor,RNA-Seq
8e4dfac0-c680-4931-a458-7bc7ffe9171d,TCGA-CA-6715-01A,7628cf2b-c65a-422c-bb64-d0361de85f20,Primary Tumor,RNA-Seq
af33d8e3-7a04-43c8-a775-3a90bbef2b4e,TCGA-A6-5659-01B,81f1e9f6-541f-43df-93cf-c11a569bac93,Primary Tumor,RNA-Seq
2130a1ab-80d9-4b1c-bbc2-be93e4b8a95d,TCGA-D5-6930-01A,82e7493d-1346-4598-91c9-a5582b337c21,Primary Tumor,RNA-Seq
d28e107f-b1ae-4ca3-b88d-256fa0cfa0a8,TCGA-AA-3663-11A,b9a75b12-9df0-4048-b0fe-48041361fa29,Solid Tissue Normal,RNA-Seq
4450a0c1-2446-4c04-a3c0-623598057415,TCGA-AZ-6600-01A,41a03a2c-133a-4d97-a7a5-f32ff8b2b697,Primary Tumor,RNA-Seq
41b62836-ab24-4d24-a7b4-a6f990d75491,TCGA-AZ-6600-11A,08c40bb6-9ad3-4ba7-8d4a-132327a0d7e7,Solid Tissue Normal,RNA-Seq
6aa8c945-2bf1-4208-8f85-e9119a9c5af4,TCGA-F4-6856-01A,b481fc53-5b7e-4e28-bb4d-71a25efa6dad,Primary Tumor,RNA-Seq
b4c9d6df-d09d-4eb1-9913-5bde4c0731ee,TCGA-A6-2684-01C,ec9fc2bb-859d-4a11-8a12-e109075eff8c,Primary Tumor,RNA-Seq
1701a5f9-9e25-4968-9f98-291cf6a03e59,TCGA-A6-5661-01A,8bbfb052-46f4-46e6-8c34-e0b9923c3426,Primary Tumor,RNA-Seq
5e9a188c-008f-4736-8eb2-a8d1525bb47a,TCGA-A6-5661-01B,7ff8b9ce-57b0-4e8d-8607-aef212854f56,Primary Tumor,RNA-Seq
22034b72-fb6a-4e15-801e-c7fb50ba572d,TCGA-DM-A1HB-01A,40b2b04e-371d-42ef-905e-5b9006384a65,Primary Tumor,RNA-Seq
a27ee1e3-7fb0-4850-8074-cb3dae786e2a,TCGA-A6-2674-01B,be4fdd24-ebf2-460e-9ba7-402d3b840c64,Primary Tumor,RNA-Seq
5e118c63-1235-4713-af43-d4df73f3ec64,TCGA-AY-6196-01A,2300f1fc-07fa-443c-bae8-f1b6fd3705bf,Primary Tumor,RNA-Seq
13924f38-0c70-4e92-92ef-cd75d10160f4,TCGA-D5-6922-01A,0152ba53-d53b-4ec8-a256-3dcad8e8d2a3,Primary Tumor,RNA-Seq
2273dc01-cd72-42d0-aa9c-cff163b98217,TCGA-G4-6303-01A,69125f72-2011-4b8a-a450-1eae83b74266,Primary Tumor,RNA-Seq
9f3e9988-5a20-4c0e-803e-8231f475119c,TCGA-AM-5820-01A,1cdee84f-33d8-4836-b569-5b157aec38e5,Primary Tumor,RNA-Seq
e75466a3-856f-4c34-829d-378531bf89ca,TCGA-A6-6651-01A,844a9153-02d7-473e-a371-85b9d63c642d,Primary Tumor,RNA-Seq
b1851e02-e31e-43b7-bb53-6059d8e1a5bd,TCGA-G4-6293-01A,cd96dee2-5b44-4014-bfbd-4358a461497e,Primary Tumor,RNA-Seq
25c45f1a-77fb-4de0-b965-fde2b3fa0ee7,TCGA-AD-5900-01A,8824fcd3-242a-47a9-933e-632d5531bd6c,Primary Tumor,RNA-Seq
e3b95a3b-de25-42ab-98b7-2e4dbee60d62,TCGA-D5-6898-01A,1a8e2409-ca0b-4b53-8d28-df63f7942722,Primary Tumor,RNA-Seq
0f1c8432-df2d-4e7e-8ad2-fa5682c328e1,TCGA-F4-6461-01A,115e6be9-dd9a-4137-8a5c-821ff7860a8f,Primary Tumor,RNA-Seq
b66238b7-0a10-432b-bb8b-f6c99d97f3a6,TCGA-DM-A1D0-01A,0f5128f0-8b2d-45cf-858b-5cd4147ae689,Primary Tumor,RNA-Seq
972af1bb-07e4-4bc9-ae91-9c2984019dbc,TCGA-F4-6460-01A,9ec837eb-3f91-4642-8563-15c725e6424c,Primary Tumor,RNA-Seq
78db7f17-7fcc-43d3-b18d-9fb18c2152bd,TCGA-NH-A50T-01A,9f5ad422-c94d-4914-b6f0-071596ecb589,Primary Tumor,RNA-Seq
03b154af-0b06-4cd2-8130-33c5b813bc7a,TCGA-NH-A6GA-01A,cac671b1-b9d0-484b-9add-fd935d4efc93,Primary Tumor,RNA-Seq
5d52381a-ce68-4848-9d32-a2a6d92b4f9e,TCGA-CK-4948-01B,0ad869d1-24d5-412b-8058-154b97a65853,Primary Tumor,RNA-Seq
e810dcac-9064-4413-a6c4-88939f2025fa,TCGA-G4-6297-01A,fe13b56a-9379-4a6f-ba76-3ea8aa5721ce,Primary Tumor,RNA-Seq
5e856cd8-17e8-4de0-a7d9-b863493dafbc,TCGA-NH-A8F7-06A,b2c1658b-a03b-415c-b460-d316a7ef0a9b,Metastatic,RNA-Seq
c1022844-bcac-4065-91de-a56752389835,TCGA-D5-6929-01A,2ec2a1ce-591e-4e42-8f1a-7dea0b737cf2,Primary Tumor,RNA-Seq
3dd1849c-7ef0-4073-b8bd-c8c8c29afa1b,TCGA-A6-6650-01A,9b637a29-ee08-4ab2-8160-7584c170f87b,Primary Tumor,RNA-Seq
c56ebe0f-3065-4746-a10a-6372ea3a9a0d,TCGA-A6-6650-01B,d95e1d88-5b39-4a57-a445-abfeb765eaf7,Primary Tumor,RNA-Seq
0250888f-2b0d-428e-80f0-89e1b8f0f214,TCGA-CA-5796-01A,1a4d9d59-b0dc-4045-a832-9089d3bc1d52,Primary Tumor,RNA-Seq
442cddd4-8bd8-4cec-a0d6-17147bf2ce35,TCGA-A6-A56B-01A,4425892c-8c35-4f6c-b531-1ec510ad19d2,Primary Tumor,RNA-Seq
c9b1ede5-9f09-4543-ab51-975771cdd055,TCGA-WS-AB45-01A,eb97d34e-7333-4e9d-b559-34dd6436c14c,Primary Tumor,RNA-Seq
dd04bff1-5c23-4d5c-a09f-6f5ca1ed22ea,TCGA-CK-6747-01A,bfdf3d03-51aa-41eb-93bf-d39ff501a824,Primary Tumor,RNA-Seq
a148694e-89dc-49a0-9ab9-b72ebea6e7bd,TCGA-DM-A28E-01A,1daeeee4-4980-4424-b31a-2f6a8e7d4e55,Primary Tumor,RNA-Seq
ce4bc678-5043-4af2-841a-93510fe3fee9,TCGA-D5-5541-01A,b534999a-a60d-4da7-a152-90ce37df4ce0,Primary Tumor,RNA-Seq
48da5203-97c7-4ebf-88ab-1d7496243a6e,TCGA-D5-6535-01A,383f29d6-7db7-42a3-a2f3-fb69dca65f83,Primary Tumor,RNA-Seq
76820e9f-d532-4b68-81da-75fe9eee4702,TCGA-A6-6780-01B,a7fdc16c-890d-4676-82bc-5a81c715c73a,Primary Tumor,RNA-Seq
0a83e2e4-b653-44cb-85ce-646aa646c6a5,TCGA-CM-6163-01A,2dfa5bb3-ffde-4614-bb76-d3075819e1a3,Primary Tumor,RNA-Seq
1575bacf-f639-4e88-8c10-9d52aebba2dd,TCGA-NH-A50U-01A,289f0934-51f9-4f35-a7d1-c193142e794d,Primary Tumor,RNA-Seq
7dad54fb-e072-46e3-9db0-63b1a92bae12,TCGA-5M-AATE-01A,02981f5d-786d-4bc8-9449-cede512502bc,Primary Tumor,RNA-Seq
4a267c33-e0fe-4725-b6b5-3f5d5e0945ef,TCGA-DM-A0XD-01A,9144c7fc-9c78-4b99-814f-4059a11ec33b,Primary Tumor,RNA-Seq
1f47088f-407e-402c-8cb3-499f0f592c2b,TCGA-4T-AA8H-01A,b7e4daef-b24b-45c0-8f9d-21bcf46d9c9a,Primary Tumor,RNA-Seq
6b00ab72-9cfe-4dd4-bb93-f745cc6c4bb7,TCGA-CM-5348-01A,57267a5a-de07-49eb-8021-91f2c3aa8e44,Primary Tumor,RNA-Seq
af08036d-b408-44ba-bebc-80a3d284a447,TCGA-D5-6532-01A,5191b678-f7e1-42f4-a995-aa6abe5fd976,Primary Tumor,RNA-Seq
ec53a1b3-9e13-46c0-a628-3d8b03291a11,TCGA-D5-6927-01A,c281d8eb-0aaf-409c-b8d1-5681c8dc27be,Primary Tumor,RNA-Seq
d60b8899-4137-4857-af25-f08a6b0262e3,TCGA-AY-A69D-01A,6de3e241-606b-441e-9185-7e9f1cd1e61b,Primary Tumor,RNA-Seq
f7caac42-3243-430d-a993-345290300eeb,TCGA-CM-6677-01A,44e7b873-77d5-463c-91d2-cea206ee4391,Primary Tumor,RNA-Seq
f16e3479-3001-4bfd-b7a1-2d9ece4f94e2,TCGA-F4-6806-01A,71e604ba-4ebd-44e9-84bf-5ef09c37bb67,Primary Tumor,RNA-Seq
b9f03a2d-b3cb-41c1-9494-f9015750bc7f,TCGA-A6-A565-01A,87a57810-8b62-4af1-adb9-4715a71ed632,Primary Tumor,RNA-Seq
af052a29-5958-4486-bc98-726b16745f81,TCGA-DM-A1DB-01A,f80aef75-2b96-4085-b388-fab93485f809,Primary Tumor,RNA-Seq
afe3d9b9-625a-4c56-af75-09f639d94047,TCGA-DM-A1D9-01A,7e5e20f6-5276-4cba-a73f-1580df93aa58,Primary Tumor,RNA-Seq
2755abe2-5eb0-4ff3-ae8b-9cb0d88aa220,TCGA-D5-6531-01A,bfb18bc1-2476-49d5-9400-d8c7ea001372,Primary Tumor,RNA-Seq
e5efc72f-bd80-416b-9dbe-cb7d8769c1a6,TCGA-DM-A1DA-01A,76785e44-fd29-4077-8fbe-17214933e1be,Primary Tumor,RNA-Seq
de38d61d-2983-4b5a-9ae9-5d54d7e59212,TCGA-D5-6533-01A,1a058e77-7c20-4f50-ac89-185067ea7437,Primary Tumor,RNA-Seq
c949e692-e69a-4c78-a10a-63d0ab8cd335,TCGA-A6-5664-01A,3048539a-b914-4e43-b1cc-43ea707e3b3d,Primary Tumor,RNA-Seq
131b4e5e-de8f-4632-9ac1-7fc1b33c15af,TCGA-D5-6530-01A,50560725-c72d-4bab-b602-5e50e6bececd,Primary Tumor,RNA-Seq
a2b0827d-05d6-4611-8e01-359547b11f57,TCGA-DM-A28G-01A,f5acd8b8-32c4-4f3c-aacd-259f8e1fdfee,Primary Tumor,RNA-Seq
5dc539d1-e18c-4c9d-92ce-713628d75847,TCGA-A6-2677-01B,7554a84f-573c-4de9-9cda-e60674aea5fa,Primary Tumor,RNA-Seq
6c083b79-367b-4a67-864f-2bc349335559,TCGA-AD-6548-01A,dad24abd-0eb7-4534-a1f2-ebe38ec402f9,Primary Tumor,RNA-Seq
0575cdb8-7d14-4e0a-9746-f6b9030d3e7e,TCGA-AA-3527-11A,60f6dff0-316e-4200-979e-c43cb38f11c1,Solid Tissue Normal,RNA-Seq
b36b1c5e-b93a-4235-9c24-81e5ce798632,TCGA-G4-6625-01A,139cd85f-9a93-421f-8782-78ac917b97e6,Primary Tumor,RNA-Seq
a2524e56-2555-44ec-af35-c67a75fe2ca3,TCGA-G4-6314-01A,2e058edb-ab27-4016-9240-1dc9e103894b,Primary Tumor,RNA-Seq
d5844027-1746-4420-b640-18108ce7ea6b,TCGA-AD-6888-01A,ecf0f65b-bf3c-4d0e-899a-f209247cbe97,Primary Tumor,RNA-Seq
1522ba4d-d4d2-4fe1-a62e-7d3a8144be44,TCGA-AA-3531-11A,a9091e33-8f02-409d-aa87-14559df9492e,Solid Tissue Normal,RNA-Seq
4ae70ca1-83d8-45a9-908c-d021359c2556,TCGA-G4-6586-01A,fdff57a6-2ce6-4b58-9bbe-83c0da7f816c,Primary Tumor,RNA-Seq
18ea89b0-8f52-4a43-adbd-dcfda1badea3,TCGA-CM-5863-01A,8fa7105d-aba3-49e4-bbc0-083c547f3449,Primary Tumor,RNA-Seq
2a19fdfd-cd77-4ad6-af4b-aa9347015f0a,TCGA-CM-6680-01A,badb214a-6225-4c0c-b0aa-a8b034e236ca,Primary Tumor,RNA-Seq
56b20e4c-13c9-4cb4-9455-48224949facf,TCGA-D5-6529-01A,0fbbfa5e-f2c3-4cc1-aeb3-456bd307cb85,Primary Tumor,RNA-Seq
47c939bb-1f4f-4021-bf45-69bd2d044af4,TCGA-A6-2678-11A,94d25554-2c1b-4646-9a93-c94e6804b6cc,Solid Tissue Normal,RNA-Seq
e24ef23c-def9-4798-bd23-d3f6042aee21,TCGA-AZ-6599-11A,807b3096-9816-41ac-8fdc-dcf12ba5b4cd,Solid Tissue Normal,RNA-Seq
d20efc7d-5a6e-4df1-b165-efb981277a25,TCGA-F4-6809-01A,1aba77ba-8c2c-4060-83e8-fb3bdd2270aa,Primary Tumor,RNA-Seq
4b1dc7d7-2e17-416f-a19d-2cc55b24bc04,TCGA-AA-3526-01A,5049aeb6-44d3-4e4a-ad30-5dc99c903039,Primary Tumor,RNA-Seq
d56b7589-287a-49a2-a278-bbc55e8c551d,TCGA-A6-6653-01A,bfdf24b7-f635-414f-8ba4-5eb58c8c4577,Primary Tumor,RNA-Seq
d6d4635b-bf65-4d44-b7f9-95f742e3dd0b,TCGA-A6-6648-01A,a111b68c-b45c-4cfc-9733-9dd140e81419,Primary Tumor,RNA-Seq
05b16c97-bf93-49a0-952c-26476b8edbff,TCGA-CM-5344-01A,698584f0-726b-4a10-bc69-9b4acaed2cef,Primary Tumor,RNA-Seq
2296a4aa-06fb-4670-b753-b491fa2b5e24,TCGA-DM-A0XF-01A,8f80047b-a700-413c-b228-6d170648e168,Primary Tumor,RNA-Seq
36a21b3b-72cc-4888-bfe7-814276b51019,TCGA-QG-A5YX-01A,346253c0-8e8b-459b-a6d5-03da9586578f,Primary Tumor,RNA-Seq
36438e8f-36c1-491e-bd1c-069e6878f5f9,TCGA-A6-6654-01A,47bf3623-a304-48a1-8651-71b6ed41d886,Primary Tumor,RNA-Seq
53b01082-93cb-4675-8885-49f849aafcb1,TCGA-F4-6570-01A,22b0fa6d-cad9-4937-b1f6-387fc7a6614d,Primary Tumor,RNA-Seq
88d7297b-199c-4c9d-8c2c-20af8e3e9bba,TCGA-CK-4952-01A,88b3045c-bb2e-4ad6-adbb-b52fabb7b917,Primary Tumor,RNA-Seq
57dcc262-36ad-4a0a-9482-f6fd6f8b0f0f,TCGA-A6-6138-01A,4410c7ed-286b-4452-bf3e-782673177b97,Primary Tumor,RNA-Seq
d31a05a4-d54a-46ca-a287-d0650406ed5d,TCGA-CM-6170-01A,8ec9edae-7252-46c0-ada6-0d7998677aca,Primary Tumor,RNA-Seq
ee497fc7-cdb7-410e-870a-8ff906320e10,TCGA-CM-5349-01A,59a3ebb6-0bc0-4790-99bf-3caf74cb5c6e,Primary Tumor,RNA-Seq
0e6a29bf-9879-46dc-88e8-62e05b8f8167,TCGA-DM-A28H-01A,9493c0b9-d2b3-4163-8a4e-ac9deb127045,Primary Tumor,RNA-Seq
b828e0ea-baee-475a-8d31-005c06ffc952,TCGA-A6-5665-11A,5f481013-8a19-4a85-9426-874f21cf2bf8,Solid Tissue Normal,RNA-Seq
9c093914-e2e4-4672-911e-552c1d19ae8f,TCGA-A6-5665-01B,f4337307-e3c2-46f5-aa59-e77e6e64d734,Primary Tumor,RNA-Seq
b2e766dd-7a39-4f6f-8861-398a2148ce7c,TCGA-CM-4751-01A,a08a26d6-153c-4e79-a4cc-dbbe1620dc8f,Primary Tumor,RNA-Seq
b88ca096-13d2-48c8-aa91-b4d9a91d4b9b,TCGA-AA-3655-01A,41192387-8da9-4bd2-be0f-f74157e7bab9,Primary Tumor,RNA-Seq
61822317-92b1-4e72-aaa9-40515d3dd413,TCGA-G4-6317-02A,45c8544c-ec60-447e-91ee-62e41e72a82f,Recurrent Tumor,RNA-Seq
6efef3b8-545b-4752-b55e-444a83fd4fea,TCGA-AD-6899-01A,73f2fc25-c775-4567-8ca1-5732aa0dd156,Primary Tumor,RNA-Seq
53414642-1733-4871-aa0f-6f6b4c1c77f4,TCGA-AZ-4323-01A,1cd9614d-c2eb-4146-a4ff-adefcdad7315,Primary Tumor,RNA-Seq
b9df02b4-7aaa-4158-96b2-b0ae0d1f59ca,TCGA-A6-3810-01B,996d2576-2f47-42b3-84dd-80448843abd6,Primary Tumor,RNA-Seq
95a28b77-219b-47fa-abf2-4b57b6df66d7,TCGA-D5-6537-01A,849016dc-fea2-4d92-9bee-24f41fa625e0,Primary Tumor,RNA-Seq
6a94336f-1bc1-4802-891e-fd0566242867,TCGA-DM-A1D7-01A,18364fcc-5f9c-4e3f-8a9e-56ed18ac893e,Primary Tumor,RNA-Seq
959d1afe-1bf7-4e7f-9a8e-3822c7ff73c1,TCGA-CK-4947-01B,353ef4f3-1c2e-4f6c-a6c9-2e4404c62efe,Primary Tumor,RNA-Seq
8db18318-ef7a-49eb-bd74-8fea80ff8813,TCGA-G4-6626-01A,2913b2f9-5f05-4e40-a1e7-7d5f1e17d6ab,Primary Tumor,RNA-Seq
a84a1242-d009-4b35-bace-9d8e713338d6,TCGA-D5-6923-01A,617f14fe-153c-4ddc-b280-600c1fa08ad5,Primary Tumor,RNA-Seq
a3005417-6edb-4060-9b5f-55dbaaab3a26,TCGA-D5-6540-01A,201b6b48-418f-48a3-a568-6e851f85c25e,Primary Tumor,RNA-Seq
7a71b7a8-7dd0-44f4-816a-b2d1925c347a,TCGA-A6-A566-01A,615fdee9-637e-45c6-8909-36b9201a8eb7,Primary Tumor,RNA-Seq
4a848ba9-297a-4a02-9caa-64bf339e1501,TCGA-CM-6171-01A,0b30934d-0c35-41a1-8a1c-8c5f6a9774d9,Primary Tumor,RNA-Seq
8fae252b-4bfd-4e50-aa42-a3674b379cdf,TCGA-CA-5254-01A,7a775f5c-32e5-4d88-b647-e1326ab369fd,Primary Tumor,RNA-Seq
7a1efbd4-b75c-4ce4-8b09-27b1418645f0,TCGA-A6-5660-01A,1bc0790d-1383-43a2-920a-ae5c7205e518,Primary Tumor,RNA-Seq
33b17681-6a22-4387-ad90-265348b7b497,TCGA-F4-6704-01A,b35229f7-d11e-4357-ab86-53e9a5867f55,Primary Tumor,RNA-Seq
4c70c94a-2459-4732-935c-966f09eafe56,TCGA-D5-6536-01A,258dd9ce-a865-44d8-a665-f52f3cd368c1,Primary Tumor,RNA-Seq
f21d45ab-873e-4d14-a448-c2f70304b67f,TCGA-A6-2684-01A,73b6994e-c9bf-41a8-a455-17d7be309a9f,Primary Tumor,RNA-Seq
cbe63bd5-111d-4231-9aee-d450fa47899b,TCGA-CM-6166-01A,0c749ae7-1564-4ade-847f-376d21d1753b,Primary Tumor,RNA-Seq
4f3e3d33-7f56-4a76-b087-ce515f7ce669,TCGA-F4-6855-01A,a04e922f-f436-45ae-ad28-5cdf9d351c3a,Primary Tumor,RNA-Seq
a04baf3d-536e-4cd1-85cd-d51328e7eb5c,TCGA-CM-6168-01A,ff1f5513-8463-4b1e-b254-72d9e0863d35,Primary Tumor,RNA-Seq
c8d546d7-c463-48ca-8566-00ddd96429e4,TCGA-AZ-6606-01A,25d55cf4-625f-485f-85aa-87adb72e685b,Primary Tumor,RNA-Seq
8d486198-3670-4198-a1a3-02e3b461cf7f,TCGA-QG-A5Z2-01A,3d753b5b-8e33-4307-9321-e4ad4821f3bf,Primary Tumor,RNA-Seq
02f94913-1232-4bc8-8dc2-edec8b9dc628,TCGA-CK-5913-01A,afc23299-5975-4ed8-b9f1-7b8fef14384b,Primary Tumor,RNA-Seq
a8109c74-87ef-47af-a70d-b8a5931ba23f,TCGA-G4-6309-01A,019736e0-3672-4aa7-a00d-891bdd1f7f5c,Primary Tumor,RNA-Seq
0bf663e3-ecc6-4ba8-a2f2-24e113cef09a,TCGA-QG-A5YV-01A,69ef3e70-5d7a-4e30-abde-0f9f76ea3141,Primary Tumor,RNA-Seq
e01751f5-539b-49c2-9afb-9a97cbf5d445,TCGA-DM-A28F-01A,418736a4-00d2-406b-a625-0d15726713ca,Primary Tumor,RNA-Seq
0a93d57c-bf42-456b-9221-ff59656fea05,TCGA-G4-6323-01A,b09f0a46-e2bb-49e7-b1a6-5d684cf9a47d,Primary Tumor,RNA-Seq
93d1c7c2-1654-47a3-93ce-87eadaae6413,TCGA-CM-6161-01A,e312aa23-66f6-48b0-90ab-d5e9672dc654,Primary Tumor,RNA-Seq
b33b7e9b-ae2c-4004-a121-e2275d37bf78,TCGA-DM-A288-01A,73e8948f-809c-4fb4-8174-caaa7f202f76,Primary Tumor,RNA-Seq
c7730706-448a-4d62-8028-5ac455a57b88,TCGA-AY-6386-01A,87ffeaea-93d7-4c88-85b9-b1b29b7f8e1d,Primary Tumor,RNA-Seq
cc0925e3-2fc7-48a1-aa99-25e8de0757a2,TCGA-CK-5916-01A,a0d03ed1-358a-45ce-a26a-f16d6ffa6050,Primary Tumor,RNA-Seq
56528a90-9101-4bfc-8bc1-25200e639b55,TCGA-D5-5540-01A,65eb6269-3250-49d1-89e3-bbee5519bd45,Primary Tumor,RNA-Seq
40df3bad-503b-4f22-aa3d-f5281d565a99,TCGA-CK-5914-01A,b907ab67-7a44-42a0-a79a-beb625303104,Primary Tumor,RNA-Seq
18f313b7-41c3-43f8-8cd2-faef2eba1278,TCGA-F4-6808-01A,582f2b5d-ed8e-4f78-b116-76ec00bee2d4,Primary Tumor,RNA-Seq
afc66ff0-0bda-48dc-8bc5-572e22753ac8,TCGA-AM-5821-01A,16619d78-3748-466d-a194-ea21fd8fb54c,Primary Tumor,RNA-Seq
933a2fca-b107-4168-b3ae-19e31eec21d5,TCGA-5M-AAT5-01A,1a552953-755f-430b-8556-a06cc82753d3,Primary Tumor,RNA-Seq
68492609-f65f-4a4a-8611-22a8248d3458,TCGA-CM-5864-01A,a81e2e72-e4ef-4a72-8338-3e234fe412ff,Primary Tumor,RNA-Seq
e325da3b-764a-46ac-9f66-adcacd30215d,TCGA-D5-6931-01A,9cfcf069-f971-476c-9084-4d62a75cb3a7,Primary Tumor,RNA-Seq
192a2cca-6b73-4b89-b551-abeab6a9141f,TCGA-A6-2671-11A,a4b58604-884f-4f42-aaf4-056274017721,Solid Tissue Normal,RNA-Seq
e724177b-4be5-4c9c-9e65-20fc89fc092c,TCGA-NH-A8F7-01A,e9ac4856-032e-401f-b3e6-54e7f796faa4,Primary Tumor,RNA-Seq
bb6aa786-96cb-449e-9a04-e14de774005c,TCGA-DM-A1HA-01A,baa29aee-e36f-417a-9f72-b70d9c8d47ed,Primary Tumor,RNA-Seq
b031a7c1-7de8-47cb-ad89-371bf6bbacbc,TCGA-AZ-6598-01A,e86137c5-37af-4a47-8f29-5a947e013536,Primary Tumor,RNA-Seq
fe34299b-8203-40e3-97f4-d5402ff8a61d,TCGA-G4-6322-01A,bb39734c-9d9c-4249-9d1b-176b28aba41c,Primary Tumor,RNA-Seq
fba8f982-4d84-4716-881b-97c663e24ab5,TCGA-AZ-5407-01A,faed408c-c7f8-4a40-b7ab-7713129c1211,Primary Tumor,RNA-Seq
d32adb34-c93a-40e4-936d-f747b0c7f1b2,TCGA-CM-4743-01A,14eb006d-42b2-4765-9dc2-b96f9aa03c10,Primary Tumor,RNA-Seq
ff04aeb0-7431-4898-97f2-ab36de7d5cfe,TCGA-AA-3517-11A,d66e8ea3-e229-4809-aa7b-bbe7a8aeb3fe,Solid Tissue Normal,RNA-Seq
c1aa267b-441a-4ce9-b519-aa56e51f2932,TCGA-AA-3518-11A,2aab9612-a6f8-47ce-a2f9-8724e9a922e4,Solid Tissue Normal,RNA-Seq
5ca47c9a-cb49-4fda-8409-bdd1f5a92ebc,TCGA-NH-A50V-01A,a7a71b11-5e34-49a4-8d54-be27d9c8daf0,Primary Tumor,RNA-Seq
49e066f2-4b69-4cef-9a45-bc9989488389,TCGA-AA-3685-01A,a2dd99bf-3a02-42cd-9aa8-80a018584ee6,Primary Tumor,RNA-Seq
c600260f-74f2-4ed3-b259-d865fa2ebf01,TCGA-CM-6167-01A,e29a1283-3e22-41f6-bc76-bfb244a044ae,Primary Tumor,RNA-Seq
1f8fc45d-8de4-4276-ba07-1b18b61468a4,TCGA-CM-4744-01A,a545fb9a-c386-4a80-9a25-660dc4f62904,Primary Tumor,RNA-Seq
d0bcfdbe-512d-4bec-a212-6da156e49562,TCGA-CM-6678-01A,010eccdb-0d4b-4808-b210-8c462ad05925,Primary Tumor,RNA-Seq
a9e98a62-51bb-4082-8dfd-bab3a8ced037,TCGA-AZ-4682-01B,a2412f6f-324e-4ef2-bd46-0d33596a033b,Primary Tumor,RNA-Seq
0d045ff6-a8e0-4167-b099-d8bfefb694ed,TCGA-A6-2685-11A,8365e423-d76a-4903-a90d-5332e019ee7c,Solid Tissue Normal,RNA-Seq
13335c50-9194-4151-b690-178668ad258e,TCGA-AY-A54L-01A,52efbeb4-7b23-4c49-92f9-931a3eb99055,Primary Tumor,RNA-Seq
3f41157c-b60f-4206-a9f3-f03c5618aade,TCGA-NH-A6GB-01A,f4271689-b9a3-4493-9be0-3cb059e626a7,Primary Tumor,RNA-Seq
62980482-fd96-43a5-8f47-1c7437e26b4e,TCGA-AD-A5EK-01A,c48314ee-c778-4b82-8e5a-4923df4c8413,Primary Tumor,RNA-Seq
94c01e35-1732-4eb5-ab15-50e4503292f6,TCGA-D5-6539-01A,1c565c5a-8254-48bc-9b88-c582bfc15204,Primary Tumor,RNA-Seq
6c6b8365-083b-4fc6-8f28-e127c34f365b,TCGA-DM-A1D6-01A,31ee769f-14d5-4cc3-b25f-76ca354bdb1b,Primary Tumor,RNA-Seq
43fca071-f94f-4e49-ba98-4503c82933c8,TCGA-A6-5656-01A,b85efaf6-8cb4-4929-b29e-4655c107f61a,Primary Tumor,RNA-Seq
64dc1cf1-30cd-4780-87d4-a0a53d2b8e71,TCGA-AA-3660-01A,87cf1a20-2dc5-4c06-b0c4-16103be40ef0,Primary Tumor,RNA-Seq
564e57de-c08b-431e-b3de-9f3616dbf632,TCGA-A6-2683-11A,5c7de7c6-7a72-4185-a72c-1d25d4ab07fe,Solid Tissue Normal,RNA-Seq
fa10a537-7293-4803-844f-e0f9273eea15,TCGA-AA-3660-11A,a0832917-75b9-45c8-9273-009c3737a43a,Solid Tissue Normal,RNA-Seq
0d10b6a1-aa35-4565-af82-5d92bb2fba47,TCGA-G4-6321-01A,cc8bda91-9a72-47dd-97c6-ca5e09fca229,Primary Tumor,RNA-Seq
5067370b-612e-4463-b18e-cc3131ef4d58,TCGA-AA-3522-11A,218bbd07-5fa3-4946-a2c1-0ece13466441,Solid Tissue Normal,RNA-Seq
4bf6d27c-a3d3-4c86-8bb9-7d7a378f8247,TCGA-AA-3713-01A,5bd478fc-a97d-413f-a4f8-7d24c305334f,Primary Tumor,RNA-Seq
d1d0df5c-934f-42f6-8d56-ba520a6e5c4e,TCGA-A6-6652-01A,e10ca275-47db-4d0b-8cc1-6680aad968b2,Primary Tumor,RNA-Seq
edc27e21-feb9-428f-92cb-5bd979dfa55e,TCGA-AD-A5EJ-01A,f675116a-bfec-47ae-ac24-9b61dd3cc6c1,Primary Tumor,RNA-Seq
51fcea23-3731-40f3-97cf-3dbb90e9f1db,TCGA-AY-A71X-01A,4c09ff32-902b-4d36-bdf7-f4d3399c059f,Primary Tumor,RNA-Seq
553894e3-5957-43b3-8e22-06c06a6b7102,TCGA-CK-4950-01A,198cf746-6749-487f-a097-dd098a70949c,Primary Tumor,RNA-Seq
79a787a0-7ec8-4cde-a045-cd32a06f5a7c,TCGA-CA-6716-01A,a519f8a7-a83e-4e07-83aa-eed4bcd37266,Primary Tumor,RNA-Seq
e22bf717-ec42-4d7c-bc4f-a74c2f999381,TCGA-CM-6676-01A,04aede4a-8d61-4501-bdca-10ea9bc343f9,Primary Tumor,RNA-Seq
7ae8cdf9-2adb-4bc7-8c11-c8132279362b,TCGA-AZ-6599-01A,d463f9a9-109e-40a8-8ee9-d16545b0c151,Primary Tumor,RNA-Seq
17c9a450-6f0a-437a-a639-b1e7e43b6be4,TCGA-DM-A28A-01A,5ab15b14-d6c2-4900-add7-24e3b8df2680,Primary Tumor,RNA-Seq
7f3466df-67f8-4cba-acec-cadd29f54a34,TCGA-D5-6920-01A,bde9ee05-b6c2-49c7-a1d4-7fa823a087d9,Primary Tumor,RNA-Seq
2621deaf-1188-45eb-983d-e83b0ecc42d6,TCGA-QG-A5Z1-01A,95601410-9608-4dda-ba3f-462be0e8c35f,Primary Tumor,RNA-Seq
f3b0ee72-0bf1-431e-a7f1-eebaae09cdd6,TCGA-A6-6782-01A,844a005f-471c-45d5-86de-956951d6b7d1,Primary Tumor,RNA-Seq
e9f69698-cab9-4074-9422-69868867f95e,TCGA-CM-5860-01A,445d5e8c-db8d-44f4-b3d0-d1857cb2ef48,Primary Tumor,RNA-Seq
01ef3dc3-c113-41da-89e1-437be9483d66,TCGA-CA-6718-01A,f235afbb-dc2a-41dd-b373-77c0aacefb37,Primary Tumor,RNA-Seq
a48469e0-127e-4c45-af7c-a1f073277245,TCGA-A6-6140-01A,7ab37803-051a-4731-8d63-201f0400d435,Primary Tumor,RNA-Seq
871f7c81-e0d5-4113-9779-a54cb8636ad9,TCGA-AD-6901-01A,8c74f301-7976-4c15-952d-660d53f1215d,Primary Tumor,RNA-Seq
a36ba796-d57e-4dd8-92d2-4a66e3c264ad,TCGA-CM-6169-01A,c1a72c32-2588-4d38-a634-ed1868dc9969,Primary Tumor,RNA-Seq
b3295983-aee1-4a18-866a-36813eb3278f,TCGA-G4-6306-01A,66c10757-2011-40ae-8b77-2647785fd463,Primary Tumor,RNA-Seq
12b86a2f-484b-4a6f-a1c8-db3ca963bf56,TCGA-CM-6164-01A,170c1926-67d9-4237-b365-fe611ed1ee7f,Primary Tumor,RNA-Seq
67f47c50-a087-4c98-94bc-ca7b6377a9c7,TCGA-CM-6674-01A,18c55689-4c2e-4592-867a-d7e0ba752ed7,Primary Tumor,RNA-Seq
2021c4b0-0bf1-44c9-b1bc-3663f1afcf44,TCGA-QL-A97D-01A,babd6a62-0359-4680-a8ed-1429a1bfb6a8,Primary Tumor,RNA-Seq
76aa33db-fcfc-40a2-812d-e44b31eac988,TCGA-A6-3810-01A,f2bd44d3-a53c-4a10-9ae1-a93e762f174c,Primary Tumor,RNA-Seq
96f71862-50ee-428f-976a-5f5d117b98ec,TCGA-CM-5868-01A,8983e29e-9354-4ce3-8f59-702032f1c25c,Primary Tumor,RNA-Seq
8a135805-54b8-4cf0-9f45-085a3b098c99,TCGA-D5-6926-01A,a3d5af60-a1f3-4345-ace3-c000367aecc0,Primary Tumor,RNA-Seq
806215cc-4608-44a7-bbb7-4a11b9a49989,TCGA-CA-6717-01A,d412011f-061c-43d6-8fa7-f917da658aff,Primary Tumor,RNA-Seq
6cd6c9e0-69e3-4261-8857-bf97193ee7b0,TCGA-CM-6675-01A,f954eaaa-3a62-4fe9-8568-ad2386548edd,Primary Tumor,RNA-Seq
e43e422d-154e-4cfb-a4eb-566f9d850705,TCGA-A6-2672-01B,fd3910f9-8c51-4ea8-8816-35f5e8c6f3d2,Primary Tumor,RNA-Seq
f26e9b81-82d8-4d05-90f0-c3385152799c,TCGA-CK-5915-01A,076808f3-1a00-4c82-bfa3-91a325f1e73c,Primary Tumor,RNA-Seq
f69b2a29-3129-456d-958f-71012602bc0a,TCGA-A6-2686-01A,510e5040-0834-4b92-9277-d60b523a22e8,Primary Tumor,RNA-Seq
6706f3be-7d22-4fd5-ae08-92bdf5c82f13,TCGA-A6-2686-11A,18c61df8-633b-4eb7-89c8-417ff90d11f9,Solid Tissue Normal,RNA-Seq
7f8413b9-e3b9-4b0c-a6e8-6f85ff41e7f7,TCGA-A6-5659-01A,7bbba7d3-c921-4063-8a82-3496aa6b89d5,Primary Tumor,RNA-Seq
4a0746b9-a2aa-45fa-bc7c-9eccf5e430f6,TCGA-A6-5659-01A,7bbba7d3-c921-4063-8a82-3496aa6b89d5,Primary Tumor,RNA-Seq
237b8b52-b3fb-4690-8356-a3a1c464b77d,TCGA-AU-6004-01A,09ddb59b-46b1-42d3-bb06-62e67a213394,Primary Tumor,RNA-Seq
5745a6c2-8fcc-422c-9158-713c5cad6e6c,TCGA-DM-A28M-01A,afc8d98d-6e58-461b-b771-c86486f9f012,Primary Tumor,RNA-Seq
6aa31403-17a2-4b7d-a7ca-b64cce59d4c4,TCGA-F4-6704-11A,22726e86-e657-4d50-82f7-43b8d107abf5,Solid Tissue Normal,RNA-Seq
4a7435c2-9b85-4023-bf65-e46c3d9dbc0a,TCGA-AA-3663-01A,41411fc2-420a-425f-94bd-01a52a0402e0,Primary Tumor,RNA-Seq
b10b74ca-e7d2-48f6-8dba-7d18b89885d5,TCGA-D5-5539-01A,4cf1fa0f-6a00-4037-94d1-d5ce2012b2f5,Primary Tumor,RNA-Seq
8a98cc0a-dc3c-40ca-a200-8f32fc9cbee8,TCGA-A6-2684-11A,bf2b2ca1-17b5-4a4d-bae8-46f571129706,Solid Tissue Normal,RNA-Seq
2472e773-8924-48f4-8584-6e714781754c,TCGA-AU-3779-01A,1f464f7c-dc4d-4dc2-8623-55233b9f994d,Primary Tumor,RNA-Seq
ccdfce0d-4631-496e-a977-4fdc54f27fac,TCGA-CK-6751-01A,6605cdbc-a37f-4a41-a4b5-42708e5076a3,Primary Tumor,RNA-Seq
7dbd5306-ee0f-4b03-8ecd-ced3e50689f7,TCGA-A6-2674-01A,8aca008c-f55a-420a-82c7-acd2cca77d85,Primary Tumor,RNA-Seq
9252a1d1-e1a0-4d3c-b6d4-d6a4ba542015,TCGA-G4-6315-01A,c525d1fb-ca9e-4c69-97d9-0d00041edb01,Primary Tumor,RNA-Seq
29f4bd21-789c-46e1-be19-eba86fe3da81,TCGA-G4-6320-01A,40dd997d-cfdf-46f9-9c0a-f238b8d6f758,Primary Tumor,RNA-Seq
d3a85e16-32c3-4d7e-afe2-3b41c79fdf92,TCGA-DM-A280-01A,e0766706-baf6-4009-833e-6c3b0b9543ce,Primary Tumor,RNA-Seq
57d01d9e-dbb4-455a-9300-9af84dabfe45,TCGA-F4-6854-01A,7c12327f-05c5-4721-8031-93a318835580,Primary Tumor,RNA-Seq
9a3d028e-c8ee-4dd7-98b7-ea906fb0b63c,TCGA-A6-2675-11A,ea4647ed-9f05-47b1-bccd-1dec362903c4,Solid Tissue Normal,RNA-Seq
1182ed42-d438-40c3-bb54-ac6cbe591f32,TCGA-A6-2675-01A,7cc80938-e5a3-4bfb-a988-e4c876894bcf,Primary Tumor,RNA-Seq
b1aceac1-8036-411c-a842-e3bdc8b629a3,TCGA-NH-A8F8-01A,61715dc9-a28b-46a4-94a9-9a2b1b379831,Primary Tumor,RNA-Seq
05b4b570-4886-4770-beab-fad633b1b058,TCGA-NH-A6GC-01A,6483a131-0ac0-4d9d-b184-b249e1ac971f,Primary Tumor,RNA-Seq
99df14b3-bfda-44da-a982-20786de532fa,TCGA-5M-AAT4-01A,7ce1f7c4-c7b2-4a2f-a3f1-b96bef4f6b63,Primary Tumor,RNA-Seq
dfe1676d-9260-41cc-bf66-4c592d6a02b7,TCGA-AY-5543-01A,0b6dfffe-43c7-47a7-82aa-fd9f7dec0f13,Primary Tumor,RNA-Seq
b14c3c6c-3569-4f8f-8afc-db52b1073b39,TCGA-A6-5667-11A,5ce13336-702f-4358-b74b-dba1cfb36077,Solid Tissue Normal,RNA-Seq
650c4abb-9776-4910-b7ba-13768d5dd5db,TCGA-A6-A5ZU-01A,180853ab-cdf4-431a-a88f-9bdf0602a3a9,Primary Tumor,RNA-Seq
ef44bbe7-ef2e-4109-8f9a-cb95b9764cd9,TCGA-A6-6141-01A,d67fc406-7974-433e-896d-57197eced52b,Primary Tumor,RNA-Seq
19ec6fa0-7160-4134-8e43-69fb060b475f,TCGA-AD-6963-01A,08003f93-05c8-40ed-95dc-16abf83b1e43,Primary Tumor,RNA-Seq
3e83feb5-766d-4043-bbf7-27192640ed65,TCGA-AA-3520-11A,8d3db68e-1414-43cc-a569-17ec2b7c9450,Solid Tissue Normal,RNA-Seq
78765bfe-0f31-431e-b6eb-b5ce210e84df,TCGA-RU-A8FL-01A,33754280-57c0-45b7-8f33-984ceb7ddffb,Primary Tumor,RNA-Seq
18f05b93-ac48-404b-885a-c613848fe4e9,TCGA-AZ-6607-01A,22f0ccad-11a2-4a4f-81f1-8c1c324ee86a,Primary Tumor,RNA-Seq
18b9504f-6ff9-4b3a-a289-2a491a97521e,TCGA-DM-A0X9-01A,0164c63c-d3fc-48ab-88d3-c0ab821c39c4,Primary Tumor,RNA-Seq
d4466b17-a61d-4142-b713-d4f37e409108,TCGA-AZ-5403-01A,a2252651-387d-49b8-947c-f9d1872b5822,Primary Tumor,RNA-Seq
d6d2b1bc-347d-450f-92e6-e79cd45a760f,TCGA-A6-3809-01B,c3c7289b-4854-4231-bd0f-952a7b05db8c,Primary Tumor,RNA-Seq
49c8a875-b751-469e-a673-d6202ff0d462,TCGA-AZ-6605-01A,c95acbd6-8dd8-49f7-8c0e-8c2aa4f3a72c,Primary Tumor,RNA-Seq
503c175b-d03a-4bef-8fee-e5b78e5a63a0,TCGA-A6-5662-11A,6c4dbbe4-7f58-4de2-9aaf-a6d87170870a,Solid Tissue Normal,RNA-Seq
77364166-9858-4f86-a3bf-579eed7aaec7,TCGA-A6-5662-01A,0b58159a-ab85-4baa-b83e-55a8d080a3c5,Primary Tumor,RNA-Seq
ac084a2d-8222-443a-82ab-c240df09d532,TCGA-A6-6780-01A,a8635b10-cbf2-461b-b459-e82e2aec4589,Primary Tumor,RNA-Seq
58bbe75f-0729-4e43-9776-2a72be83ae7a,TCGA-CK-6748-01A,f69e80aa-237d-4e75-8d04-7c1b5ae9007b,Primary Tumor,RNA-Seq
45bfee62-dd6d-456a-a4f9-83333a6c933d,TCGA-CA-6719-01A,732077b5-97b2-44ab-aac9-1ae94fd04887,Primary Tumor,RNA-Seq
daa642a7-5a18-47d2-b555-516ce2b42c71,TCGA-AZ-6598-11A,456cc2df-f9a7-4f65-8450-a79ed69fa27f,Solid Tissue Normal,RNA-Seq
364eb1ec-af6a-4a70-8354-fe9b98dac239,TCGA-D5-6538-01A,9eefa52f-0f0f-4eb0-9d9a-36bb1a1c4903,Primary Tumor,RNA-Seq
98456a58-5495-4936-a997-f4d19cc96c6e,TCGA-D5-6928-01A,2fcfeba3-1455-43c1-b10f-1559fd0e03cf,Primary Tumor,RNA-Seq
8555cafd-98d3-4a51-a44d-1566fbed3ebe,TCGA-68-8250-01A,a6a1a05e-9126-45cd-b7be-c1c342faf5af,Primary Tumor,RNA-Seq
359d07f9-68f2-4810-81b0-25a915c2ab15,TCGA-22-1017-01A,0c12ba81-c5dd-4119-a91b-71a3bddb3a74,Primary Tumor,RNA-Seq
a362ceac-9e33-4861-a18b-57be18dc140c,TCGA-60-2698-01A,a908ce38-12e6-4ec6-baab-9d79221ab6eb,Primary Tumor,RNA-Seq
a426a4ad-8af1-4542-8e75-984026ef190f,TCGA-56-8305-01A,5775b052-a282-49fd-aa8d-dcf9973d5909,Primary Tumor,RNA-Seq
a45380ff-09ff-4658-98dd-f2b941f5a300,TCGA-33-6737-11A,7458814a-f80a-4dcc-bb93-2be5810c3fd4,Solid Tissue Normal,RNA-Seq
4817276b-b7f5-45de-b3f2-e998238e65ea,TCGA-22-5471-01A,9babf36a-fe87-4973-a220-97c5c26b76a2,Primary Tumor,RNA-Seq
4fe50534-456d-4426-ad8f-a5c363a7cc15,TCGA-56-8623-11A,26368154-1ed7-4471-87b9-d50d5fe8046b,Solid Tissue Normal,RNA-Seq
2b273e66-d466-4df6-ab44-7073c9209156,TCGA-77-7140-01A,3353e889-5ef9-4c4a-a3d3-8cd51ac9f0b3,Primary Tumor,RNA-Seq
f570b924-e304-4c38-9605-7379e8d9be58,TCGA-96-A4JK-01A,2bedd7e4-dfeb-4252-9c1c-d50eeae4de07,Primary Tumor,RNA-Seq
92531d4b-0c32-4603-999f-ef1414281459,TCGA-21-1081-01A,ea658763-5482-44b6-a1d1-d9bb66f40092,Primary Tumor,RNA-Seq
afc92bc9-7fcb-4abd-8912-617fe2420fdc,TCGA-60-2712-01A,918bd17a-9ed5-4c0b-8ef6-7fa4bf53579e,Primary Tumor,RNA-Seq
2814e70f-1d06-43a2-ad0d-3a03b8d7b36d,TCGA-22-5489-01A,a13b5c1e-dce0-4626-8a90-6611fa51f286,Primary Tumor,RNA-Seq
a5e5a90c-d984-47f7-a31f-3ab6d60bfa79,TCGA-98-A53C-01A,967fcde6-a682-4d0e-9ed7-6678177cee98,Primary Tumor,RNA-Seq
58210962-43ee-42ef-a2c9-26dc556ce506,TCGA-56-8082-01A,40459a56-482e-4c5a-832c-8d2ef9a83048,Primary Tumor,RNA-Seq
960b17c8-89b5-4f02-a94e-0ac6e6575780,TCGA-56-8082-11A,62bbfd79-c0bc-41e2-ac4b-4520eb192429,Solid Tissue Normal,RNA-Seq
d87781a1-b8e7-4c4b-852c-9b18d8ad9df1,TCGA-22-0940-01A,fef3b398-bf46-4900-8bef-badf01c1fa73,Primary Tumor,RNA-Seq
6d73aa34-8f81-4d0d-a33c-4df0306978fe,TCGA-85-A511-01A,be0cefbd-8674-4c38-8c41-7e786de9b721,Primary Tumor,RNA-Seq
fe333fb7-a712-4935-b0d3-89bd9a11f161,TCGA-22-5481-11A,18be516f-6889-47f5-ba2d-9d7ac91636e3,Solid Tissue Normal,RNA-Seq
0e3144ae-52f1-4f63-9cf9-810c0a229899,TCGA-22-5481-01A,2420585a-4519-4a28-b121-87188c3d4719,Primary Tumor,RNA-Seq
4b07676b-4bd7-4752-a5bb-8ca7b2b94aad,TCGA-43-8115-01A,0728ddaa-ebc0-4899-b781-1c03f0818ee6,Primary Tumor,RNA-Seq
f65c32e5-b56c-4ee8-bac2-80cbe9e77e3c,TCGA-43-6770-01A,0e225b33-d4aa-4dc9-9a51-a642b4a13c4e,Primary Tumor,RNA-Seq
0a0362c8-784f-45e2-bf93-031f27acf6f9,TCGA-39-5019-01A,e47e21b7-550b-4268-8e1a-ab176b0abc1d,Primary Tumor,RNA-Seq
a7ac8c5f-455e-452c-89c9-45c850622643,TCGA-43-A475-01A,0bb7c904-7964-424f-8b26-4e30a30f5641,Primary Tumor,RNA-Seq
088f0776-256f-4338-b3fe-05780c0d5adf,TCGA-46-6025-01A,2896f7fb-d6cb-4da3-ab40-52d1e739b8d9,Primary Tumor,RNA-Seq
b484a1cf-4063-42a8-8e46-32cb89d0050b,TCGA-66-2759-01A,33918a59-c2b0-435e-ba63-8a39da191712,Primary Tumor,RNA-Seq
163d81a4-e40e-4244-8ab6-d46870e14c27,TCGA-77-8150-01A,b85adaf2-0884-41f6-aada-b38d9759a6d1,Primary Tumor,RNA-Seq
1e633713-5479-41c5-b4ac-7bc355c7bc9f,TCGA-22-4593-11A,f0217eb5-1196-4d7b-9eff-b4082ade5ed7,Solid Tissue Normal,RNA-Seq
585eb946-400a-490f-af69-f3f61a552186,TCGA-22-5492-01A,8a0b8a54-d4f7-4911-a692-6731d089eba2,Primary Tumor,RNA-Seq
b50babc6-ec2f-4aa5-bb39-b23740d90480,TCGA-77-8139-01A,e040d9c5-8e56-4a95-a88c-65037fa0f386,Primary Tumor,RNA-Seq
3ac6f3a5-6bfe-41bb-8af3-b18dc850caee,TCGA-39-5021-01A,c4d764a5-b669-4e88-a989-f7b00384683a,Primary Tumor,RNA-Seq
5552ac32-6ab9-433c-ad77-bb68b440ebd8,TCGA-56-7579-11A,f941c30f-2f7e-4cbf-a40b-b77ac0711a70,Solid Tissue Normal,RNA-Seq
188fc173-d0f7-4d5f-8636-c92f5b31542e,TCGA-63-7022-01A,d19176cc-dec2-4962-9de6-1601bd3a8bb3,Primary Tumor,RNA-Seq
18dff6d7-003e-412e-97e1-8fa91dcef995,TCGA-22-4605-01A,30bdbb22-cbb9-4be3-abbd-074e643092c3,Primary Tumor,RNA-Seq
edcba657-41e0-4b56-8639-c7494a09ec94,TCGA-56-8309-01A,4490cb7c-39b6-4956-b975-bbad21b33edb,Primary Tumor,RNA-Seq
9dc33a1d-2d4b-4cd7-9420-16c506628523,TCGA-98-A53H-01A,3f77e2fc-1055-4430-bd7e-d373368d6e03,Primary Tumor,RNA-Seq
62d0a5c6-b711-4d64-9241-75190b2ce13b,TCGA-85-8072-01A,4293c34f-00e0-4833-a62d-3142da70ba46,Primary Tumor,RNA-Seq
8daa0de9-6dc1-4f1f-a477-cf644254cedb,TCGA-34-5929-01A,21095913-9f26-4968-af07-442e2d73ead5,Primary Tumor,RNA-Seq
2b39d501-14a6-4001-9675-d8629ae2828f,TCGA-39-5027-01A,a6e8c3e6-28a4-4b3b-9785-d6f0773fa1e0,Primary Tumor,RNA-Seq
adf80107-2fe1-4adb-bc67-20abe72cdb16,TCGA-90-A4ED-01A,b6b49045-d237-4956-b6d3-144c85bb7a9f,Primary Tumor,RNA-Seq
a5b52887-2cd5-4d98-8ec5-cd1ecd405e12,TCGA-56-A5DS-01A,45de6106-407a-4e9d-a10e-881c01fd965c,Primary Tumor,RNA-Seq
d284b7f1-ef2f-4b45-ad22-f346bf25660d,TCGA-LA-A446-01A,f428a2ee-f03c-4820-9fa8-abd9a74eec63,Primary Tumor,RNA-Seq
1c2faf78-870a-4e6a-b089-7a88381b3d10,TCGA-18-4721-01A,1bac4ff6-e35b-40f6-bbe4-705ab672d102,Primary Tumor,RNA-Seq
e6ab8eee-357c-4bca-ad86-d9fa0dc6788c,TCGA-46-3768-01A,fedc687f-a217-4e70-a4fd-9c73b3becd75,Primary Tumor,RNA-Seq
5e168434-9c3e-4e14-8a50-a0d0c4621e9b,TCGA-22-4595-01A,d746415e-2761-464f-b2ae-90eafb0eabe3,Primary Tumor,RNA-Seq
fd106c5f-ffcd-4a42-a4c4-702a917e9409,TCGA-NC-A5HI-01A,d369946e-1e86-4787-996e-c811c97293ec,Primary Tumor,RNA-Seq
95f28548-0427-46b0-8fa4-cd2fed7ea4a7,TCGA-MF-A522-01A,1ace1fcc-1ce6-4d31-9e7f-7aa9f155ee78,Primary Tumor,RNA-Seq
ae2739cd-0e1a-45f5-9352-1895d5253fa7,TCGA-63-A5MJ-01A,d31f2e53-e3e3-4469-a7cf-c7e9fa5f283d,Primary Tumor,RNA-Seq
fec91580-a8f0-41b7-9265-1c2964681d1e,TCGA-56-A5DR-01A,663da23b-f3e4-430b-9c79-f178a19db76e,Primary Tumor,RNA-Seq
17332702-07ba-4ce6-8388-ab7ff881d080,TCGA-63-A5MM-01A,3f62a39c-89c4-413b-a58f-d921bd1533ce,Primary Tumor,RNA-Seq
aeb16fe1-bf06-42f3-abd3-95be176c7c30,TCGA-79-5596-01A,563c76af-765a-4001-a58c-6f9616b60452,Primary Tumor,RNA-Seq
5540fcf3-ecb0-445c-a1c9-6e50d3c40b84,TCGA-O2-A5IB-01A,803e1d61-0ccd-4a97-917d-34b5fdf290f3,Primary Tumor,RNA-Seq
51994112-88d6-40f1-aef1-28a5c58d04df,TCGA-51-4079-01A,0e2d6eec-a531-4e75-8067-2e86857d69cc,Primary Tumor,RNA-Seq
58c0ec47-420a-414b-8d17-bb53b7b11cfc,TCGA-51-4079-11A,fce0f383-9550-4c0a-b220-4da86d68430a,Solid Tissue Normal,RNA-Seq
a4f0e47c-b7a8-4871-ac3e-9a1238bad650,TCGA-37-3792-01A,cc9f85c4-5cc0-44e4-81d9-45b96f78aaf0,Primary Tumor,RNA-Seq
a909c4d4-4238-4a9a-9a93-65fdec01f1ea,TCGA-56-7580-01A,6f1ce7e8-c98e-43d5-a27d-44c0e0cce566,Primary Tumor,RNA-Seq
ad8e01a4-8db6-40ad-b76b-57ec21e39f66,TCGA-66-2768-01A,778481c5-9fd9-4948-9f1f-229b9569faf1,Primary Tumor,RNA-Seq
f92e2c6d-5f33-46be-895e-015bcb36fb55,TCGA-60-2726-01A,91a60807-2d0f-474e-b02f-18fea788b319,Primary Tumor,RNA-Seq
6a132285-98ff-4651-9de7-8b78a9f41223,TCGA-85-A4QR-01A,2a2ed3ec-57c9-4d2e-a03e-03b11b03950f,Primary Tumor,RNA-Seq
a00f911f-bc0d-4246-8394-11e4616bf3a9,TCGA-66-2790-01A,7310195a-bf13-4efb-a7ed-e3974b775908,Primary Tumor,RNA-Seq
f455e5c5-a35c-4ea1-8f45-70c28e327f57,TCGA-33-4566-01A,1ab08501-81db-434d-8f1a-672a5054661c,Primary Tumor,RNA-Seq
44193113-5e2b-4a9c-a36a-57edba519a4c,TCGA-58-8388-01A,cbc8f951-7809-423b-9b6f-b2c6deb68318,Primary Tumor,RNA-Seq
215f5d65-da27-4a56-815e-6145bf1fd9c2,TCGA-34-A5IX-01A,d9ba3021-de27-41e6-803e-47a71972d201,Primary Tumor,RNA-Seq
e923efcf-2d63-453d-90a5-3a42b1bb19e8,TCGA-66-2734-01A,c229a069-e9e1-43cf-9231-7ef5a1f18e52,Primary Tumor,RNA-Seq
6c17a989-48dd-4d3e-b394-c52cde616423,TCGA-77-6844-01A,bb25b113-66e4-47c9-a64f-70d65b662350,Primary Tumor,RNA-Seq
d381af56-32fd-4604-af0e-5092fb437c4d,TCGA-43-2581-01A,d50fe05c-1768-49e0-88c2-99b3eb372084,Primary Tumor,RNA-Seq
fbb80c99-bde4-41c5-8898-343311d70106,TCGA-39-5022-01A,c77cd407-545a-47b9-a0aa-ec27095f934b,Primary Tumor,RNA-Seq
74396b90-a21b-4141-8153-e5d8d9d71afe,TCGA-66-2800-01A,2aaab31d-2622-4b76-8fa0-0a433ad7533e,Primary Tumor,RNA-Seq
f30913ac-dd42-4862-99a3-f15efbb5216c,TCGA-98-A539-01A,97ea5868-ac98-4966-b3fa-2ec35ad5196d,Primary Tumor,RNA-Seq
0547f99a-89ad-4ad5-92c9-6c109d52ed00,TCGA-85-6561-01A,57b69a21-a1cd-48cd-93f7-aa196441c345,Primary Tumor,RNA-Seq
34f0ae8d-007c-45d2-933f-4d149a9ee4f6,TCGA-34-5240-01A,49395d22-cd07-4ab7-bdf3-cfa56687ba43,Primary Tumor,RNA-Seq
de8fc9f9-c28a-4390-bdcf-5eed3c143879,TCGA-NC-A5HM-01A,cb7381b0-1ebb-4127-b43e-01b02c725cc5,Primary Tumor,RNA-Seq
18e714c8-e657-4050-821e-6bdb2ec4071a,TCGA-63-6202-01A,c3a51666-bb41-4d90-8cbb-dd2f13e5c8f5,Primary Tumor,RNA-Seq
5cbc71b4-c70b-4a4d-8c41-aff8ec6dbf79,TCGA-37-4132-01A,58310ac7-fab3-45fc-a76f-e79952d625bd,Primary Tumor,RNA-Seq
67b1b63d-1e47-41e4-a02d-0b4691890301,TCGA-37-3783-01A,7fa7fa60-b786-4b9b-9647-649ae411c6e9,Primary Tumor,RNA-Seq
a0943ef6-c286-4271-b571-121ceb745d1c,TCGA-51-4080-11A,be87da43-09a8-4949-92ce-1c9fbf467e0d,Solid Tissue Normal,RNA-Seq
d369c8d2-bd7a-468a-b7aa-44500608a7f1,TCGA-51-4080-01A,a18c0edd-ca60-4bcc-a5b5-5c1db1d70211,Primary Tumor,RNA-Seq
aed46b2c-1ba5-4e72-b15b-cf2b230ae477,TCGA-34-5231-01A,a2a8125a-aadb-4e8f-9e80-841b65c647ee,Primary Tumor,RNA-Seq
3cd51db8-af47-4619-b333-8f4ffddf4b62,TCGA-22-1005-01A,4d85bf07-6762-4609-a08e-7b6a4bd2d91b,Primary Tumor,RNA-Seq
2d54e01f-1384-4a75-a2af-c0776c77afb2,TCGA-85-8353-01A,42906e73-5225-4529-b8e1-5d11fb3248e8,Primary Tumor,RNA-Seq
6ee050b7-0b18-4e41-bf16-c18fcb07c01a,TCGA-56-5898-01A,810446e8-1a50-4793-a2c4-14a5d41167b8,Primary Tumor,RNA-Seq
fdb9f954-f934-4d71-a1a0-328aedb9badf,TCGA-22-0944-01A,3ad22921-3e1a-488e-83df-5ae8d24dbd06,Primary Tumor,RNA-Seq
b0b8388b-ee41-49ae-a0c5-5bbc7efcdbf5,TCGA-98-A53I-01A,e350e922-0a73-4afc-bc24-d40659468fe7,Primary Tumor,RNA-Seq
29d848b0-eebd-4182-b760-e55939eaf567,TCGA-34-5241-01A,f9bda334-2bd7-49e8-b054-858cc335f3c5,Primary Tumor,RNA-Seq
428a3c13-695f-416d-9a1a-a90155a64895,TCGA-34-5239-01A,4e006ec7-f125-4798-addc-a5d63d373044,Primary Tumor,RNA-Seq
b7b3579b-c31c-4490-9299-4ae9ad43561b,TCGA-66-2755-01A,1f963f26-4ee8-42cb-bdce-1f375829d3cb,Primary Tumor,RNA-Seq
51814246-7254-4d3b-b8ec-6cf7aa54e668,TCGA-NC-A5HK-01A,289898cd-6e42-43f4-b183-c21951e8a0e1,Primary Tumor,RNA-Seq
4e9636aa-1367-43f9-9f3a-d4baf1245d66,TCGA-98-A538-01A,1804b286-ccd1-42b1-bae4-feab67dbeec0,Primary Tumor,RNA-Seq
c14d4610-9ec9-4057-a923-a84a62e43ee5,TCGA-63-A5MS-01A,ed047a2f-983c-48ee-bcbe-8c10313d8b7d,Primary Tumor,RNA-Seq
c6f31350-01fa-4110-869f-f0c121c93ea1,TCGA-90-7767-11A,19c3bdde-e891-4545-8f2d-9cb94641371f,Solid Tissue Normal,RNA-Seq
7285ec6c-f045-4c1e-a9b0-66397b30115f,TCGA-56-8083-11A,1fc126f8-a075-48e8-8fdc-ea5b0e8d7c6f,Solid Tissue Normal,RNA-Seq
843e9fc2-575a-46cd-b0ea-0f51eee80aa2,TCGA-51-4081-11A,f44b5aee-7b92-45cc-8fab-5b3d42cb6ad3,Solid Tissue Normal,RNA-Seq
68f720c2-3e7a-42a2-9336-05da400b2157,TCGA-39-5024-01A,b8ecc173-de26-49b0-a2bb-fa3810a50fb0,Primary Tumor,RNA-Seq
3033760e-6874-4fce-83fc-564659b9b792,TCGA-34-2608-01A,6d03be57-c36d-4218-b2e8-a2864f23a554,Primary Tumor,RNA-Seq
5078777b-ce63-4ee5-983a-cd4c23c927d5,TCGA-22-5482-01A,f1f5990d-91b0-4147-89f1-ffe7d2eca3e3,Primary Tumor,RNA-Seq
697d3e48-619f-4d22-af73-5b602d17d014,TCGA-22-1016-01A,ddb395e5-4b12-4610-9755-01e444b35c2e,Primary Tumor,RNA-Seq
8efdaec4-1512-42dc-90a9-fec42b91742f,TCGA-85-8354-01A,c8a10568-8ae3-4cad-b672-fb03ddad8dfc,Primary Tumor,RNA-Seq
29faa52c-4706-4e88-a173-9e575e30b972,TCGA-77-8136-01A,2fbc0191-3d3e-49ab-a878-2f25c40af2c9,Primary Tumor,RNA-Seq
5a7a739c-05a1-40b3-bacf-5eacaaf9368b,TCGA-33-AASB-01A,0193b241-1fd8-482d-bbc5-49250d9737c5,Primary Tumor,RNA-Seq
9c55960e-a6a1-45a2-9b1a-c919a9d774eb,TCGA-98-A53B-01A,1d290e15-c407-4e20-915b-9b785f1228c8,Primary Tumor,RNA-Seq
74ef7f3e-ca6a-4d65-ad2c-746204daa06e,TCGA-37-4133-01A,e47265aa-38bc-4122-ad50-44dda65c6bf3,Primary Tumor,RNA-Seq
c750488c-9d86-4f9c-8eef-a930590baba2,TCGA-98-8023-01A,2cb259a4-cc59-48c9-917c-91207511f227,Primary Tumor,RNA-Seq
bef72dd6-39e3-4b46-85c3-064af1d1979a,TCGA-NC-A5HJ-01A,97163b07-0328-4661-a06e-185f7849e819,Primary Tumor,RNA-Seq
35775e9e-825e-49d6-b4a6-e12043f710c0,TCGA-63-A5MG-01A,107cb170-53aa-4327-b415-9137a60a8510,Primary Tumor,RNA-Seq
e75c26b3-e73d-4501-8245-b988965741f7,TCGA-60-2723-01A,b8b3957d-ba76-47b3-99d2-29f49eb38893,Primary Tumor,RNA-Seq
4a7726a1-28f8-4b8e-bea6-ec6ee3a04ed1,TCGA-58-8393-01A,557f9564-852b-4e7c-a414-bc3fc83758da,Primary Tumor,RNA-Seq
503569ef-c6b9-4c46-bdef-3058594942e9,TCGA-68-A59I-01A,8856291a-fef5-4008-b6cc-636aa8975905,Primary Tumor,RNA-Seq
7d4e1bf2-9528-4060-b170-c50db901076f,TCGA-85-7844-01A,a6835aea-672e-4313-be97-4fd4a17a2e47,Primary Tumor,RNA-Seq
0bb28dc5-d6bb-4945-898b-c6fe4b63a8ca,TCGA-58-8386-11A,f0a7c7ae-3941-4cc4-96cf-39b77c97dd80,Solid Tissue Normal,RNA-Seq
1bba6c7e-53c8-4c28-8d4e-7f00a8454a52,TCGA-66-2744-01A,75e00dd8-0ad9-4447-9407-0ab6ac0a7173,Primary Tumor,RNA-Seq
b9c1811b-3295-4be9-8d4f-83d6fd42fdcf,TCGA-58-8386-01A,4193a932-1251-4a4e-91f0-17435741b839,Primary Tumor,RNA-Seq
15ca83cb-b5d2-49b3-b486-09b298ccef89,TCGA-22-1011-01A,ad8d4ef5-5c51-4342-983d-ef912fda745a,Primary Tumor,RNA-Seq
b00c98d8-67ac-4897-9a62-e011998c911a,TCGA-37-4135-01A,5294476f-a200-453e-9d11-9c50f3c3fa5d,Primary Tumor,RNA-Seq
6e90662c-a1a1-4651-a728-aee26c26c4d5,TCGA-37-A5EM-01A,d81fe19e-df9e-4d0f-b491-d139e51d7bb7,Primary Tumor,RNA-Seq
2eaaf6a4-09d8-456b-aba5-fc003455893d,TCGA-98-A53D-01A,af8ac526-1404-44d0-9720-86f7e9148b13,Primary Tumor,RNA-Seq
e8b39b9b-9739-4d8e-ad8b-99bab4852e1e,TCGA-56-8625-01A,74948c89-51b8-47fd-be1d-593d9aa34063,Primary Tumor,RNA-Seq
ab3c18e0-59fd-47e4-bbde-f0ba97bf4510,TCGA-21-1076-01A,22be9844-4d9e-4372-a46a-b5c64480e5aa,Primary Tumor,RNA-Seq
9e2c5dd2-f150-441c-a2f1-5c41cc86a5c3,TCGA-85-A4JB-01A,d767ee8b-eb2f-41d9-9d4a-8968ac8a50b5,Primary Tumor,RNA-Seq
a6dd905e-e77b-4cc1-8aea-a98edd46dfcc,TCGA-NK-A5CR-01A,8781a00c-0e9c-46de-89be-dcd0a2504918,Primary Tumor,RNA-Seq
a9ac89d0-b366-4c2f-ba46-f17a4bc1d832,TCGA-60-2708-01A,dc117e4d-6f37-4f90-ad32-29d2d051d506,Primary Tumor,RNA-Seq
4d5b8089-57e6-443b-8f0a-35a8167d8dd6,TCGA-56-8624-01A,8fd19743-f203-459b-a81a-d0442febde6f,Primary Tumor,RNA-Seq
a50b823d-d339-4974-9691-69bade958df9,TCGA-85-6175-01A,4da87998-a3a3-4f8d-bdd0-06c340613113,Primary Tumor,RNA-Seq
b9ffeb80-381b-45a8-a173-4129408b38b5,TCGA-56-8201-01A,0abf7b37-76cf-41d3-a2d8-d03046173e5c,Primary Tumor,RNA-Seq
647d24a8-89aa-40f6-a424-e2e537589d3f,TCGA-56-8201-11A,160cfdb8-0930-4c95-beb4-006e5f42c10a,Solid Tissue Normal,RNA-Seq
b7c5fc65-01ff-466d-8857-2d002e232c71,TCGA-94-A4VJ-01A,f61bcfbe-5dc5-4346-b44f-3b90cebd6653,Primary Tumor,RNA-Seq
5a79f110-3ea5-4be2-af1b-741fe35c3e26,TCGA-39-5029-01A,32bf8629-ef58-4944-ae9e-2dc4682bfb86,Primary Tumor,RNA-Seq
1ebb31b8-a6ab-4535-8f4b-c76e3ebcbe03,TCGA-77-7463-01A,3a7c0b5f-2862-495b-81ac-16384b10490c,Primary Tumor,RNA-Seq
c035a0e6-c374-44b5-95d3-f5165cb456fe,TCGA-22-5485-01A,abc3a25f-d5bc-469e-8c3e-8e6f5b129e8f,Primary Tumor,RNA-Seq
77f3ce46-10ea-457e-9637-047022bc7617,TCGA-63-A5MW-01A,4549c88f-18ba-4cf5-b960-a5e1192c27be,Primary Tumor,RNA-Seq
a309db36-b293-4b65-9334-db6fd9af75fe,TCGA-63-7023-01A,e41efacb-ce84-4ebb-872a-05d866d2bc12,Primary Tumor,RNA-Seq
82d90875-914d-4921-835c-787cd12e8c7a,TCGA-85-8666-01A,7b879b39-8c84-40d8-a7b7-105512030f2a,Primary Tumor,RNA-Seq
980e84f7-2205-41e3-a522-08d0b9aab31d,TCGA-96-8170-01A,d3999e48-3696-4971-8439-c052bbc3920f,Primary Tumor,RNA-Seq
8ebb586b-8171-4a01-88f5-311e4fbadc0b,TCGA-60-2720-01A,7866bbce-6e55-459f-aec9-00d8b8dbfb2e,Primary Tumor,RNA-Seq
396f7d2c-13e1-4f90-b3c1-766ee9f94b22,TCGA-68-7755-01A,87d21e55-7f4a-4652-b7f7-1e64cb300fae,Primary Tumor,RNA-Seq
3ce54349-33da-4f1e-9a6d-2ca7e1edd7d0,TCGA-77-7142-11A,8b0c5f64-54df-47b2-8147-2e89520889bc,Solid Tissue Normal,RNA-Seq
3d53784a-2fe0-4ccc-9d3f-a1c9f5a0d5db,TCGA-85-8052-01A,9248b38e-ec7b-4c7c-bcb0-e942ce3c4847,Primary Tumor,RNA-Seq
12f6cefa-d7f1-491c-b4a9-80e084db87ec,TCGA-52-7622-01A,c156b8d7-8527-46ee-b0da-250b75233925,Primary Tumor,RNA-Seq
3b54bb14-22f7-4365-afa3-75bdd8bd4883,TCGA-66-2737-01A,d95f1517-799c-48b7-8514-d4423b881c8d,Primary Tumor,RNA-Seq
0f8c552b-253b-46bf-bfb5-34ede8fd463e,TCGA-77-8008-01A,42b05509-93fb-497c-aa5d-48bf5f591167,Primary Tumor,RNA-Seq
f073ab83-14e6-4191-9c66-a1376b315211,TCGA-55-1595-01A,b8e996d3-14b1-465f-b1e3-d6849b144be1,Primary Tumor,RNA-Seq
190f6218-20aa-4f3d-a852-b9809c94b1e7,TCGA-49-6742-11A,d9548fe4-5631-473a-82cd-1b089b638963,Solid Tissue Normal,RNA-Seq
a1ec7a3c-d133-47fd-b0bd-2f4b5c8180d6,TCGA-38-4631-01A,13b0d336-205a-42ac-8a50-db0eb065013d,Primary Tumor,RNA-Seq
c42c702a-d43e-4e02-9ade-a4784f236c1f,TCGA-44-6147-11A,d990632b-b55a-4893-9c3d-5ac0fb6bb6f8,Solid Tissue Normal,RNA-Seq
a518472c-ad69-4ecf-95bd-a92ec8b9f866,TCGA-44-7661-01A,a6096034-3c2c-4c96-88fe-56a22c2d167c,Primary Tumor,RNA-Seq
a09b3d3c-b404-4a54-b552-b6ff294d5c86,TCGA-50-5072-01A,aeb9e1bc-a9d2-4aa3-8cdd-cc4edbf5edf9,Primary Tumor,RNA-Seq
daf97b6a-bdd9-4ddb-827a-64adcb6725a1,TCGA-44-2659-01A,42208ba8-f465-4d62-9ed9-5dbfaa525913,Primary Tumor,RNA-Seq
f19f2038-6ee1-461c-9920-368d2c60818d,TCGA-55-7725-01A,f9455bbc-a475-476e-bd97-6137fb011e65,Primary Tumor,RNA-Seq
775071f3-2998-4424-99ba-a52e33eb1c3a,TCGA-55-8511-01A,933577d0-75b1-4f9f-baa1-2dd1ab254fd2,Primary Tumor,RNA-Seq
f3caf2ff-b73e-473b-b830-5f17224c0eb0,TCGA-05-4396-01A,4d85772b-287e-4790-b1e8-cd1c0e88ad48,Primary Tumor,RNA-Seq
1ccfdbf5-cd7c-41aa-b096-e8e36ae03930,TCGA-95-7948-01A,bf5d88da-2302-4b32-be0f-cc45638039c9,Primary Tumor,RNA-Seq
ba0e96cb-c5e3-40ca-bb29-7a4e21630f75,TCGA-38-4629-01A,eb822f95-8b15-4c86-b5e5-b0afe9c32e0c,Primary Tumor,RNA-Seq
0c8cbf8f-ca79-4053-b74a-2f6c34425a56,TCGA-44-6146-01B,c9a31213-d38f-43db-9883-a2c019eef8eb,Primary Tumor,RNA-Seq
d067d21a-83a5-4a19-abf2-19c26e5c46f0,TCGA-55-6979-01A,11e65f8b-4e48-42e7-a87c-bcf2538168c6,Primary Tumor,RNA-Seq
0454afd6-eba4-4b1b-bbe0-709eb1f0f77c,TCGA-44-6146-01A,ad66185f-983d-4416-b705-25d3d4d8b5a5,Primary Tumor,RNA-Seq
7e51c7ee-4b2d-4c47-b56e-16561a417fff,TCGA-05-4382-01A,cce6d71f-369e-467f-bd7e-03d20e97b7f3,Primary Tumor,RNA-Seq
f8df5f2e-da21-476d-8198-71babff21222,TCGA-44-6146-11A,ded52bac-fedf-43e0-be97-e261a84383ad,Solid Tissue Normal,RNA-Seq
e2ba67c6-384a-4803-84a4-3f265e668d0f,TCGA-50-5939-11A,1a762ac4-b6ef-4ea1-889a-0fda1df26765,Solid Tissue Normal,RNA-Seq
e48b59e9-428b-4411-ab93-9d3e50f7d923,TCGA-91-6836-11A,baa41644-5248-4838-acc4-56d35c7a88ae,Solid Tissue Normal,RNA-Seq
5ca0daff-4c9f-46c9-9311-f6165542440c,TCGA-05-4405-01A,9ce83cc4-7b9b-4ce7-98f5-5ce8a8d70902,Primary Tumor,RNA-Seq
242997d2-e30b-4ca9-bebb-8d85dab97741,TCGA-55-8207-01A,11f47c9a-6435-47fb-ace2-74f29f5f3f01,Primary Tumor,RNA-Seq
3556c8c5-47a5-43a3-a234-cb72c0f1f535,TCGA-05-4402-01A,07c1fce4-ec48-47a4-8391-e553936b67f2,Primary Tumor,RNA-Seq
aaf21a85-c592-4ece-830f-05707cdf4a5d,TCGA-64-5775-01A,5449bced-1356-4de5-9352-349725656c5c,Primary Tumor,RNA-Seq
ed9dadc3-b615-4a10-aee8-0b61d45bb395,TCGA-86-7954-01A,e63d9a32-593f-46e7-9d3b-866435cab585,Primary Tumor,RNA-Seq
81bb457f-eacf-4eaf-9e8a-24621fef9b9c,TCGA-49-4505-01A,d1fb0862-8d9c-4bc4-aac6-81dc4eed66c9,Primary Tumor,RNA-Seq
f0bd2b26-e9a1-4e55-9d5a-1aa664d17ad7,TCGA-73-4662-01A,c7d727b6-47c6-4339-b9dd-5baf41527bd4,Primary Tumor,RNA-Seq
f42d5f1a-3588-4f6c-9c50-c8c6e26655af,TCGA-55-7284-01B,aee334d0-5a07-4392-bf02-aca59066a68f,Primary Tumor,RNA-Seq
d3967c0e-3fb9-4eba-babc-cc7b7704c69e,TCGA-67-3771-01A,b0410cd6-693d-41d6-9dad-d1b1c30bf5cb,Primary Tumor,RNA-Seq
936ad077-a509-4013-8b60-81acf348c1a8,TCGA-49-6744-01A,a9d69d7e-298c-4ab6-b64f-1edc58832ccd,Primary Tumor,RNA-Seq
f8743ab5-1264-4afa-afa1-d4142461fc16,TCGA-78-8662-01A,cffeea21-61c8-4f86-b8d3-e67b019768cc,Primary Tumor,RNA-Seq
e4dbb989-29cc-4feb-9504-c4416cb71cf6,TCGA-64-5779-01A,4131da8f-3c6c-43e1-a7eb-81cb8988f524,Primary Tumor,RNA-Seq
14afd1c6-bda3-4a70-88d2-6bfca2b1431f,TCGA-97-7546-01A,60d4bb1a-a25f-485e-8247-1ea42220015a,Primary Tumor,RNA-Seq
b48057f8-5eeb-4827-b0e0-de6bc3173236,TCGA-64-1680-01A,0bdbe623-cf95-465a-917d-87dfb6a8618e,Primary Tumor,RNA-Seq
c1434e1f-4091-484b-8293-8e2a60a74223,TCGA-55-7911-01A,49cf5040-2d73-4538-8825-7fba37379289,Primary Tumor,RNA-Seq
8bb3f11e-f086-43f9-b066-a03fb6c7c6e1,TCGA-38-4626-11A,84997fe4-69b9-41d5-9a71-a8147cf08a2e,Solid Tissue Normal,RNA-Seq
73afef26-d762-4aa2-bca8-7a4c73af5c3a,TCGA-38-A44F-01A,45c17476-0525-46d2-8448-48d4de6713f1,Primary Tumor,RNA-Seq
1e885cc1-9646-45bf-b6f5-a9bf583a9f85,TCGA-55-8299-01A,5d0ed8d1-6e84-4f6c-8e0e-0317aa8b0e3f,Primary Tumor,RNA-Seq
d31e524d-fc7f-43f2-a785-6271db4b247d,TCGA-75-6211-01A,55f79464-e4d9-47be-8ce8-c4959e9eb753,Primary Tumor,RNA-Seq
6b62eecd-48f9-4c89-9a44-09f245a73d5a,TCGA-62-8398-01A,ec51c45a-d518-4333-bd7e-3ae606b40d01,Primary Tumor,RNA-Seq
8a67d004-35fb-4cf3-b8b4-f8b4b330c732,TCGA-50-5066-02A,68f1d178-71de-4185-82ef-2fbb221759ec,Recurrent Tumor,RNA-Seq
b259e8ea-eed8-4b41-9ef1-1521dc895633,TCGA-55-6978-11A,bf086e79-d781-4620-b8f5-868e70f293c2,Solid Tissue Normal,RNA-Seq
a568b8ed-1643-459b-bf23-f2e0cc22ab89,TCGA-75-6214-01A,7dceaead-79bb-4e91-a724-f0fae56442ce,Primary Tumor,RNA-Seq
a271fd1a-9460-4819-adf5-6b7e955d2c6c,TCGA-J2-8192-01A,45021ebd-8e13-44c2-8203-aa9f72b50e6e,Primary Tumor,RNA-Seq
3a106eb1-e276-4785-a95e-7b91e28f62c1,TCGA-S2-AA1A-01A,a28cc4b4-4819-41ef-adf7-34ee50e29ba6,Primary Tumor,RNA-Seq
6354deaa-eaff-4528-b142-2ed8353fe171,TCGA-55-6982-01A,3b284fc6-7dc4-46c2-8ec9-1121ef0b4308,Primary Tumor,RNA-Seq
602a296f-d646-4003-8acc-e8a13d420a56,TCGA-44-6774-01A,79cf84b5-84ff-42e5-b438-697b35d272fc,Primary Tumor,RNA-Seq
0da7018a-2eaa-4801-a111-3aedc1b4d7ca,TCGA-05-4426-01A,0c06cf85-61eb-4e6d-ae54-b8f5cbab9b63,Primary Tumor,RNA-Seq
3793e886-ecbe-43be-9024-947e580543be,TCGA-71-8520-01A,fb9c6881-c503-45c8-b17a-b47a9e8d9003,Primary Tumor,RNA-Seq
39194fde-017b-46c3-b620-c26abcd0bd16,TCGA-55-8096-01A,a5d9be94-1204-49cb-8758-1505d853564c,Primary Tumor,RNA-Seq
53050110-29d2-450e-aba8-05fa81da111f,TCGA-97-7553-01A,d23900e0-0335-429c-b9b6-16fa06740f92,Primary Tumor,RNA-Seq
92de5d43-a543-46b3-86a8-83039b658a12,TCGA-50-5930-11A,4cddb392-fc4b-4400-a44f-2e92a78b3e97,Solid Tissue Normal,RNA-Seq
c6271432-a1d3-4770-9abb-3082017eab15,TCGA-95-A4VN-01A,3012b1da-0624-4538-8835-a701b0be5c66,Primary Tumor,RNA-Seq
881d3e58-25e9-4758-96c7-35df93a2361b,TCGA-55-A492-01A,8e690229-01ba-4158-ac60-256310bae644,Primary Tumor,RNA-Seq
b043db54-336e-41e7-917c-956406be9e9d,TCGA-05-5428-01A,a6342eed-126b-4afb-86ef-2257b1645e5e,Primary Tumor,RNA-Seq
337ecae7-5b5c-4696-adc4-fec7d7bc5732,TCGA-44-2656-01A,5593f581-3d45-4a4a-a525-bfae1f4753a0,Primary Tumor,RNA-Seq
0595a555-f1a3-4b26-9a11-daf8477080f3,TCGA-55-6642-01A,08d8f333-08f9-4268-99b7-61f7b057f542,Primary Tumor,RNA-Seq
ef6f2e23-f79b-46ce-a738-1cf6c230854e,TCGA-L9-A444-01A,452d513d-d9f8-40bf-a3a7-75453c875561,Primary Tumor,RNA-Seq
3f1d62f4-f1f4-4361-a719-4b480feeb37b,TCGA-55-7816-01A,16094f17-9587-435b-ba5c-7f568b5dab56,Primary Tumor,RNA-Seq
10f8710e-8bf6-4d22-9066-54c391f80186,TCGA-55-6983-01A,168a4a36-b73d-4c17-aaa4-1e4824a155c2,Primary Tumor,RNA-Seq
84f7ee15-e413-452a-82b4-c57e4dad6fd4,TCGA-78-7163-01A,96bd691f-1807-456a-bef1-cb5018f5b0b1,Primary Tumor,RNA-Seq
a2d1fe1d-7aab-4cf5-b452-333f7acb0d18,TCGA-50-5068-01A,63d5b15a-fb94-4b8b-9e93-1dd1cc0a157f,Primary Tumor,RNA-Seq
f6a5cce7-897d-4d38-bbee-6abd41962a88,TCGA-44-6778-11A,2d27ed82-5872-4628-b6b3-a3deecceb0df,Solid Tissue Normal,RNA-Seq
677c20ec-daca-4b58-929f-9763788d3131,TCGA-44-6778-01A,15321297-7110-4e79-8d6f-94c95bc83c94,Primary Tumor,RNA-Seq
853a4bc8-c691-4a02-9912-871f0c686b96,TCGA-44-6145-01A,007783b3-a1b5-4e9b-8add-6d01fefb5697,Primary Tumor,RNA-Seq
a11d2471-6f00-4579-97c4-49b720752fcb,TCGA-44-6145-11A,420fd4eb-e667-4f53-811c-b128d261acf8,Solid Tissue Normal,RNA-Seq
ab081941-3138-4daa-8e05-2df874d1081a,TCGA-86-8281-01A,fbb7751d-75ca-45aa-af13-ed5cfb01ef41,Primary Tumor,RNA-Seq
64bd3772-1d5b-4a13-8a0a-4848520ccefb,TCGA-05-4424-01A,a4d06d63-8da9-4c3c-a75d-4079c2238aa8,Primary Tumor,RNA-Seq
dcbec551-8649-42a3-b15d-b07958913e9c,TCGA-44-3919-01A,9de8d353-3442-41d8-8bfe-a08c4975eaca,Primary Tumor,RNA-Seq
67203f89-c8dc-4144-8dab-c89f3d48647f,TCGA-67-3772-01A,f65c895f-cfea-46a3-b3a0-7c8a98d7522a,Primary Tumor,RNA-Seq
2cf5dba0-9b82-488d-92cc-e88e801cd0b1,TCGA-55-8514-01A,a236f15a-76cc-4a2d-9087-e824ad581453,Primary Tumor,RNA-Seq
f1629bb8-a47b-4e6c-90d6-48d643330d16,TCGA-44-4112-01A,6c206676-e511-4281-91f5-bfe91b3279a4,Primary Tumor,RNA-Seq
92d6886f-7efc-49ad-8e32-4f9e66b2b70b,TCGA-05-4397-01A,c4c061cd-e926-400b-b18c-b47c234337ca,Primary Tumor,RNA-Seq
ea92be56-8355-4158-92ea-396878b808cc,TCGA-55-8094-01A,09656581-db34-4e6e-afe0-80666eb5fba6,Primary Tumor,RNA-Seq
af29bb98-ccf0-4688-aeb1-bf8b8c2824cf,TCGA-44-3918-01A,2ff8bafd-2ac5-4bfd-8c60-81519cd44166,Primary Tumor,RNA-Seq
d2bd9ee9-9f8c-4010-b973-43c9dc69b712,TCGA-44-3918-01B,3a9be0ad-9ffd-4c4b-8b12-bae55310b0c7,Primary Tumor,RNA-Seq
a69a1b56-4be1-4372-9ca8-72d68291e401,TCGA-49-6767-01A,708a8742-f6d6-411d-9340-2c6c25885d22,Primary Tumor,RNA-Seq
30d006b5-08ee-42e7-9ebe-0e9b1c4a2dc5,TCGA-49-4490-11A,e350aefe-7984-477b-988e-e82fdc941dcd,Solid Tissue Normal,RNA-Seq
7bc0a088-4d72-4e12-ba1a-8e3fe9806a20,TCGA-49-4490-01A,185bc9bd-1e20-467c-9c06-908c8aa27e7d,Primary Tumor,RNA-Seq
7cb49f5f-bc2f-436f-863f-22f78fa2a5fc,TCGA-62-8394-01A,2df58e78-c244-4e4e-9360-d1ce8943c01d,Primary Tumor,RNA-Seq
79c2ad6f-6261-41f6-97b3-44f9d153dc15,TCGA-MN-A4N1-01A,44d07be5-4621-41a2-a574-35122a3e5fbc,Primary Tumor,RNA-Seq
f3ff40b5-47cb-4c82-ae39-84c5dc37aa1c,TCGA-MP-A4T9-01A,cca5449d-6645-4588-a0b5-c1f0b57e5c3b,Primary Tumor,RNA-Seq
2e6ab3a6-9bf9-4083-800c-22584d89fa97,TCGA-MP-A4SV-01A,b5c9beed-da9d-4110-9b6d-54a66498d5cc,Primary Tumor,RNA-Seq
230e019e-49c3-4573-b45d-f4b0631f2e27,TCGA-44-A47A-01A,ba172f1c-7e94-41e6-8078-41079b8eeee8,Primary Tumor,RNA-Seq
6eb1829b-55f1-4b28-80f8-579818e316cc,TCGA-73-7499-01A,9fd8c73a-da18-4019-9deb-16c93fe1fce2,Primary Tumor,RNA-Seq
d3d137e8-ab6c-45d3-b03d-f2454091af87,TCGA-NJ-A55R-01A,d00051b0-6181-47be-91c4-79d9530d18a5,Primary Tumor,RNA-Seq
d2332274-9bfb-45ff-a11b-88f4212e55cb,TCGA-78-7156-01A,fab452a2-a57a-4d63-80bc-2ad2b5a20f03,Primary Tumor,RNA-Seq
9efcd5f2-b6c8-4d36-8cad-84ac26824353,TCGA-55-8302-01A,97df724f-afe1-4db4-9563-853245093fbb,Primary Tumor,RNA-Seq
a53c1637-54da-4256-8614-81e6ff4af47b,TCGA-86-8669-01A,de0e8b86-5791-4e7c-b939-30857cd7b0a8,Primary Tumor,RNA-Seq
1037db6a-1503-453d-8418-e7e3ac1952e9,TCGA-64-1679-01A,29152789-d08a-49d2-87b2-2e2ea8ff6573,Primary Tumor,RNA-Seq
c3460c92-3108-4e57-aabb-147b7ceb0541,TCGA-50-6595-01A,9ed482d9-2aea-4200-a994-107a1e88f17b,Primary Tumor,RNA-Seq
c0d16ca0-e30f-41ae-892b-65be87ee922b,TCGA-55-6968-11A,affbf41b-ea28-406a-bdcb-146b9c053978,Solid Tissue Normal,RNA-Seq
3f9f5d28-880d-48fc-b199-66b50e61c35a,TCGA-MP-A4TF-01A,a1283c20-bb35-40bb-91f7-e21b3307f031,Primary Tumor,RNA-Seq
f5b0a4e2-4479-4fa2-995b-88126990e40a,TCGA-50-6594-01A,dab00804-e92f-43f1-9348-16f3015b5dce,Primary Tumor,RNA-Seq
7f303fc2-d5c8-40b9-aee8-5cd615624dfd,TCGA-55-6971-11A,32727a14-832e-4a74-9a6f-27cb1658d8b6,Solid Tissue Normal,RNA-Seq
a586e9f3-55c9-454f-bcba-4e45a93f7b2a,TCGA-86-A456-01A,e48c5428-b22b-40a8-8f42-193c68e48f07,Primary Tumor,RNA-Seq
e3a0c2b1-8470-44e1-9e82-43e6ea573ab1,TCGA-75-5126-01A,39509ea1-e728-4350-b444-798c72ade33a,Primary Tumor,RNA-Seq
f1b85801-020b-4607-b517-f0c2f52f126e,TCGA-49-AAQV-01A,5efd5b2c-3db1-4153-b01f-8f0087d96940,Primary Tumor,RNA-Seq
5de51c65-3328-4ab5-8ca5-de34470d7870,TCGA-64-5778-01A,92514fd2-a178-42e8-8929-0910558e7f87,Primary Tumor,RNA-Seq
509dd4fc-52de-4de2-bf4d-b1452a9ca1fd,TCGA-91-6849-11A,7f82cda9-daa0-469f-9157-e6c30171150f,Solid Tissue Normal,RNA-Seq
21f6741c-1e0b-47c8-99e4-cc7caf9c49be,TCGA-91-6847-11A,599c32bd-7967-4ced-a571-8836135510a9,Solid Tissue Normal,RNA-Seq
b18bccd4-b82c-4e8a-909b-a148506970fd,TCGA-75-6205-01A,d845174b-1a04-4d22-b34f-c48d7ae35233,Primary Tumor,RNA-Seq
56a4716e-a8e5-4cc2-92e9-ab23fbaf9fd0,TCGA-49-AARN-01A,cea128ca-4e69-4bf4-be47-e0481a809727,Primary Tumor,RNA-Seq
bac0a8cd-c410-4de8-9453-90aa50a4ff5a,TCGA-50-5045-01A,bdd75bca-6224-4743-a367-cb1ff01e8121,Primary Tumor,RNA-Seq
e628e084-2b89-4082-bb00-c0a746f89837,TCGA-97-8552-01A,ff0ad6a3-94e2-4dea-a9c8-7c790d65e56e,Primary Tumor,RNA-Seq
e4ba0616-be7f-4211-9e73-13fc02c663dd,TCGA-55-A491-01A,48257830-1c09-4bb6-b7a4-3dd3049a42f7,Primary Tumor,RNA-Seq
68c0fbf4-7ac1-4b03-9ae4-34e08bba9954,TCGA-49-6743-11A,4da6a729-3cae-47f9-8739-d4b614b8561d,Solid Tissue Normal,RNA-Seq
7fde803f-55fb-4d77-b7c3-9c9189d2c3c0,TCGA-64-5815-01A,4420aae3-3f44-4852-974d-74f155b99fe4,Primary Tumor,RNA-Seq
dca6b443-5265-4a5d-896d-46443d42f618,TCGA-86-7701-01A,b355e6c2-b427-40e7-92a6-2c8c942db86f,Primary Tumor,RNA-Seq
586123e0-c3ee-4c2b-ada9-65ff35836b0b,TCGA-49-4512-01A,d809a778-d1ac-4406-ab09-67cc70f1f0c2,Primary Tumor,RNA-Seq
4c9fca19-4657-4b15-bf7e-cf08ed1b1a5c,TCGA-55-8513-01A,3c330531-cd16-4176-b67a-7997c4e518b5,Primary Tumor,RNA-Seq
d21ca022-7f94-4b22-95ba-197f3b7028b8,TCGA-50-6673-01A,e273b4e3-35dc-4f46-a668-70d6eb8bf4fc,Primary Tumor,RNA-Seq
d4b3eaf9-d097-47c7-bc14-5d9495702777,TCGA-75-6203-01A,336eb991-5705-4bc0-a167-6d7f82f81697,Primary Tumor,RNA-Seq
d726ec34-110f-475c-a958-936443c05369,TCGA-55-8614-01A,556bb046-bd81-4366-a167-e86d991ee732,Primary Tumor,RNA-Seq
ef629114-ff0c-4bb4-b572-7ee443427af7,TCGA-95-7944-01A,51206ca4-92c3-4fab-94a7-7f38aa4e0bee,Primary Tumor,RNA-Seq
ad34d5e1-06a1-48b0-b566-f68bc3ff2e78,TCGA-49-4506-01A,9edea53d-ad06-4b5d-bff0-48e834c3684f,Primary Tumor,RNA-Seq
75e9abb9-1561-4026-b737-becac6bbe43c,TCGA-97-7941-01A,586803bd-5ffb-4d14-8dc9-3e540a683afe,Primary Tumor,RNA-Seq
497efce8-8119-45d5-a7ee-b499a08c7d50,TCGA-55-7910-01A,796a6e60-2289-48e0-8a50-ddfce6ebf73b,Primary Tumor,RNA-Seq
a459b5e9-2cca-4519-8aa2-1196e3b6f11b,TCGA-55-8301-01A,657cb9df-3597-459a-991a-2dda352e08ae,Primary Tumor,RNA-Seq
fd474ed6-ef66-4fcb-8c4e-d0ab982a8179,TCGA-86-8673-01A,7901609b-ec53-48e1-80ee-489fa4187ebb,Primary Tumor,RNA-Seq
ca2cad26-1dff-430c-9325-edbc3e4786a9,TCGA-86-8672-01A,3e8b8c83-55c0-43f7-a4c1-24386b6f4f3a,Primary Tumor,RNA-Seq
5be11787-6abc-4adc-ac19-3109a56b7655,TCGA-55-8508-01A,1d8e9258-d210-4ef8-b448-65d628bb3063,Primary Tumor,RNA-Seq
e6d50e78-05c6-48cd-bc95-9911ef29d33e,TCGA-MP-A4TE-01A,3e11762a-faf0-489d-8985-8ede2ccabd76,Primary Tumor,RNA-Seq
4622bc96-14cd-4ffc-8f5e-23f5f0cd53a2,TCGA-75-6206-01A,4afc6152-819b-4e55-817d-df8a42eb0d36,Primary Tumor,RNA-Seq
bfef29f6-a149-493b-9ded-d90ad917249f,TCGA-49-4494-01A,7ca68089-c61f-4d31-8cc8-fb11ae70910a,Primary Tumor,RNA-Seq
35e06569-4722-4030-b22c-e224de92ee74,TCGA-44-2668-01B,68b681f2-4f7e-43ec-8260-b4b8797b1224,Primary Tumor,RNA-Seq
fe694764-b153-4c35-bcb8-55d98dd73574,TCGA-50-5946-02A,1233cc10-ae87-42d7-b2d3-a9f6d761d0d8,Recurrent Tumor,RNA-Seq
9ba4c8e2-a6a7-44cf-848e-dac32d5e9f5b,TCGA-97-A4M1-01A,a9c846b1-9ee0-4f96-85bf-b7dd53c4230c,Primary Tumor,RNA-Seq
262bd91b-49e2-4653-a6ef-099f5b03c3e1,TCGA-64-1681-01A,8010b0ae-f003-491e-aa81-36a9dff7de96,Primary Tumor,RNA-Seq
87a81f78-3ac3-4544-8303-36064b41ce12,TCGA-44-2662-01A,d2198941-e96f-40bd-9fbe-82886217d5db,Primary Tumor,RNA-Seq
475e59b9-3361-477a-91bb-6d3f2c4cd8a8,TCGA-67-6216-01A,4eaa4b4a-e9db-4e65-97d6-7fa1a205da95,Primary Tumor,RNA-Seq
3aed1853-ff5f-4841-a9d5-36ff8f6d885c,TCGA-86-7713-01A,a7347072-546c-4370-9214-96a17a713b27,Primary Tumor,RNA-Seq
5bcec516-7a8b-4256-a3ec-a2d1f949b17e,TCGA-49-AARE-01A,21483940-2c8f-411d-b36f-fb927cfbd6d4,Primary Tumor,RNA-Seq
5e66f967-f846-4973-8c85-b73f87e08860,TCGA-95-A4VK-01A,728db9f6-58b5-4270-a494-1298809f17c0,Primary Tumor,RNA-Seq
18d43092-78b2-440f-a705-8e27b3c7a0b6,TCGA-MN-A4N4-01A,37dd3ded-0df0-4d10-8756-0429a6da5405,Primary Tumor,RNA-Seq
0c63b5f4-4870-4242-afe7-41dd2494f04a,TCGA-38-4627-01A,feec7fa2-1f3f-4cbe-a89c-df01d13a9299,Primary Tumor,RNA-Seq
2d5217e5-e7fe-4f46-b464-bcd9647e19f0,TCGA-62-A46O-01A,493205f9-34b7-483b-885a-ace1e4894250,Primary Tumor,RNA-Seq
e94b199d-4909-4fe8-ac64-492c1cdca077,TCGA-91-6840-01A,af744755-51eb-4daf-9029-5cf88730b1dc,Primary Tumor,RNA-Seq
d4961acf-73c0-4614-a018-a82a6e04d546,TCGA-67-6215-01A,3ba5f6b9-6458-44e2-a0aa-b5c7e5fcd632,Primary Tumor,RNA-Seq
0bcb4842-66a9-49ab-83e4-76eedf0b8a72,TCGA-44-A47G-01A,70058d0b-3a99-490d-8f3a-97611faf2326,Primary Tumor,RNA-Seq
e241f67f-cc8d-413a-be5f-a092da32cc53,TCGA-44-5645-11A,feaf6024-f488-4636-bd99-7fd770cc3d15,Solid Tissue Normal,RNA-Seq
305c8e16-be88-46c1-a2c7-21fc65ba4951,TCGA-75-7030-01A,56c937b3-b48f-4662-b992-3265dbb6bc7d,Primary Tumor,RNA-Seq
546725d7-c7c3-42ac-b112-addeba89a026,TCGA-55-8087-01A,f0054242-3f54-41d4-9f74-94f61fefbfbc,Primary Tumor,RNA-Seq
901f50c5-9261-461f-b55f-7603c7720b87,TCGA-05-5715-01A,84e27f5e-ce0d-4bb7-9ae8-5b12162bb801,Primary Tumor,RNA-Seq
e6eac738-bd2e-435a-a879-444658c953a6,TCGA-97-A4LX-01A,66e63d23-d3e7-4c6a-b099-4000ebaf8c71,Primary Tumor,RNA-Seq
e173302e-cedf-47d6-a58d-9dc54f9f2004,TCGA-55-A493-01A,a08a22c9-5b3a-4748-89af-0fae50522f1b,Primary Tumor,RNA-Seq
73f63407-ffb9-4b0e-878e-621c21a281e9,TCGA-50-5936-01A,5b90379e-83f2-459a-be36-bd7ebbb6bfff,Primary Tumor,RNA-Seq
ba1d9b3d-c4d9-48ce-9368-e2430826b065,TCGA-05-4432-01A,2a675528-1abc-4220-a61a-25109850ce0d,Primary Tumor,RNA-Seq
cc663c75-aef3-4789-87f6-bf23db0a2a7c,TCGA-93-7348-01A,cd8ff232-b36b-4ed0-a0c6-7e0e172ea390,Primary Tumor,RNA-Seq
dbcccbf7-2197-412a-af22-edb5169c3bac,TCGA-55-6984-11A,0e0ff02a-dd07-487b-bd81-fa2a001977fb,Solid Tissue Normal,RNA-Seq
ba25f0ae-00bd-445a-9ff6-669b80e1f039,TCGA-78-7147-01A,5d0e7b83-5577-450a-b1a5-59ca03fc3bc5,Primary Tumor,RNA-Seq
fc0e3c60-7748-454b-b449-c895289099fb,TCGA-50-5941-01A,91719392-76ce-479f-ba05-e43bf0201cc4,Primary Tumor,RNA-Seq
beb66093-19b3-4c59-a172-f708adcad3cc,TCGA-78-7148-01A,f40fdd2f-868d-4cda-952e-bd385e8cc84c,Primary Tumor,RNA-Seq
5ee3cea8-573f-4b56-8d56-8eb380446f2b,TCGA-78-7155-01A,284de41b-6ad8-4c29-9eca-9a841cd7c3b7,Primary Tumor,RNA-Seq
db0fef7b-0d90-4549-bd27-fffdd5914402,TCGA-73-4658-01A,bfde37f2-ab6f-4426-a33d-ef9d21772f02,Primary Tumor,RNA-Seq
577d00da-dbe8-417a-97db-0ab07a1b22c3,TCGA-86-8076-01A,a06a952f-aaea-4471-8004-26108e382a9b,Primary Tumor,RNA-Seq
ce06a81f-1341-4ddf-9091-fd6c302e81d7,TCGA-50-6597-01A,c5363830-3db9-4c0c-aa47-b32fdc888c60,Primary Tumor,RNA-Seq
2a9bf659-750e-449a-a8c7-4eca84dc913c,TCGA-73-4670-01A,646402af-ba5f-438c-ae63-213ebd58b16d,Primary Tumor,RNA-Seq
131cabb4-f8c3-4ab3-9bbd-cdc06f8208cd,TCGA-44-6147-01B,62d62df2-aecf-4aa6-a687-a91a8ff7057a,Primary Tumor,RNA-Seq
a86bae8a-0ff9-4f2a-85e8-a7ad56389b4f,TCGA-05-5420-01A,27e4accb-fbc9-4d65-93d1-169870998203,Primary Tumor,RNA-Seq
6462edea-6764-4c35-a73a-f101e40f47d7,TCGA-95-7562-01A,91d58448-b712-4626-82c6-a451fddf277d,Primary Tumor,RNA-Seq
664e6f64-8e93-4319-93a8-dd623dd3bd62,TCGA-95-7947-01A,d7fa3625-5e16-4211-b96b-b36b91b3d491,Primary Tumor,RNA-Seq
433dec7a-d1b9-4eda-a80a-6044234c59ce,TCGA-97-8172-01A,d516aff8-1bb4-4627-885a-0c247ae4ae57,Primary Tumor,RNA-Seq
57857bd2-e8e5-4dc2-8819-2df3e9b3e7ba,TCGA-67-3770-01A,74bcf2d5-fd42-423e-bd96-b2de1b0cf778,Primary Tumor,RNA-Seq
7d7c8522-e35d-45af-8404-89bbd8b5ef80,TCGA-73-7498-01A,05c6aeef-ef6a-4176-b283-68def74d13ae,Primary Tumor,RNA-Seq
570324a1-b764-4569-b7e3-258c8df72893,TCGA-38-6178-01A,81fb5fa9-d901-4faa-b909-376b8676d2bc,Primary Tumor,RNA-Seq
ce1e5ea8-7f9c-49a2-b17f-ac83bf5129ba,TCGA-55-6979-11A,b431b2d3-66b6-4d0a-b90b-c526341e9170,Solid Tissue Normal,RNA-Seq
dfbfcafd-36da-470b-b3ff-5d2bad35717c,TCGA-44-7670-01A,7f56df3f-b649-43d1-ab46-ad460233e46b,Primary Tumor,RNA-Seq
14c56e3d-3434-45e7-981a-21c77832651f,TCGA-91-7771-01A,25b98904-0171-403a-a66f-11f586ecf8c0,Primary Tumor,RNA-Seq
ea570beb-e67d-464a-b408-088cf1dfc954,TCGA-J2-8194-01A,0d1aff40-772d-436f-9802-971880a2058b,Primary Tumor,RNA-Seq
047dcea0-7698-4036-8f9a-3efa18441392,TCGA-44-8119-01A,b671ceeb-72d0-40e3-8279-954e6ed242dd,Primary Tumor,RNA-Seq
385733a8-5914-43b0-8fcf-39f1d6280eb0,TCGA-05-4427-01A,785b0c56-bed5-4d19-b7b3-d1a0ceb5d648,Primary Tumor,RNA-Seq
fa9b422e-7516-44d7-b93e-bea611fbe929,TCGA-50-5051-01A,180eb213-0ddc-4f10-ab0e-b3af92cde3c3,Primary Tumor,RNA-Seq
d826670f-0302-4532-89ea-400baec938a5,TCGA-73-4677-01A,ef88b85a-61ee-44e1-bb63-1b4ce9154bfb,Primary Tumor,RNA-Seq
1018b6ed-b50c-4c97-8d99-07a813bab6a4,TCGA-44-3917-01B,afbc74e4-3632-4161-9c70-0ba17c6dc5c0,Primary Tumor,RNA-Seq
85791bc1-822b-4a5d-8b86-fcdb6fbdd7c2,TCGA-55-8203-01A,d1f3852d-d23c-41af-9ec0-19c4ba1b1da5,Primary Tumor,RNA-Seq
db5f96e1-cb23-411e-a4b3-125424e5af7f,TCGA-05-4398-01A,da010683-c537-478f-8f95-e606b05dbc5c,Primary Tumor,RNA-Seq
f526a77f-6a38-45be-b179-033aab8d7b84,TCGA-MP-A4T4-01A,59546c0f-5f27-43bf-aa2e-90dc44c971b6,Primary Tumor,RNA-Seq
bec50901-8232-430b-a424-4a33495f84a2,TCGA-55-6978-01A,500910ea-f0c9-4ed9-a2c6-510f92c36e7d,Primary Tumor,RNA-Seq
a1372ae9-3852-4c69-92b8-4c1d1ce2c93e,TCGA-44-6777-01A,174e4405-4848-4e5e-93cc-0cdf2795c91a,Primary Tumor,RNA-Seq
3b1d877f-59e8-4754-b1f1-4183359538a4,TCGA-L4-A4E5-01A,c12f1638-214d-40f8-a553-b616a52f6933,Primary Tumor,RNA-Seq
46f059fe-5e55-484b-a1ae-6471c980625d,TCGA-44-6777-11A,5f42537f-8c2a-48b6-8d9c-1f409711d128,Solid Tissue Normal,RNA-Seq
154f7f8c-77c7-495e-a959-5b7d1c1b42d7,TCGA-55-A48X-01A,9602a00c-a48d-455e-ab57-0e61414098fe,Primary Tumor,RNA-Seq
c3a55e7b-eac6-4a04-bc72-4f71f661b297,TCGA-05-5423-01A,0250727d-cbe6-4d03-89cc-5221ac72a065,Primary Tumor,RNA-Seq
859b7265-629e-4779-b02a-a4772e5396ab,TCGA-49-AAR0-01A,8fa41683-e16d-4f46-a3db-672c9f1b7823,Primary Tumor,RNA-Seq
c71f4c7c-28fd-4b12-82fe-8039ef7baac3,TCGA-67-3774-01A,b3585415-9ab9-4614-8b15-8edb66efd1dc,Primary Tumor,RNA-Seq
5dd362fb-cdfe-4a3c-9508-920a247a1105,TCGA-97-8171-01A,84cb5264-6158-40ec-8b65-f96a4a7d6ce4,Primary Tumor,RNA-Seq
e1dc431e-aa05-4ca5-a276-289b613292bf,TCGA-L9-A443-01A,3e08e880-bb50-4460-b1bf-06064f12d0c2,Primary Tumor,RNA-Seq
97cbe8e8-83f6-418c-9d08-9763986bb414,TCGA-95-7567-01A,e97a07a0-16bb-40c7-9df4-95dadf83b04c,Primary Tumor,RNA-Seq
7695a821-b919-4621-b938-d691862285ce,TCGA-93-A4JO-01A,e88b670d-57af-4001-a9f3-0e13496b426a,Primary Tumor,RNA-Seq
6340b1da-089b-4d5e-bf6c-883412a2383c,TCGA-44-6775-01A,7c606f64-69a1-465c-9f4e-2eb1ebeda5d7,Primary Tumor,RNA-Seq
6e063cd0-4111-4117-b646-7147b25be3c3,TCGA-55-A4DG-01A,4ddf0a0c-a1ec-4f94-b886-ad444a50be97,Primary Tumor,RNA-Seq
5b3eee23-5890-4616-9078-82d3f3b7228d,TCGA-55-8506-01A,db809a73-5e5f-42f2-ab05-89bac944411d,Primary Tumor,RNA-Seq
26184b8b-980c-43a7-8b5e-6923c248cadf,TCGA-44-2656-01A,5593f581-3d45-4a4a-a525-bfae1f4753a0,Primary Tumor,RNA-Seq
99bb02fd-bcee-46c7-8b2c-5280a325d465,TCGA-05-4420-01A,4b202550-9744-4c6c-ad17-97f764ea3f18,Primary Tumor,RNA-Seq
813de2aa-9de7-4306-8500-a7dcdd99268f,TCGA-44-7672-01A,adb65cdc-08c7-46e3-a74f-7fa4d0ca4e3b,Primary Tumor,RNA-Seq
1650af4a-1f08-4d78-9daf-42a11cee2464,TCGA-64-5781-01A,b32f509d-91e5-4601-b8b3-4b0a5212c22b,Primary Tumor,RNA-Seq
edd81d0e-0be1-4b58-83cc-db207daf6aca,TCGA-53-7813-01A,8ab7f1ee-35f0-460c-8a4f-751748de5e4a,Primary Tumor,RNA-Seq
abb0271d-e41a-4082-87b6-67c17caba035,TCGA-86-8358-01A,5942f197-2b77-4a7f-8bca-763cc1902a0b,Primary Tumor,RNA-Seq
521630f1-304b-4d16-b5af-ecf4c4913bf8,TCGA-35-4122-01A,587f8383-3a48-49af-8ac4-d86e6009c96b,Primary Tumor,RNA-Seq
6c2f163c-67ed-4390-9be6-02e3dc5c69a3,TCGA-69-8253-01A,1b856a2b-97be-4461-a496-279df908c30e,Primary Tumor,RNA-Seq
626f4681-abdd-450b-90e1-daf0bae13125,TCGA-49-6761-01A,b675e2fa-e96b-48a1-aff0-7d311c053d5a,Primary Tumor,RNA-Seq
c73e2ba0-7ba2-418c-8042-074a33105a96,TCGA-05-4422-01A,dacbc55d-25c6-4e86-bd1b-38345b4df7a7,Primary Tumor,RNA-Seq
e07b2d3b-2e45-4c9e-8cdd-25a8f64200dc,TCGA-78-7159-01A,785daa57-5e12-4b23-8287-384d46e55e57,Primary Tumor,RNA-Seq
5ec502e5-3e27-4f46-ae8c-4662787fd49f,TCGA-05-4249-01A,80f196fe-1eaf-40cb-ab58-c84795acc5c7,Primary Tumor,RNA-Seq
34336faf-cc00-4576-987e-12df835df349,TCGA-44-7669-01A,37599a47-3ab8-4b42-a227-270e8652c160,Primary Tumor,RNA-Seq
e902f0ef-b115-4f81-b948-e519f90b5d8a,TCGA-71-6725-01A,83973755-fa6a-460a-a042-385b34698c39,Primary Tumor,RNA-Seq
36a8b22e-5e06-49fa-b8ce-bd1866ee255e,TCGA-L9-A7SV-01A,b8f9acbf-0e4b-4967-a11b-7234b6cf83e0,Primary Tumor,RNA-Seq
a1af0ecb-632d-43eb-86aa-e31866c76ffe,TCGA-62-8395-01A,aafb0ebe-3fde-4cfb-a560-11e85e839dcc,Primary Tumor,RNA-Seq
9e739421-e1db-49d3-a985-46a36f01c706,TCGA-49-AAR3-01A,07ab41e3-63a5-461b-9cf2-6bebc0e4d81e,Primary Tumor,RNA-Seq
5aa585ab-7cf0-4135-af14-aad095b0650f,TCGA-75-6207-01A,323d4a3b-38d8-4428-9135-437a839dc8e4,Primary Tumor,RNA-Seq
49619f25-db73-4c60-b629-70d861d25bb8,TCGA-NJ-A4YF-01A,ecbaf334-d86b-4316-ae93-84feff5da296,Primary Tumor,RNA-Seq
278ab9fc-ca61-4e13-9c0a-9ef4d1bccf13,TCGA-MP-A4T6-01A,5a8b5291-c9c2-48a8-9d01-66b150a71eb7,Primary Tumor,RNA-Seq
f270864d-e2ef-40f2-ba86-85dc919e0a1d,TCGA-91-8496-01A,8f55069f-2232-44b6-b9e8-7e12b3a268bd,Primary Tumor,RNA-Seq
4b3d515e-bd9e-47ea-bc6a-16f258c6c4b3,TCGA-55-8085-01A,a527b0d5-599a-4ec6-9eca-bae98872f440,Primary Tumor,RNA-Seq
fb155a62-969f-4986-a523-251b8567d9c2,TCGA-69-A59K-01A,af5e9c02-8823-4c78-8238-fdc419e5d309,Primary Tumor,RNA-Seq
139db39d-5314-4126-80e6-8b7a560d952b,TCGA-44-8117-01A,d84e1b10-b7c6-4916-afbc-b311d2ccf19d,Primary Tumor,RNA-Seq
f09fe609-9f11-47c2-a627-b5ee24a44485,TCGA-44-4112-01B,8cc50f81-9018-462c-8843-1ea8ce1eff1a,Primary Tumor,RNA-Seq
52d7ea7d-b173-4a43-9429-04c8d9eeafb4,TCGA-44-4112-01A,6c206676-e511-4281-91f5-bfe91b3279a4,Primary Tumor,RNA-Seq
755ea807-831c-427e-9b07-9099abd3cd1c,TCGA-05-4425-01A,98bee17e-0b07-40d8-a70f-3163dbfd9c79,Primary Tumor,RNA-Seq
bfec2db7-be3d-49e2-abc7-e08a5aaa87de,TCGA-50-5942-01A,aed669e8-23b6-4786-9398-6bb048815dfa,Primary Tumor,RNA-Seq
f94d49b4-a5c7-4b0d-893e-b7bfe4d68612,TCGA-93-A4JQ-01A,0d7f5772-0319-4b56-9970-49fd21082f04,Primary Tumor,RNA-Seq
ae9b04c7-d1aa-4807-a39a-558dec71b726,TCGA-05-4395-01A,9ded6605-39a3-4c0f-ad2e-7f6863960dbe,Primary Tumor,RNA-Seq
84828387-fc35-448c-add6-5a6c5f63ecd1,TCGA-49-AAR4-01A,3bce57d8-32d5-4f56-b0a4-544c3fee778f,Primary Tumor,RNA-Seq
e226673b-1939-49c8-be06-bace5dc51000,TCGA-75-5122-01A,dd9c2f71-145a-4f7f-8b64-095b1fc75c3d,Primary Tumor,RNA-Seq
2fff77d4-1053-482a-a289-1b2fdaa34050,TCGA-78-7539-01A,d342edd9-680a-40d4-bb18-9cd7810bb052,Primary Tumor,RNA-Seq
85485cce-167a-4731-ac74-2dcb646a0a33,TCGA-MP-A4T8-01A,07b7f665-383c-4cf0-a677-52bce36a674c,Primary Tumor,RNA-Seq
bd0cfb05-16f4-4b2e-be5e-8852c6099ed0,TCGA-MP-A4TH-01A,b574f6d5-8cd6-4e23-92ac-2a2b64eded38,Primary Tumor,RNA-Seq
ec67cacc-a428-4ebe-91fc-e956e98b7130,TCGA-44-7667-01A,48e8bef9-85ff-4b0f-b249-a1f6c63dd100,Primary Tumor,RNA-Seq
f663dd8c-6654-4a72-900c-74ffbf28676f,TCGA-53-A4EZ-01A,07af724b-7a04-47b8-b282-662710a1c347,Primary Tumor,RNA-Seq
5f149c55-ae8c-4dd1-bc52-3710013f165e,TCGA-55-6970-01A,ce18c482-da4e-4166-a49c-29dc0bfb4472,Primary Tumor,RNA-Seq
7fe60067-a8e9-4edf-8718-f1c014ddffbf,TCGA-86-8359-01A,6601f037-bdf0-4171-86e4-aa4da7c9e83e,Primary Tumor,RNA-Seq
fc7002f2-14ce-4209-b22d-37810e564b33,TCGA-44-A479-01A,9a91307f-a0b6-4baf-85be-95bfcf0d095a,Primary Tumor,RNA-Seq
91c8e80e-d323-4c35-a627-bb3ced73877a,TCGA-50-6595-11A,572aec4a-6aa4-4528-b994-885415e7eea2,Solid Tissue Normal,RNA-Seq
90e0b684-e91f-46aa-8943-6b2c58fa4cd5,TCGA-99-8025-01A,0e02dc1a-653b-4b16-824a-251a1aa41c2d,Primary Tumor,RNA-Seq
db0e1a03-2536-4201-a688-dd0c7f09c142,TCGA-38-4632-11A,84f43782-7249-46c3-9241-51e8933fa720,Solid Tissue Normal,RNA-Seq
d619bd3e-ba59-418c-b42c-a97f752bbcfd,TCGA-MP-A4SY-01A,4bbc2e4d-c9c2-4142-924c-c4d939522ddd,Primary Tumor,RNA-Seq
8621f863-e2a2-494f-b9c6-fddd6290183d,TCGA-55-6971-01A,9ee35460-266a-485d-966d-b235fe620ccc,Primary Tumor,RNA-Seq
d2ac5899-a93f-49c8-be60-1d8d938eccc1,TCGA-86-8075-01A,23157ce2-7257-4118-9a6e-4cdfbc6c4bf7,Primary Tumor,RNA-Seq
1cb363b4-374d-4a4e-a8fd-0f1c0612cd3d,TCGA-MP-A5C7-01A,752c10cd-6816-459f-9844-1775e75ad6cf,Primary Tumor,RNA-Seq
218e74ae-5c5c-4149-8cdb-2650aae4ec97,TCGA-44-6148-01A,c0fe5ffe-c0a3-4e62-aa55-2bc18788e505,Primary Tumor,RNA-Seq
df454466-4688-4e7d-9be0-4ae092c82387,TCGA-MP-A4TJ-01A,2cf77e0e-8054-4ec4-97a6-247c7c881c6f,Primary Tumor,RNA-Seq
5dc3dc29-32b8-40e3-9874-37abd93e303e,TCGA-91-6849-01A,4bee0576-d35f-477b-b974-79cb89c88950,Primary Tumor,RNA-Seq
8f3302fa-8d75-438b-9caf-5d79e25d7752,TCGA-91-6847-01A,96a05d4b-3731-4b98-b38f-a6b33cd6ed96,Primary Tumor,RNA-Seq
e3a1c169-a02f-42df-8564-f8e85879bb53,TCGA-05-4417-01A,9ab40e48-6979-43cb-9acf-1d4f474cad4d,Primary Tumor,RNA-Seq
6a6c3d09-9a10-4f15-a834-7e825101cd0b,TCGA-55-6975-11A,b42fbf86-25db-46ec-b71f-18b8d9b83bc1,Solid Tissue Normal,RNA-Seq
4d118bc4-c9d2-4c91-bcaa-d698e28b31a6,TCGA-93-A4JN-01A,1e39a044-eed2-4c19-9cc7-4c80d21087ab,Primary Tumor,RNA-Seq
80d01694-b1d6-43c7-9ed5-ee0c71fcb29c,TCGA-49-6743-01A,5d7dae28-fc9f-4160-83aa-122f999668b0,Primary Tumor,RNA-Seq
b01635ac-5ae6-48c5-94dd-c1bab91a9f08,TCGA-78-7150-01A,4a1d97dd-fdd4-4c57-8dda-7b320237af36,Primary Tumor,RNA-Seq
38e893aa-5d01-4f0a-86e1-30b93094b8e5,TCGA-05-4389-01A,ed61ac6a-f21f-4b88-928a-029340d4aebd,Primary Tumor,RNA-Seq
952d1dc8-615c-4e6f-b6b0-e4d664e67f22,TCGA-55-7574-01A,6a460559-d291-43c0-a624-25474e601e99,Primary Tumor,RNA-Seq
b0e4ec28-8c17-45bd-b4c2-1f3c0eea2d5a,TCGA-44-7662-01A,5e72a9b0-5f80-462e-a586-262f573dc62c,Primary Tumor,RNA-Seq
27823050-38a7-4d68-bc98-fe298ed05992,TCGA-69-7979-01A,ce8e86ec-52dd-45ad-b65f-ca10e5f782f4,Primary Tumor,RNA-Seq
7fba4618-f9c6-4c0c-97a1-2d4db6b99f02,TCGA-55-7995-01A,ee6445a5-22e8-42d8-a2e3-8f0058066352,Primary Tumor,RNA-Seq
a2e99a23-d4b4-47b5-9606-cc7ae92bfb30,TCGA-78-8655-01A,e3ab8511-d37d-4cec-a954-cfc616b2cefd,Primary Tumor,RNA-Seq
d17ad97e-9bcd-4854-8242-830aa808a571,TCGA-97-7554-01A,ec52b227-65eb-406f-a02b-f4cd1fdf6b3c,Primary Tumor,RNA-Seq
1d437d00-19c7-4e54-9b5a-edd8bb5bd059,TCGA-69-7980-01A,e54ef0f0-38a5-4226-9a6a-c76aa12de589,Primary Tumor,RNA-Seq
a12f1ed4-f13e-4992-9cec-2e8fba6009ec,TCGA-55-8097-01A,54e85adb-6f45-4815-9816-a18b349cce42,Primary Tumor,RNA-Seq
32e4288d-c5d3-4e26-b5f7-08eb8fb98fd0,TCGA-05-4390-01A,c7f76210-d0f2-4fb8-80f1-35098dbe03de,Primary Tumor,RNA-Seq
fb4b1d83-fc5e-4a68-8f3d-a7a0def60c84,TCGA-44-2668-01A,dd9a6c68-b8b4-4168-9ff9-72a45f20c44f,Primary Tumor,RNA-Seq
91e6d2e3-9dc9-4e82-adf4-08fca2f70da4,TCGA-05-4433-01A,1e9dac94-1a10-47d0-ae92-81d38a264376,Primary Tumor,RNA-Seq
4fea4fc2-efc2-46e9-8787-3183f2da0534,TCGA-69-7765-01A,49a4f112-f32d-4b68-989b-d761767ee973,Primary Tumor,RNA-Seq
9dcb311a-2b01-48bb-ba03-32280f93bd36,TCGA-55-A490-01A,2421f79c-fb83-46f6-9ae2-dd275575f568,Primary Tumor,RNA-Seq
f29bbb30-3fe3-44e4-9203-6fab24839753,TCGA-55-7907-01A,88c65791-1a9c-4121-955a-9bd5ed1b0bba,Primary Tumor,RNA-Seq
486eb1ee-c60e-4b54-ad31-bb18cf2d6335,TCGA-86-8671-01A,7d86a05d-f448-4a95-9bbc-6e19338ba98c,Primary Tumor,RNA-Seq
e9111b75-3676-49a7-87f7-fdee9ac1d708,TCGA-50-5946-01A,ad9a794f-52dd-4572-bf29-cd3d11ba6c24,Primary Tumor,RNA-Seq
aea32534-9680-4bc0-a057-2254ea5b8f5b,TCGA-55-6972-11A,650e21b6-138d-4b15-9551-a088695ef45f,Solid Tissue Normal,RNA-Seq
16ec2f99-6cde-4ed0-a6f9-640e4415fd81,TCGA-44-6779-01A,5e04d394-7a40-4e89-ba20-892774dcb469,Primary Tumor,RNA-Seq
8dcd39db-18bd-45d2-b87d-18a4d326e787,TCGA-55-7283-01A,08b21fc8-ce08-47c4-b715-6e34213edc07,Primary Tumor,RNA-Seq
87b8ff49-171f-4616-aa28-f50e63d6095c,TCGA-55-6969-01A,64a45521-0494-45f6-b605-198e5c2c56ba,Primary Tumor,RNA-Seq
619b6ac2-a07b-403e-ac8d-5297d832228b,TCGA-69-7973-01A,35300581-d122-4221-814e-801512df4984,Primary Tumor,RNA-Seq
06d56c82-a124-405b-a9a0-2ec9d0989d38,TCGA-91-6831-11A,41433a93-f941-40d7-bd47-cb6bef90d289,Solid Tissue Normal,RNA-Seq
740db8c4-c2b2-4a84-93f1-821c427dd1ef,TCGA-91-6831-01A,7b1d8b50-f3df-4aab-a654-c3810d8d576d,Primary Tumor,RNA-Seq
21fbc48e-d3a0-4baa-9d7c-60b7fc108bb1,TCGA-97-A4M0-01A,6dd5d1bd-d39f-462e-9d6e-158dc08dc0af,Primary Tumor,RNA-Seq
9bd96471-d6a2-4d06-87b6-b1ff82e4319e,TCGA-62-A46S-01A,9f9bd43e-2204-4837-a4a1-8bba437b179b,Primary Tumor,RNA-Seq
cbad946f-3f41-4a66-96cd-7c9fef25df74,TCGA-44-5645-01B,2ea3d6eb-8e72-45f2-bbcc-5561df4e7e37,Primary Tumor,RNA-Seq
5dcbabbd-4169-4237-989d-58c8c288ba44,TCGA-44-2666-01A,27a64f32-69c5-4c49-86b4-c8fc923cae08,Primary Tumor,RNA-Seq
c8acb60e-8ba0-4fef-bad6-ab4c0eb66a1e,TCGA-44-2666-01B,a0a486e0-a85c-415a-b7c0-399d6b2e6e99,Primary Tumor,RNA-Seq
6f4fb140-f5fd-4c53-a7a8-bcd16e305986,TCGA-78-7542-01A,43b96e20-df08-4c56-915f-5d626f90c415,Primary Tumor,RNA-Seq
72681f41-82c9-45ab-9dc9-c234dc5a0dcf,TCGA-MP-A4TK-01A,e71a1971-e1c7-4cd9-ae0a-9458a053042d,Primary Tumor,RNA-Seq
1d1c97de-7c71-4c7a-b8c5-d28973217d31,TCGA-86-8668-01A,826d2a46-4a89-4398-8a22-1ba7fefe4a7b,Primary Tumor,RNA-Seq
42589e7d-34cf-47f9-8a29-a959f9863723,TCGA-62-A46V-01A,745a2adb-7096-4c8a-a830-c627ade98da9,Primary Tumor,RNA-Seq
386b0632-4caf-440c-b3dd-644f5dccc647,TCGA-49-AAR2-01A,c78b35b2-7299-4fd3-88df-a40b087455e0,Primary Tumor,RNA-Seq
ad40c12f-2d1b-4c89-bc81-9a49d0e96ce4,TCGA-55-8505-01A,194612e8-9876-4350-b54d-404db4ac27c3,Primary Tumor,RNA-Seq
51864f3b-7eb5-4d62-a1ae-c60992ab6120,TCGA-44-2665-01A,a0863fa6-515c-44fa-825f-f9e243f945f1,Primary Tumor,RNA-Seq
258db6a8-2bd8-4371-a39c-e71881dc3acd,TCGA-50-5044-01A,b307dae9-2cc8-4afd-a268-84788309ac61,Primary Tumor,RNA-Seq
8349662c-6185-4d3c-94bd-c9651c4184aa,TCGA-64-1676-01A,4bdf77d2-33cc-46e0-af34-1e66a90a213a,Primary Tumor,RNA-Seq
23e5c708-2b41-4340-9bb5-aa2a99b2d3bf,TCGA-44-3398-11B,90dd1872-3a13-4dd9-b470-962a22663e8d,Solid Tissue Normal,RNA-Seq
a5dd3e7c-c280-4b3a-ba19-fda99be986cd,TCGA-97-7937-01A,cb0017ba-aee1-4046-81da-320040863bc2,Primary Tumor,RNA-Seq
892a1301-9cf1-4337-b2ce-50eadb9600b9,TCGA-64-5774-01A,252c5d60-7033-44c3-8ab5-4604670a80f4,Primary Tumor,RNA-Seq
c1e7b8be-2cf2-4523-888a-b3e70a4738cd,TCGA-78-7167-01A,e58e47db-7d0b-4ccc-8878-9b1e78e3b365,Primary Tumor,RNA-Seq
dd261a9f-2de8-4523-a1cf-5bd1fb94ce07,TCGA-55-8616-01A,2f073ffa-787e-4657-b1cd-d2db4865c809,Primary Tumor,RNA-Seq
3eaee549-2796-429f-b0fb-7fd63308bc8c,TCGA-55-7570-01A,ccfec92a-3843-4e73-9f83-746d9b2df60c,Primary Tumor,RNA-Seq
39d227d0-1909-4b49-a0d0-13c100a52c86,TCGA-38-7271-01A,ed2389b5-16eb-43e8-87b8-a15304da629a,Primary Tumor,RNA-Seq
eb0be5f0-2034-4d41-bb8f-c45dc676cb84,TCGA-55-7914-01A,356e0f37-c095-455e-b3ea-252afa34806e,Primary Tumor,RNA-Seq
7413e35c-a832-44b8-9e53-a0481dc596d4,TCGA-49-6742-01A,f0a4ae58-d5bc-4ab0-b1cf-0d951ea91fc7,Primary Tumor,RNA-Seq
9b2c7fb4-2cbb-48a1-a474-8553f568fbee,TCGA-49-6745-11A,36be2a07-e71c-4b12-83d8-506376da8f5e,Solid Tissue Normal,RNA-Seq
4977124f-12e2-4860-8f3f-250b72103ae3,TCGA-50-5932-11A,0e7847d9-d1d0-4980-8f44-c428f36b83f0,Solid Tissue Normal,RNA-Seq
14f3690e-d6c3-4494-89e8-a081de5315c1,TCGA-44-2661-11A,2a7da235-f069-4efa-ac35-649520b4dbb3,Solid Tissue Normal,RNA-Seq
2d556b06-3d6d-4ae5-892d-f1e0983b5fc4,TCGA-55-8091-01A,55b07618-5b99-436f-a0dd-fe96a13851d6,Primary Tumor,RNA-Seq
6c09f531-4cd8-4662-a434-b3894e94581c,TCGA-55-1596-01A,9a7a1b22-9df6-438f-ad00-54755c7dbc7c,Primary Tumor,RNA-Seq
18bc7c91-ee58-4e08-b5d4-69ee85269c9b,TCGA-44-6776-11A,da9934b1-92aa-4a5f-b12d-efe510fd7499,Solid Tissue Normal,RNA-Seq
043738cd-212e-4a53-adc0-ecdbc3780e70,TCGA-05-4384-01A,e4416303-50b0-4316-bfee-030c7b29fac6,Primary Tumor,RNA-Seq
0f6d11e4-8093-4491-ba3f-d436a6401f16,TCGA-44-6776-01A,64fb8eba-a055-4128-92ca-695a3a6f8ebd,Primary Tumor,RNA-Seq
ee3dec69-ce86-48bc-a77c-7566e95c0580,TCGA-80-5607-01A,4736860e-fd90-40d1-815e-e1d164123dd8,Primary Tumor,RNA-Seq
95757468-2185-4024-ab6b-e3dff8106e7e,TCGA-73-4676-01A,22434a49-eb8a-43ac-8c08-ae6dcbe6fbb8,Primary Tumor,RNA-Seq
dff79693-73cc-462f-aba4-1c41af679f07,TCGA-44-2655-11A,298662ad-dbff-4344-9b80-d744c258c292,Solid Tissue Normal,RNA-Seq
290ad66b-a512-4c12-99e7-696e2e98512c,TCGA-44-6146-01A,ad66185f-983d-4416-b705-25d3d4d8b5a5,Primary Tumor,RNA-Seq
a9efb6f0-cc19-43c0-9723-6666b2c59521,TCGA-05-4410-01A,f8961f5c-e28b-44a2-8e4e-b5759fe2d849,Primary Tumor,RNA-Seq
947726ba-ddb8-401b-a501-f5cd11b3c009,TCGA-91-6836-01A,49a0ab8a-f379-4394-accf-0b4b08d2dcc6,Primary Tumor,RNA-Seq
7fb1e471-d63b-4aa8-a3c3-f9a56e8550b7,TCGA-78-7633-01A,b49eb906-19c3-4eb7-93f7-1c37bc85ce61,Primary Tumor,RNA-Seq
eea14664-8041-4abb-888e-70bab93eafa6,TCGA-55-7724-01A,4a42220d-afcf-4cda-b030-f84cddd61e66,Primary Tumor,RNA-Seq
b68e9701-4e97-4596-9c5e-651a8c3cfc99,TCGA-50-5935-11A,7d689c5f-365d-4e69-8ae6-971d96d56df1,Solid Tissue Normal,RNA-Seq
e12e3ee5-6b32-4741-9af7-fa310ae22bc3,TCGA-50-5935-01A,98687adb-f8e9-4e6e-bc1b-396a3ddfac96,Primary Tumor,RNA-Seq
4824ed0b-60c3-4115-b91d-c353b081d4ca,TCGA-49-4501-01A,fc511a67-5383-4877-aeef-36c0b7934b77,Primary Tumor,RNA-Seq
0d540460-0f15-4e75-a4a2-edd4e39b5b80,TCGA-86-6851-01A,f8a79bdf-6b97-44be-9cf1-b51faeca5d63,Primary Tumor,RNA-Seq
4861f523-fcbb-4d30-a027-25fb3212374a,TCGA-67-3773-01A,e4cb66f4-e847-40bf-af14-20a3867a1c35,Primary Tumor,RNA-Seq
ab760174-9b04-45e6-b3d7-a0afe5126c62,TCGA-55-8615-01A,7873c1a9-b1ea-46cc-b787-dfbad3366494,Primary Tumor,RNA-Seq
429a993a-d88e-46dc-9b8c-ad5c11d73bdf,TCGA-86-8674-01A,1a954c08-6297-4c7f-ad8c-e50cb2754f7e,Primary Tumor,RNA-Seq
6f73f86d-0cc3-4335-9ced-aa53fc714af7,TCGA-55-6981-01A,2b87b12c-5ca7-4492-a2f6-26f9644e1d5a,Primary Tumor,RNA-Seq
192bef28-9c70-4741-8bca-84ccd81d78a4,TCGA-62-A46P-01A,cef2c059-5564-4d16-b57f-4bf83e2eeb95,Primary Tumor,RNA-Seq
e5f59fe5-48c4-4654-85e5-853e4fabf63a,TCGA-86-7955-01A,85e8a3bf-0536-4556-a40f-8a523c04b337,Primary Tumor,RNA-Seq
e90f773f-56f5-4ff2-9c9f-ecfa4b151feb,TCGA-50-6590-01A,fbc17626-365c-4be6-b3a7-d282e7c19236,Primary Tumor,RNA-Seq
e58b200a-ce26-4c9f-9a15-7c1af621d46e,TCGA-91-6829-01A,9b416640-9aec-4b0d-aa88-b94287375950,Primary Tumor,RNA-Seq
47fadf4b-5b2b-4802-a6a1-aae095f46f3c,TCGA-97-8176-01A,a5bff681-5b9e-4d3e-93d8-b7ae8f2fd233,Primary Tumor,RNA-Seq
827bbb5d-2aa9-4049-b0e4-ca25defd979e,TCGA-MP-A4SW-01A,71de7aed-0fd7-4381-847b-885e1310d6ef,Primary Tumor,RNA-Seq
65589f84-0fbf-4d24-be36-471ffb6e1ea7,TCGA-50-5931-11A,0ebe60d2-3a5b-41a5-a3f2-8e50a72dc2d1,Solid Tissue Normal,RNA-Seq
f15876fd-215a-4acd-88c5-e57c97caf174,TCGA-50-5944-01A,bf8fdf82-62b4-4b5d-93e7-ce153576fe49,Primary Tumor,RNA-Seq
e7a1d097-cff5-4ce2-b042-8bb20f3e750d,TCGA-78-8640-01A,7dbabdaa-9fdf-4a94-815a-a493b5dac4ce,Primary Tumor,RNA-Seq
b35ac911-bd27-4acf-b701-2146b0dd64ca,TCGA-75-5146-01A,373c5231-b6ae-49db-ac0d-d674a0c9c100,Primary Tumor,RNA-Seq
904f6e4d-0294-47e7-bf22-1f552056f915,TCGA-75-5125-01A,73a77977-fab0-486f-8d15-be8b30c8808a,Primary Tumor,RNA-Seq
584d5572-b2fc-46b6-a593-00318dcf9f91,TCGA-55-8512-01A,727baf6e-e991-426e-a823-07908aa85202,Primary Tumor,RNA-Seq
a38033de-ed2d-4e2f-aab0-a893be546a89,TCGA-75-6212-01A,4f516204-3c17-4df0-b9bb-6b6dc9af4fd2,Primary Tumor,RNA-Seq
5c50c282-a922-4b28-a1ab-583e59bbf0e9,TCGA-73-A9RS-01A,72ca76ae-bcf6-4f98-b891-95bec77fad2d,Primary Tumor,RNA-Seq
a29b631c-a352-4c90-878c-d245f296e0f3,TCGA-55-6987-01A,d0bfb6cc-abc4-4b09-b668-1003f3eed1a7,Primary Tumor,RNA-Seq
9d46295d-4a2f-4465-a050-74b800451f9d,TCGA-L9-A5IP-01A,ef98c575-44c9-4524-8754-45250f60a5c8,Primary Tumor,RNA-Seq
523703b4-0150-46ff-b96c-0e45c1bc5f81,TCGA-55-6980-01A,c58243d7-77ea-4806-8298-2e322d5219a3,Primary Tumor,RNA-Seq
624f0de5-fb75-4b02-8d2d-8d325fe32f6a,TCGA-83-5908-01A,d2b8a9f4-7d70-43a0-b5f6-5b7365a03944,Primary Tumor,RNA-Seq
c91a3eb7-5f84-427f-9526-28c3c7449c6f,TCGA-NJ-A4YI-01A,e7ed1627-7ec0-48f5-983d-09b1241c28ec,Primary Tumor,RNA-Seq
ae7cce52-05a2-4694-be0c-aeb8e7faa770,TCGA-91-6835-01A,efd3f14f-f785-4aec-9efd-6dd8e9c41eba,Primary Tumor,RNA-Seq
8706a21a-3ca5-4b72-ba42-3b1a64196fb6,TCGA-91-6835-11A,d6ef8f0b-39ad-42bd-b2bd-62b42bbb69e2,Solid Tissue Normal,RNA-Seq
d8026eb2-65ec-471a-90f7-b564359a52ca,TCGA-44-7671-01A,89850fa4-1b8c-429b-bdfd-8a92804e289a,Primary Tumor,RNA-Seq
11615ddd-60e9-4d85-ad59-b504258f2d54,TCGA-78-7149-01A,bff592ed-0ba6-44c2-b04e-0aad7b73089d,Primary Tumor,RNA-Seq
adabf7f1-3ee5-4909-a0e7-204576992eb4,TCGA-78-8660-01A,597244d5-db58-435e-9ddb-98e0c2ec97fd,Primary Tumor,RNA-Seq
3fef6a25-0fe9-4556-a2b6-f54ef5e3e5ff,TCGA-05-4244-01A,bac0b02d-ac3b-4784-b8bf-180eadd548a3,Primary Tumor,RNA-Seq
df68a76a-e76e-4b92-9f10-f6ee2477ab27,TCGA-97-A4M6-01A,4b24bb00-acf5-4cf4-a84a-020baa60782d,Primary Tumor,RNA-Seq
d63cef10-bdab-4065-8a07-d0c9afb3ddaf,TCGA-97-A4M2-01A,b572a3ea-e568-49db-8e35-a80f4a6d82e9,Primary Tumor,RNA-Seq
36c399a2-0f12-47d5-ad50-c3ea878f8816,TCGA-86-8055-01A,a3bf3f65-7b44-4993-a126-c76870dbbbac,Primary Tumor,RNA-Seq
1f040813-8e46-4126-9014-31180eb2b246,TCGA-55-6982-11A,ffb185aa-75ac-4696-936b-52f35a345a2d,Solid Tissue Normal,RNA-Seq
07b3af65-1713-44ed-9f2e-ef60a3b96f69,TCGA-55-A4DF-01A,36576033-1b30-4d02-977b-983220fc8f32,Primary Tumor,RNA-Seq
5573bf4d-1d48-4f45-be4b-e454ac8d8c2f,TCGA-50-5930-01A,3e30dbd1-10bf-4450-8d19-6f44d3284e02,Primary Tumor,RNA-Seq
cc9535f7-43e0-40f8-9d5f-04dd50966af2,TCGA-MP-A4TD-01A,90e374aa-f02d-40dd-b306-cf392ef1026d,Primary Tumor,RNA-Seq
838b3f7c-067b-4c92-a1c3-3c6326e4e57f,TCGA-55-A57B-01A,0ecbd044-0689-4395-a3d6-fb0d46fcf226,Primary Tumor,RNA-Seq
fb65e722-cafc-47cd-8885-d7ccf7e970d3,TCGA-44-3396-01A,b560df97-986b-4a88-a0f1-c38a30080edb,Primary Tumor,RNA-Seq
b1d1b649-b770-4c57-8fcf-dedbb50a1d9b,TCGA-44-3396-11A,baeecbd4-2b44-4334-b4d9-3ec4e73e368b,Solid Tissue Normal,RNA-Seq
e9eff408-9b30-457a-8fc6-ad0222ac043d,TCGA-05-4430-01A,122aaa4f-8fd5-4c41-bff8-8a45bdfb3f81,Primary Tumor,RNA-Seq
a2f9c5b5-0d71-4d88-9da0-55a39d12ea4f,TCGA-69-7974-01A,b8a5a1e0-3095-49b6-aae7-f7621c398f59,Primary Tumor,RNA-Seq
c615bc22-e450-4a71-a739-7d85261e6f09,TCGA-44-6775-01A,7c606f64-69a1-465c-9f4e-2eb1ebeda5d7,Primary Tumor,RNA-Seq
d09d8967-3863-4425-a1f5-0c0150668b48,TCGA-67-4679-01B,1fd0b739-e037-4791-b4a4-daf75d55022b,Primary Tumor,RNA-Seq
aa980774-572a-4acc-928c-117dfae1798e,TCGA-O1-A52J-01A,cf14428a-1964-4f11-aa9a-d60c6631c2c6,Primary Tumor,RNA-Seq
42d09583-e26f-4b0e-842d-0e923799a97b,TCGA-44-6775-01C,1163fbc8-706b-4d7d-8454-bbb24e2bf27d,Primary Tumor,RNA-Seq
5b59b44f-5ed6-46a8-ae7b-6a11d3221ef0,TCGA-44-2656-01B,14f26352-b073-4ed8-8b2a-96b9429f25a0,Primary Tumor,RNA-Seq
d5e5ccab-1568-45c6-9c9d-7f7ecac7dd2a,TCGA-NJ-A4YP-01A,848cfbda-c996-41e3-ad7a-474814fd3f4e,Primary Tumor,RNA-Seq
62c54c33-6771-47fe-adf3-b32cd92dae30,TCGA-78-7535-01A,c0a8c73c-35ba-4724-b13a-9a9986af36c0,Primary Tumor,RNA-Seq
375fcf6a-d1cb-439d-a2b2-94868690f2c3,TCGA-62-8402-01A,3e7cdfb1-cdeb-4c56-91aa-08930083b39d,Primary Tumor,RNA-Seq
11089ac3-b2dd-43af-9ec3-f06bf7da837c,TCGA-MP-A4T7-01A,b4c61d50-4631-442d-b518-ca666d0243f5,Primary Tumor,RNA-Seq
a491f12c-4591-49f3-8980-73c58b936a6d,TCGA-86-8056-01A,cf53a83e-bff6-4b6b-80aa-1847866fa09b,Primary Tumor,RNA-Seq
fa0a3d13-6c3b-49d5-860a-69f563d6543c,TCGA-50-8460-01A,40bfeee7-9932-47d6-87a8-5fd7514c2917,Primary Tumor,RNA-Seq
e933458b-66b1-48b2-8508-01af6ccdcc10,TCGA-91-8497-01A,81905199-81c6-4718-8bea-951bc6c810a1,Primary Tumor,RNA-Seq
bbdf7383-9054-4d75-998e-a6400de2c527,TCGA-55-7227-01A,65386909-c47a-486f-a8c8-fd9321d83de7,Primary Tumor,RNA-Seq
a819964b-87cd-4959-a105-9eac0a9c2921,TCGA-75-7031-01A,54984e66-1d2a-4a62-a5aa-847bc12e02fc,Primary Tumor,RNA-Seq
b64c1150-0dc6-4317-816c-047ea1b0c2a7,TCGA-73-4666-01A,5bae2e45-6dbc-458c-a66f-702eb1af7357,Primary Tumor,RNA-Seq
bc518b9b-18c0-4382-a5af-92a744fbc125,TCGA-91-8499-01A,c70ede8e-5761-434c-af09-8315bd688cd4,Primary Tumor,RNA-Seq
29e5b71c-7673-4c10-881f-6c2394df5b4b,TCGA-49-AARO-01A,58084363-d165-44b9-9702-9a1e3732ee1b,Primary Tumor,RNA-Seq
43a9a549-30eb-4082-8dbc-b9817170aad4,TCGA-99-8032-01A,754b78a3-43cd-467c-bcca-377f76b9038f,Primary Tumor,RNA-Seq
034cf429-e767-45ab-8245-f80568986653,TCGA-55-6968-01A,df25f146-a833-4bfd-adf7-b41b6a7f797e,Primary Tumor,RNA-Seq
44101818-ce2d-4cf1-8457-ef7120788a9b,TCGA-50-7109-01A,763310b9-3fb9-4a22-851c-e4335a2ed21c,Primary Tumor,RNA-Seq
bfc77bc9-d8f5-4fc4-ac13-76a6e9145cee,TCGA-44-8120-01A,56703aef-270a-4537-b9a1-c9ebbe873411,Primary Tumor,RNA-Seq
be15b877-3503-456f-a829-62c08fbb5091,TCGA-97-8174-01A,82c59ef8-ba24-4538-a643-e07e604206a5,Primary Tumor,RNA-Seq
3c85c403-8aca-4f0b-b2e7-0d58d9d9d2d4,TCGA-38-4632-01A,d994817a-474e-4f92-8a78-7586caa85d52,Primary Tumor,RNA-Seq
334cf5a0-30c8-460b-b57e-edf515f260dd,TCGA-L9-A8F4-01A,5a1d5fb9-900f-4f73-bead-d67cae987a8a,Primary Tumor,RNA-Seq
96e29816-3978-4fbe-81ae-a566479353c4,TCGA-91-6828-01A,cfe0f0e4-d8bf-40ce-99f1-2bf99ceca18b,Primary Tumor,RNA-Seq
9c2de1b0-8c51-4698-9451-d3cf55e09279,TCGA-99-8033-01A,5e686ec3-9100-4153-9a90-8b7fb8d4ba0a,Primary Tumor,RNA-Seq
50e95314-850b-495c-8074-3bbc2ab471b8,TCGA-55-8205-01A,63e09d3b-9462-4555-b5e7-41740faa7dde,Primary Tumor,RNA-Seq
0e4b99b6-69e9-4c50-914b-141807824353,TCGA-MP-A4TA-01A,e13c84fa-e93c-42dd-874f-c1d616c72dd8,Primary Tumor,RNA-Seq
d73b09a2-ad4d-43e1-9ecd-68f827d2dc72,TCGA-50-6591-01A,0791e7aa-e97c-4dd0-9615-09ec7090f684,Primary Tumor,RNA-Seq
79fcbcbc-389b-45b5-8da6-cf94213fc942,TCGA-44-A47B-01A,32c4dcd3-8cc1-4a7d-b593-b8d0b7541c1b,Primary Tumor,RNA-Seq
d0f7a525-79b0-4c05-baf1-bfa3a693e8b4,TCGA-50-5049-01A,21b2f32e-ccea-4b20-86d3-6647e99825cf,Primary Tumor,RNA-Seq
1db45067-8891-41af-b011-c6fe9a7ab870,TCGA-99-7458-01A,f6e030dc-ed9a-43c5-8d47-bf2f039e780d,Primary Tumor,RNA-Seq
4b707980-7612-4af9-80ea-1a3a043c58b7,TCGA-05-5425-01A,89aa7c0e-a004-4338-899b-b99728889969,Primary Tumor,RNA-Seq
98ec3831-60a1-40b7-8f5f-73a7202b39b6,TCGA-55-5899-01A,8e131477-b3c5-43ea-bb00-c3052e67c74b,Primary Tumor,RNA-Seq
bb809fb9-d939-4bb2-a0c7-33cffac2138b,TCGA-49-AARQ-01A,58dcad42-2e30-4cb9-ada6-5e72c4bcf406,Primary Tumor,RNA-Seq
73058362-2c18-42ba-9115-f7c47998d4f5,TCGA-69-8453-01A,b2e72f91-58fb-4a15-9a13-09c93b339bc6,Primary Tumor,RNA-Seq
52c2fad2-fb51-49f1-a4f1-7289ad5892bd,TCGA-49-4512-11A,67bf333d-f746-497f-b6b1-f241e93dc467,Solid Tissue Normal,RNA-Seq
deea5e5e-0f51-4e36-9eed-7e8079be4d04,TCGA-55-8206-01A,bc4e0d7d-c267-46d7-a79b-075456fb3b68,Primary Tumor,RNA-Seq
140bb8be-00d9-4342-aecc-6a238abd4828,TCGA-L9-A50W-01A,b08432a7-891a-41ee-a2c0-10a994d01e00,Primary Tumor,RNA-Seq
b6949bab-39f1-40cf-a6e0-0b1165ae908c,TCGA-86-8278-01A,ccdde798-056a-4cc9-8aa8-63cf283691d9,Primary Tumor,RNA-Seq
52950bec-f2b0-4e2f-b2e3-90ab3c9f7472,TCGA-44-7660-01A,6c2f3100-7ed8-41dd-9f8f-98b8eb245c12,Primary Tumor,RNA-Seq
5b60d6b6-f71b-4238-86fb-d1c38f6d41f6,TCGA-L9-A743-01A,72218786-f74e-4746-9447-26ca882b83a5,Primary Tumor,RNA-Seq
25da6dc7-a5f8-40cd-898c-6dbf8dc50f0e,TCGA-97-8547-01A,3073311b-5b00-4fd7-b1f6-1067d2e86564,Primary Tumor,RNA-Seq
4122edac-9b0b-4b15-85ea-8b00dd81eb38,TCGA-55-A494-01A,8178f402-db5c-4343-a6f6-4d4f9d3bf4ac,Primary Tumor,RNA-Seq
09a529b3-daa8-47c4-aa0a-d5f286ebdb5d,TCGA-73-4668-01A,fdbfdf52-c0cd-4fbb-a910-b747516dfef4,Primary Tumor,RNA-Seq
76affcb5-c27f-4450-a1d1-0a45fb92a92e,TCGA-73-4675-01A,1f5fa8fd-1de8-4456-8935-71b5a8b54bd2,Primary Tumor,RNA-Seq
06621496-bb7c-41ef-8e70-8ca65c7618e5,TCGA-62-A46R-01A,fbce7d71-f82c-4457-a1c5-53edd05a0ea4,Primary Tumor,RNA-Seq
4f01a458-110c-4529-a163-52d086e6755a,TCGA-55-6972-01A,38c83b40-fba4-48d4-ad6e-93768cb6139f,Primary Tumor,RNA-Seq
59ac7068-34fc-443f-b2fe-0e25900931b4,TCGA-55-7913-01B,e7a733ac-55e0-4395-ad3b-7cfc5b526d01,Primary Tumor,RNA-Seq
8a95597c-5864-43cc-8719-9a48eae91c7b,TCGA-97-A4M7-01A,3d39d81b-c341-426c-b979-560c429b3af2,Primary Tumor,RNA-Seq
2a4b1086-5c93-49ee-90e8-a81aa5c9e0bc,TCGA-44-2662-01A,d2198941-e96f-40bd-9fbe-82886217d5db,Primary Tumor,RNA-Seq
a4b5adc4-8613-4e29-b5d1-aa2732c05d67,TCGA-44-2662-11A,a6afb5f5-02c7-4710-b3d3-d4aa934d8d49,Solid Tissue Normal,RNA-Seq
2f9ba96c-5f59-4601-8794-ef75742eceed,TCGA-50-5055-01A,68d19e88-7fbd-48cc-a09f-55c47bfaf6e7,Primary Tumor,RNA-Seq
5750c845-fcb1-48ed-9174-3253b069aedf,TCGA-38-4628-01A,a74f6423-b5d3-4ae2-b61f-3ee04b1073bf,Primary Tumor,RNA-Seq
92d773a5-d575-4516-aab9-2b2bddd55295,TCGA-05-4415-01A,57e160f5-45fc-44ef-95c6-54e112e3b7f5,Primary Tumor,RNA-Seq
865c7959-f00c-4a79-ae5f-3059840afce8,TCGA-73-4659-01A,c35a5ed1-1821-4077-ba1e-b972dfa3233b,Primary Tumor,RNA-Seq
8fbaae19-2afb-4873-a021-82b21276a303,TCGA-75-5147-01A,f9f9c1dd-8462-4560-82b8-aea4309854c9,Primary Tumor,RNA-Seq
45453388-1b30-499b-8d37-d751f7d16929,TCGA-55-8507-01A,baa282a3-b78b-4be7-9756-4e4c6298f8a3,Primary Tumor,RNA-Seq
a120a842-b0bc-4b65-98d3-6fdc4a9c1d98,TCGA-44-2662-01B,1c79e3d0-1fdf-4157-8f58-91cb80ff7194,Primary Tumor,RNA-Seq
56a63af5-1f70-46c7-aac2-8a0a02928169,TCGA-53-7626-01A,7d0017c2-db42-4758-8dc4-0250ec5fd83c,Primary Tumor,RNA-Seq
66902ee8-c91e-49c6-ad5f-4377af5a2d74,TCGA-50-8457-01A,063385d8-f8bc-4268-8219-63dc2dc7973c,Primary Tumor,RNA-Seq
f01fb6d6-6591-4fe1-9a7e-41aae0353555,TCGA-49-4488-01A,1aea8530-43fd-47ea-a2f1-377267dc9d33,Primary Tumor,RNA-Seq
3ba9374c-be33-4ead-9abd-1afc84d40532,TCGA-55-7728-01A,d1a83e2e-276f-4366-acd1-fe6bd3f7988f,Primary Tumor,RNA-Seq
653d9916-f4b8-4a1e-9357-aefa8270ef35,TCGA-86-8280-01A,dc242475-d2c0-4c6a-b227-f6a21a27179a,Primary Tumor,RNA-Seq
a1fdb897-0731-4cd7-aa64-efa782d2c7e2,TCGA-78-7536-01A,359f80d0-faea-42ad-82c7-e34d238a3a3e,Primary Tumor,RNA-Seq
5f9f9c3f-128e-42cd-80e0-bd7607fb1d79,TCGA-44-5645-01A,37a8d3a5-baa0-427c-ab43-48ae4b93633b,Primary Tumor,RNA-Seq
c288ff32-f84f-47f9-b97c-068c338172ce,TCGA-86-6562-01A,de4bb1d0-8bd9-4614-85ca-c39d8c636bcc,Primary Tumor,RNA-Seq
31abc364-05dc-4c34-894f-ff7db4459743,TCGA-55-7815-01A,bdab4848-dfb5-4b58-9d79-4ab0f0f80cbd,Primary Tumor,RNA-Seq
6251d978-310f-41bf-bf1d-f1a9232a960d,TCGA-86-A4JF-01A,1c0bc537-7eb8-4bbf-b7bb-cc8e0e610277,Primary Tumor,RNA-Seq
8ec551f6-dca0-412b-a59b-6f557438d7a5,TCGA-44-5645-01A,37a8d3a5-baa0-427c-ab43-48ae4b93633b,Primary Tumor,RNA-Seq
e6159a1f-0479-4a86-ad86-a1bcf980d073,TCGA-J2-A4AG-01A,ed940a3c-39ed-4127-9174-03ffcf448505,Primary Tumor,RNA-Seq
4d39cace-7577-4aa4-918e-4f09649dbc02,TCGA-50-6593-01A,3b2ed302-d8f1-4078-95f0-3b5c5b322deb,Primary Tumor,RNA-Seq
8a39559d-41cc-44f8-87aa-81c288194e94,TCGA-44-2666-01A,27a64f32-69c5-4c49-86b4-c8fc923cae08,Primary Tumor,RNA-Seq
8b338099-c2fd-4228-87d5-3ac4ba7c2e1e,TCGA-62-A472-01A,b45ae61c-6377-403d-a094-2b7a245cb45d,Primary Tumor,RNA-Seq
79df58cf-1984-44a1-b36f-d9cd7fa50f13,TCGA-55-6543-01A,8d9491e7-9b14-4988-8fa7-e6af041120bd,Primary Tumor,RNA-Seq
09211419-8ba8-4b4d-bf84-38de4bbd69f4,TCGA-55-6985-01A,c52909f8-5d3f-4db2-952a-8c13814ddfb0,Primary Tumor,RNA-Seq
edfee675-86d2-499a-a76f-6bb6d2107f3a,TCGA-97-7938-01A,b187fc64-f51c-4be1-8f97-0075472aafd4,Primary Tumor,RNA-Seq
c6998cef-ef88-4b00-81a2-c804bd15f9e0,TCGA-J2-A4AE-01A,34492a58-bfc3-48a7-a1dc-a5c3f5f7d462,Primary Tumor,RNA-Seq
7e269cae-7d9f-4927-83d4-83f4361cae8f,TCGA-93-7347-01A,7e1638d3-f134-4dc8-becc-9f4d49d83024,Primary Tumor,RNA-Seq
41cb68b6-6a12-459f-8200-ae9bce1cef19,TCGA-62-A470-01A,fceb89f9-c4db-42b4-84dd-06a8603c071b,Primary Tumor,RNA-Seq
40dc5eec-1446-4a53-81f0-726bf6c2b088,TCGA-50-5936-11A,5af84779-8d50-4ba9-a61c-04bd7de3f812,Solid Tissue Normal,RNA-Seq
d4f92f42-bc69-4dd7-acbd-a601ca372dfc,TCGA-55-6984-01A,76c0adae-eef5-459e-a4c9-397d94ebfdcc,Primary Tumor,RNA-Seq
68e7bbb3-d2f3-4a56-9c9f-72045703a8c8,TCGA-MP-A4TI-01A,3e2f1a0a-b097-45b4-8cf4-92a38e134bc5,Primary Tumor,RNA-Seq
fc740bad-3e3f-4063-b744-9cedf61e7a57,TCGA-69-8254-01A,96bdafe1-b0fb-4126-9734-1374d615ef6d,Primary Tumor,RNA-Seq
49356afe-692a-4842-a4ea-447cfc40d309,TCGA-44-2657-11A,e443f8b9-d975-4e40-bb62-af4380ceb520,Solid Tissue Normal,RNA-Seq
53d33da9-d1f2-41aa-bc24-1437f034e211,TCGA-4B-A93V-01A,6614550d-d050-4b77-9cc0-1e6a7438c675,Primary Tumor,RNA-Seq
e12a89f7-7c4a-4ceb-9ca3-eecd0cbf9d10,TCGA-97-8175-01A,a05b004e-8a92-4520-a3e1-85ed60db14fa,Primary Tumor,RNA-Seq
0cd68773-5de2-4815-abb3-6267490344d5,TCGA-44-A4SS-01A,6176e1f7-8dfd-4de4-8abb-3eff1839de56,Primary Tumor,RNA-Seq
88a434ab-db01-4080-b761-090ff2e5775d,TCGA-05-4250-01A,8f274178-7a8e-46b6-8d2c-900338bbb946,Primary Tumor,RNA-Seq
67322b0b-568e-488d-bc9c-4c61335c86c0,TCGA-49-4510-01A,9a479d32-13a4-46c2-b26d-34cb6051a891,Primary Tumor,RNA-Seq
7394b23f-668d-4e48-8e00-dc39402082cb,TCGA-64-1678-01A,0a2d9fad-c5df-46c1-bf96-529c7c92dfba,Primary Tumor,RNA-Seq
614151d1-3602-421e-94f7-727ea89ee1d7,TCGA-78-7220-01A,98038913-75d0-41a6-ac67-a9263f5ab18a,Primary Tumor,RNA-Seq
7e3809ae-c845-4338-8690-f9cafe9b56f3,TCGA-93-8067-01A,45885727-79fe-43d6-866e-1fe7ded4bfdc,Primary Tumor,RNA-Seq
0f42befd-c5fa-4396-8ddb-c39cecfee832,TCGA-95-7043-01A,2e0b958b-1e93-41ab-8a8a-21a2d7f99935,Primary Tumor,RNA-Seq
fc7fde28-e712-4206-b8ed-419bc80df988,TCGA-05-4418-01A,c9e092b2-d6c3-4161-bd9e-0fa4015bebbb,Primary Tumor,RNA-Seq
de4a18bd-7393-4d78-9f30-3011651d1f8b,TCGA-44-2655-01A,9fcabda1-ea79-4188-8b3f-7d0fd060a819,Primary Tumor,RNA-Seq
4103d900-a323-483e-927d-84855674dee4,TCGA-38-4630-01A,83d01ff9-d0a9-4606-80ed-9a417a980ef7,Primary Tumor,RNA-Seq
c0d7876e-6def-4172-8fcd-44adc49a2152,TCGA-49-6745-01A,357f3efe-e2c9-432a-a2b6-75a5fdbae3be,Primary Tumor,RNA-Seq
043c5b09-1e40-47fe-b5e5-2a56702392e1,TCGA-55-1592-01A,e190a9e4-10ae-4060-a071-4b8b73479023,Primary Tumor,RNA-Seq
ab4601cb-533d-4641-be0e-a7cdbd5b0fc0,TCGA-78-7166-01A,7ec420fc-c770-4cb8-a186-8ce94f791444,Primary Tumor,RNA-Seq
38dc7707-1cbd-412c-a0ca-cafce0e0ea5d,TCGA-44-6147-01A,43f5270a-f2f2-4dd9-83b5-486b805e35b8,Primary Tumor,RNA-Seq
91e1a9de-003b-41e8-837e-2137b6666552,TCGA-44-6147-01A,43f5270a-f2f2-4dd9-83b5-486b805e35b8,Primary Tumor,RNA-Seq
63849912-53cf-4b4d-b0d0-1383177ab9bd,TCGA-55-8090-01A,53a420fd-6e31-46ee-8ac6-b383f4305cd2,Primary Tumor,RNA-Seq
98f7f2e1-d955-460d-a8a3-2d611d4c7c40,TCGA-73-4676-11A,d68673cd-08ca-404c-ad04-0774c51a6bfb,Solid Tissue Normal,RNA-Seq
4f84d943-f318-4d54-8644-67f9f89ce719,TCGA-50-5939-01A,6a27f5f8-f4ee-45c7-b953-ddd7d0291dbb,Primary Tumor,RNA-Seq
2b677158-19e2-424d-80c6-c9ccf4d3c8e2,TCGA-64-1677-01A,cd1bdd0b-eae2-4fc5-8da2-4d13926c7885,Primary Tumor,RNA-Seq
a682b649-555b-415d-90f1-57d7bacd5543,TCGA-55-7573-01A,482c1c70-ae61-45da-b1c0-4303abdda2cd,Primary Tumor,RNA-Seq
5042be97-9183-4c2b-b222-fa3056e3404e,TCGA-05-4434-01A,7a03048b-58b6-4cae-b143-81c0a4977ac6,Primary Tumor,RNA-Seq
92e30c69-af41-4226-a9a5-ae9c525afc08,TCGA-44-3917-01A,98e01ce5-8af3-4f2c-b5a1-36730a3c806a,Primary Tumor,RNA-Seq
8ba05efa-d2e4-4081-9686-589e5fc80077,TCGA-62-A471-01A,9ab03618-703c-4401-a198-e02510807646,Primary Tumor,RNA-Seq
8abd8263-6518-4ada-9dee-4619c0f3a71c,TCGA-78-7540-01A,df16b5d4-5e5d-455c-9c5f-a151e5864557,Primary Tumor,RNA-Seq
37b68f45-a936-4b24-8177-13f8fe395803,TCGA-NJ-A7XG-01A,5a6826b4-7926-4378-86bf-76c028508b3b,Primary Tumor,RNA-Seq
e4de2928-d865-4f9d-86bc-172714978cea,TCGA-55-7576-01A,2b2bc6f3-088e-4a84-afb3-182a4acb0652,Primary Tumor,RNA-Seq
211b8a8f-0c88-4b6a-9880-edc330260b1a,TCGA-50-6592-01A,01f94091-eb70-40d3-9d56-70c4f847cb4c,Primary Tumor,RNA-Seq
439ae8e5-4663-4e33-a99e-781340b33524,TCGA-55-8621-01A,1c1c73ec-c57d-4b5b-9a17-8cd3557f21f9,Primary Tumor,RNA-Seq
5b9a0611-1211-4f85-a2b9-2816c1c1ca07,TCGA-55-6986-01A,9622c370-68d0-48da-a7e0-5eb4765b6f27,Primary Tumor,RNA-Seq
b4653153-0d18-40bc-bff6-1880dc87fc23,TCGA-55-6986-11A,e8e0e53a-4009-4141-ba6f-eed35fcaad7b,Solid Tissue Normal,RNA-Seq
a982e9c5-94f3-4a0a-9b40-3c19d3838005,TCGA-55-6981-11A,7f21527c-8434-474e-b223-b24d5b4d57f7,Solid Tissue Normal,RNA-Seq
4a5420ae-4833-4f8e-93c6-524856dc72e1,TCGA-38-4625-11A,0d76e56d-bc9d-4085-aa3c-c6edbdb6dd59,Solid Tissue Normal,RNA-Seq
4cdf185b-a5a0-4b96-a22a-8cf9a43a21d2,TCGA-55-8089-01A,8950ac53-1f70-46bc-a094-ec946e6e3a78,Primary Tumor,RNA-Seq
04a1c686-2561-4355-94f9-ebf69b826aa5,TCGA-97-8179-01A,7e66ee53-b64f-452e-aeb2-00f97813c126,Primary Tumor,RNA-Seq
2aab85b6-db73-41cd-93ca-22901c82427e,TCGA-91-A4BD-01A,6e10437d-da57-4298-b082-9d7c59d09c5c,Primary Tumor,RNA-Seq
f26b5b92-0b18-40d6-a7db-ccd96c026f62,TCGA-49-6744-11A,e3962e0e-eafa-4016-8fa4-1c4ba0d2a9ad,Solid Tissue Normal,RNA-Seq
9fe35689-b094-49cb-8d4e-e03f12ac5bd1,TCGA-78-7162-01A,5e9ed3d4-fad6-47fc-aa55-c7e710b76dc8,Primary Tumor,RNA-Seq
4571243c-55d9-46fd-8f62-305598145647,TCGA-50-5931-01A,16a2d381-75a0-423b-aac2-d5710afb183b,Primary Tumor,RNA-Seq
287b2da8-d175-40ac-8fe3-d1bf24a29902,TCGA-44-5644-01A,597d38ff-839c-4fe3-b889-efd0f680b715,Primary Tumor,RNA-Seq
5a0bea6f-5692-4c4b-8588-18894f689fd5,TCGA-38-4626-01A,60a9564a-c68d-4791-a093-19b144ee7717,Primary Tumor,RNA-Seq
77b4160b-280b-4b95-9aaa-630f5acdafe7,TCGA-44-5643-01A,ed5b47c1-569f-492b-8d6c-155e3ba79acb,Primary Tumor,RNA-Seq
24a3226d-d000-4844-aa6d-fd8c948642f7,TCGA-86-8279-01A,37901d81-dc2a-4f55-b6c5-f117274d50b8,Primary Tumor,RNA-Seq
36175613-db3e-4691-a7d6-f6245b94d78c,TCGA-55-6980-11A,2315f189-cce1-4ee2-8943-9bba2099a391,Solid Tissue Normal,RNA-Seq
46856601-c74d-4f22-b6a9-bc8ab3ca83e1,TCGA-86-8585-01A,558e3668-fbe7-4e8e-beb0-90ab33587b5a,Primary Tumor,RNA-Seq
e5ea5368-857c-4347-978f-38acbdde5b6e,TCGA-50-5066-01A,478cc306-6aee-4597-8834-1e5cf8b05a59,Primary Tumor,RNA-Seq
df76c9e1-1244-4838-8533-67eb36c97fad,TCGA-93-A4JP-01A,63315e75-2b50-4b79-b553-036fa7fd024f,Primary Tumor,RNA-Seq
db5b2548-c017-467b-9d76-3e07bb4b3c68,TCGA-49-6761-11A,f4fb69c3-8ee2-465c-8025-8b7ae74ea828,Solid Tissue Normal,RNA-Seq
c005b945-fa8d-4699-871c-2b53ccc562eb,TCGA-49-AAR9-01A,9e129d06-15b7-4d89-bac0-9cb62c54dc5a,Primary Tumor,RNA-Seq
b5a18fee-c7ad-4f94-95ee-32bcbd981b48,TCGA-86-8074-01A,0382e297-1b96-433b-9440-6811d685b13b,Primary Tumor,RNA-Seq
7989e72f-892e-41c1-810d-ea0e8fcd64f9,TCGA-75-7027-01A,b24cfbec-f890-4685-9e7f-405da7eac9ad,Primary Tumor,RNA-Seq
9a3c2c29-d980-494d-8c69-69cef58cae56,TCGA-78-7145-01A,6b0b11c9-2adc-4b55-b7bb-cf67b11cab86,Primary Tumor,RNA-Seq
b89c55ca-a33c-4334-bdb2-8da8021a2b3c,TCGA-NJ-A4YQ-01A,fdfca85d-9c11-4f55-8f43-7e4d54afdf9e,Primary Tumor,RNA-Seq
4e468ab8-0c92-4222-aa94-300501ed2aab,TCGA-86-7714-01A,e40ad349-500b-49cb-977d-3dc18d0ccbf9,Primary Tumor,RNA-Seq
e2894303-8266-4f71-a1ce-65dca9be9347,TCGA-78-7158-01A,ee0d4640-5609-430e-8b80-3058a3f313a8,Primary Tumor,RNA-Seq
2543938c-e4d3-49be-b10f-f67233764041,TCGA-55-8092-01A,12870223-d36b-4a35-ba3d-70ed75eeab1d,Primary Tumor,RNA-Seq
6e4d7731-8b56-43ac-8525-155968573db3,TCGA-78-7143-01A,ee72f78d-e5db-4c99-9034-0b5bbf6df849,Primary Tumor,RNA-Seq
444573e1-ac75-4675-a853-6f030559ea9b,TCGA-49-4507-01A,962f85ff-1f27-49e4-8c3d-798facea122f,Primary Tumor,RNA-Seq
53893a17-f5b3-444a-98bc-79b33cdcc921,TCGA-86-7953-01A,c85ed66e-c58b-45d9-82f6-8248b9e05338,Primary Tumor,RNA-Seq
0a7cd26f-1416-4fc6-9fd5-42376a23dad3,TCGA-86-A4D0-01A,5de445ab-85e8-4bec-bf61-f6b4240306e1,Primary Tumor,RNA-Seq
572c4a0c-5c2b-4fac-97a7-7f8fc2387eda,TCGA-69-8255-01A,228443d4-e892-4ae7-88b4-a47463d4094c,Primary Tumor,RNA-Seq
b57e41bb-cab1-488f-8e6c-91e20ff7c4ed,TCGA-55-6983-11A,f6d0a76c-9baf-458c-b4c7-2784272a2f62,Solid Tissue Normal,RNA-Seq
6cb3c145-1d2a-4c0e-8f48-800f9460490f,TCGA-78-8648-01A,79843244-8e55-4f0b-9282-20ffc846e690,Primary Tumor,RNA-Seq
a59660b3-e30a-4113-9f38-22c5a254c7c7,TCGA-62-A46Y-01A,dea6de72-0f67-44f8-aea7-28c15adf4e60,Primary Tumor,RNA-Seq
e95ab2bf-13ab-41b0-b11d-db5e44c608c3,TCGA-53-7624-01A,61358ba0-7194-40f5-b239-2ed06cbaf546,Primary Tumor,RNA-Seq
5e2bb5a3-aab6-4bb5-b7c6-ef09994e1d0b,TCGA-80-5608-01A,20c166c8-6e1f-44b0-81ba-c41add0e0466,Primary Tumor,RNA-Seq
8fba797f-12f5-45c3-9ef5-f4f7fa955614,TCGA-97-A4M3-01A,afd144f3-77bf-45fe-8d8b-eea4288c1d74,Primary Tumor,RNA-Seq
5a0881bd-5172-4a47-a17a-4d98deed7a43,TCGA-55-8620-01A,ee8a12e2-8827-4abe-af6f-aa39995f6b99,Primary Tumor,RNA-Seq
bd639490-d531-4d65-bf46-2923fa245fb6,TCGA-35-5375-01A,78b3d4a5-8563-433d-b271-6e37385e0584,Primary Tumor,RNA-Seq
67712335-91e7-4023-97f1-6b91f8202853,TCGA-97-A4M5-01A,091e0712-7fde-442c-aef1-5c504f91b227,Primary Tumor,RNA-Seq
a66951c1-d4a8-420a-ad7d-055b58399473,TCGA-97-7547-01A,d4d43ae0-2a4c-49e5-8481-fa3614dfe5c1,Primary Tumor,RNA-Seq
2781fadc-1589-495c-8314-38041daaa207,TCGA-91-6830-01A,ade256d3-7ad5-441c-ad53-ab635b1668e4,Primary Tumor,RNA-Seq
83c838e6-adb8-4362-bfc2-4977b2d7f0e6,TCGA-49-4486-01A,5ae9b10f-347c-48c3-90cd-9290055cfe4b,Primary Tumor,RNA-Seq
b4dad58a-20a8-4c7c-921c-164682e6a509,TCGA-62-8399-01A,3c17efb2-ed6c-4c73-800c-a5d896d80372,Primary Tumor,RNA-Seq
10cdb249-897f-4d2c-b1b9-0e1550e80033,TCGA-55-7281-01A,afec3b25-c3f7-4e48-8fb0-6fb4dd581081,Primary Tumor,RNA-Seq
2e474a83-758e-4d68-9ca2-d0f1cbf3c664,TCGA-05-5429-01A,fbc90b42-7d26-456b-a166-41993a1d3f0d,Primary Tumor,RNA-Seq
8b3bd499-6535-4454-9ba6-66cca3cae067,TCGA-86-A4P8-01A,ca71bc74-8511-48b2-a84f-6dbbd01aefc3,Primary Tumor,RNA-Seq
98afaecd-3210-4e0a-a1a7-bcf3687269c7,TCGA-75-7025-01A,9cea4206-b460-433b-bf50-29c56cb8e33d,Primary Tumor,RNA-Seq
5b2cf744-f2a1-406a-9de2-f30114e8ee15,TCGA-78-7537-01A,42395277-99e9-40db-8fae-b91681b9fd4e,Primary Tumor,RNA-Seq
3d2d1432-22a1-4dc3-a159-bde6de800477,TCGA-55-7994-01A,c8aa8a2e-e681-4a82-9320-f35f67650581,Primary Tumor,RNA-Seq
1c6392df-586f-4dbb-8a6c-6ec5b84662c3,TCGA-35-4123-01A,3af63e86-157b-408c-9527-58a45107ddd2,Primary Tumor,RNA-Seq
1ea67e57-3b44-489e-a3fd-42be9c1fe182,TCGA-44-3918-01A,2ff8bafd-2ac5-4bfd-8c60-81519cd44166,Primary Tumor,RNA-Seq
269eed7e-e353-4088-b0f6-5a54f3d74463,TCGA-95-8494-01A,1a929496-806b-42f7-a45d-5f66a73eedcd,Primary Tumor,RNA-Seq
79c720e1-e1f2-427b-aa60-6b427dc2122d,TCGA-55-8204-01A,cba50f48-facb-4eb3-9a72-73c5b585bdc6,Primary Tumor,RNA-Seq
3d84b178-0a82-45b6-be60-62e79bb59ba2,TCGA-55-7903-01A,c7c2f2f3-d5f6-4fb8-b02a-79fa39a42756,Primary Tumor,RNA-Seq
9157a12b-cbea-4d01-97cd-1d8dbd50ffcc,TCGA-55-8208-01A,6ea79640-5376-40fd-b9d4-e846335579d2,Primary Tumor,RNA-Seq
8a0c56db-2562-4d7e-b5a6-532cba1696ba,TCGA-69-7761-01A,c8c5aa67-c6b9-48ba-ace2-b040170d73fc,Primary Tumor,RNA-Seq
0b1be016-d6ac-4f74-9be7-6bd263dd4d32,TCGA-62-A46U-01A,1454406f-934b-4073-814e-387008c99a2b,Primary Tumor,RNA-Seq
0aab125e-ace0-4abd-a55c-cfe91d779d8b,TCGA-50-5933-01A,d2355f3a-e2ce-4791-b1fb-b570850681df,Primary Tumor,RNA-Seq
84d81729-3ebc-4dba-9131-e8132f82c932,TCGA-50-5933-11A,e535fb19-2411-4e71-a3cd-08aec4f0fd4c,Solid Tissue Normal,RNA-Seq
58601c07-68bc-48d1-a7df-23dd90db6ec1,TCGA-NJ-A4YG-01A,337b38b7-752e-4246-aba2-163140b1e3c7,Primary Tumor,RNA-Seq
e1159c99-b04e-4fb4-803e-6077874d74c5,TCGA-55-6970-11A,49d32568-b016-4a49-b866-53486697fea7,Solid Tissue Normal,RNA-Seq
8f023d2e-92a6-4274-8011-00c4929b5360,TCGA-78-7161-01A,08acba8a-143f-43e6-9562-e41dcacba681,Primary Tumor,RNA-Seq
0927218c-5c32-4ee1-9596-dc0dd2554685,TCGA-95-8039-01A,8745dbd3-cf9f-4edb-b419-5f0bd590f273,Primary Tumor,RNA-Seq
22caf580-04ad-4e01-94cb-b5c292a0d010,TCGA-69-7760-01A,a096292c-055c-4243-b625-1e2a5f31e3d6,Primary Tumor,RNA-Seq
ea4729a4-6bb0-4354-a511-f0e940ff4af6,TCGA-44-6148-11A,ace83cb7-28bc-44ba-a600-8a6155e08a42,Solid Tissue Normal,RNA-Seq
e679bd9c-31ba-4caa-ae2f-d9bf8fec762a,TCGA-91-6828-11A,a2ea00c0-232e-496b-bffb-20ce1b533099,Solid Tissue Normal,RNA-Seq
e3d22dc6-af26-4a4d-bc3f-21dde7b6fe55,TCGA-NJ-A55O-01A,ea2baaca-c8b1-4c4b-8890-47003f63f9b3,Primary Tumor,RNA-Seq
e43b98d9-66f7-4105-bdcf-cf824e3b800c,TCGA-99-8028-01A,a1733a18-9fe8-4fed-a8d4-0d9dea6cefba,Primary Tumor,RNA-Seq
52bc19c2-e931-4e5f-92c7-621487df43d4,TCGA-62-8397-01A,1a40c0ef-0b6f-48c9-98cc-b64e8660f2a3,Primary Tumor,RNA-Seq
aa476c3b-fdb3-4390-98b8-ed2b41ab016f,TCGA-55-8510-01A,431c3f05-aa24-4d13-8dfe-96145289ae02,Primary Tumor,RNA-Seq
0537f789-13b6-4cb3-bdfc-c1a1423bbd8a,TCGA-95-A4VP-01A,4ed3eaec-0085-4115-bbe7-27645b6a3a8b,Primary Tumor,RNA-Seq
4f5ee0c5-3af2-4471-ad13-ffe3c15f0003,TCGA-49-AARR-01A,a8db5a04-924f-4348-9bcd-24c24e2346dd,Primary Tumor,RNA-Seq
babda5db-efcb-4257-841e-6b69b3f9173d,TCGA-86-A4P7-01A,d5cb5845-eb00-422d-a3d1-d3061ba078d5,Primary Tumor,RNA-Seq
79493b02-5e88-4257-a63e-c33ca3a3cdb8,TCGA-86-7711-01A,7ed47e1b-1d36-4f8a-a101-3ef0756ad08f,Primary Tumor,RNA-Seq
db1d6a1c-baf2-4c49-8435-813a49feb595,TCGA-MP-A4TC-01A,a6db405d-97ac-4a86-880d-d81838caef14,Primary Tumor,RNA-Seq
d2a81151-fa55-43d6-ab7f-c9494f93c6ea,TCGA-50-8459-01A,6023ee7e-e392-4f33-a781-7af6bff1a403,Primary Tumor,RNA-Seq
598ac08e-a4ab-4519-b65e-3d18f6e13e33,TCGA-55-6975-01A,f274b7e1-4f18-4f90-851f-5c2d8b984fd3,Primary Tumor,RNA-Seq
8a4b5b1e-5fcf-4a86-b8ab-9e1384eaaf68,TCGA-95-7039-01A,745aaf77-a464-4363-b6e4-10d30ff947b8,Primary Tumor,RNA-Seq
9f35cdf0-3654-452f-9061-8e4665a0e3c1,TCGA-44-7659-01A,43ab9d3a-9e4e-49a1-8044-280850a5cd7e,Primary Tumor,RNA-Seq
f2bc0c12-b248-453e-8795-9c7c2e828673,TCGA-44-2668-01A,dd9a6c68-b8b4-4168-9ff9-72a45f20c44f,Primary Tumor,RNA-Seq
f903a65e-139d-4eea-bf24-bf7fd0c42b8d,TCGA-49-4514-01A,7f64139d-0e81-4bbd-9719-85d0ad471ed5,Primary Tumor,RNA-Seq
29ca3977-3f68-4b6e-ae16-895cd5a92934,TCGA-44-2668-11A,275b1d31-bc89-4e56-9861-626afb8bbcc0,Solid Tissue Normal,RNA-Seq
327dc23e-593e-44d3-998f-cb6a68d339cb,TCGA-78-7152-01A,98bbbf97-fbf4-4cbc-9536-f11febbf350b,Primary Tumor,RNA-Seq
b1eeaa72-29f1-4d70-bd9e-ae8c068dba6a,TCGA-NJ-A55A-01A,b4cff170-45a5-488f-8dbe-07e934f683d9,Primary Tumor,RNA-Seq
68732ba6-65db-44f9-a50a-70510ee0eba4,TCGA-78-7160-01A,d0090140-e835-484e-bef0-e83011931b66,Primary Tumor,RNA-Seq
67b8fcda-7df9-43e1-bde4-d21ea1980ab8,TCGA-55-7727-01A,d69112ac-842a-4ac1-82be-af6fac624ca4,Primary Tumor,RNA-Seq
11467368-e21f-4762-a673-e5167b781924,TCGA-49-4487-01A,3e88613e-9b97-4dbc-a052-b6dfe8c09956,Primary Tumor,RNA-Seq
34faf926-6950-41b0-a74b-c17f4545f063,TCGA-78-7153-01A,f9e817fa-fc13-419f-9039-ee7422f0d10d,Primary Tumor,RNA-Seq
0de0f5d1-6819-4698-96fb-8784f7d2461a,TCGA-44-A4SU-01A,5d4e89c1-563b-4008-9cfd-1b3eb4fbf88a,Primary Tumor,RNA-Seq
b1d03b2f-32c1-451d-a9c7-6249625fe587,TCGA-86-8073-01A,1e5c2507-a7ee-4714-afdc-08a6c0f415e9,Primary Tumor,RNA-Seq
895379d8-727a-4b37-a650-9cb4fdcc3839,TCGA-78-7154-01A,5a9f5ccb-635d-440e-ad03-fde8f63a2233,Primary Tumor,RNA-Seq
5e0be021-5856-491b-a24e-bc861341561a,TCGA-55-6969-11A,cf83442c-cc01-41e6-bc00-c193237213ea,Solid Tissue Normal,RNA-Seq
3fb0a322-1899-4455-8526-f5bfc83bcc6c,TCGA-99-AA5R-01A,ddbe2867-b02a-45d6-8514-921eaf6074ea,Primary Tumor,RNA-Seq
d43f0318-d14b-4aff-b4ea-1cb7911ce4b0,TCGA-05-4403-01A,44b1d21c-0794-428c-ba01-82812d74da2f,Primary Tumor,RNA-Seq
0f55383d-8745-4eca-8336-932922bcba00,TCGA-38-4627-11A,43c2448e-0f93-4437-85cb-5f61397b0f4c,Solid Tissue Normal,RNA-Seq
ec1ff4bc-2ebc-4ac7-b4fa-af33ca787288,TCGA-55-6985-11A,78fc7ec1-6795-45d8-a9e1-c8ef88d202e5,Solid Tissue Normal,RNA-Seq
4bbda18e-f32d-44d1-9cfc-90344e7e4d20,TCGA-44-2657-01A,1028d7a9-0ac0-4fd8-a34b-46f3e6e53f79,Primary Tumor,RNA-Seq
48ecab31-49c5-466b-9c8c-5a330fb9f5f1,TCGA-55-6712-01A,ea75499c-7bf0-47be-9b09-3c12aaa22f12,Primary Tumor,RNA-Seq
491086b9-8d01-4dd7-9aea-422287bd4276,TCGA-35-3615-01A,7407d705-6ec6-4143-93d2-eedcf5a22399,Primary Tumor,RNA-Seq
c54f20d2-c4d0-4c71-b342-0f9674817fb8,TCGA-91-A4BC-01A,485a7981-a812-4c8c-a288-4f5cd8a50607,Primary Tumor,RNA-Seq
44996310-b5f9-4385-9f96-2ee65f466952,TCGA-69-7978-01A,edba8888-6d1b-43a7-988d-5df420922c80,Primary Tumor,RNA-Seq
e462b926-31d0-47af-afb0-697aa67a9e3a,TCGA-44-2665-01B,9c146f5d-ca52-4cb9-a64b-158593d038da,Primary Tumor,RNA-Seq
68f8711c-20c8-436f-be09-7db6805b8477,TCGA-44-2665-01A,a0863fa6-515c-44fa-825f-f9e243f945f1,Primary Tumor,RNA-Seq
83cd47d6-3a3e-4e62-8f28-12837284d57d,TCGA-44-2665-11A,e8d3015b-0b27-4cd5-b6a4-931b587d8a12,Solid Tissue Normal,RNA-Seq
2e8b888b-70ed-4438-9d5b-b651f544b3f7,TCGA-78-7146-01A,98a8d751-4efd-442e-a242-0fe399c2586f,Primary Tumor,RNA-Seq
83563ac7-dd78-432f-b240-bb1334daf882,TCGA-44-3398-01A,58493fd3-5923-436c-bf10-7315b007c5c0,Primary Tumor,RNA-Seq
63b17fa2-6335-4dd9-bd44-fd65056211e4,TCGA-56-8504-01A,d6bbe198-1e1c-4582-9c6a-a4ca08f4c2d5,Primary Tumor,RNA-Seq
65e58262-fb95-444a-82bf-40c9018babed,TCGA-33-6737-01A,901e3068-7ed3-417f-bad4-1266d9e63b03,Primary Tumor,RNA-Seq
3070367b-6d7a-4726-abad-100110653c4e,TCGA-18-3410-01A,cdffec20-96a8-4b64-9959-f701504ad186,Primary Tumor,RNA-Seq
c6d98c62-8068-48a8-a717-739e608ecda6,TCGA-NK-A5D1-01A,113fcbc1-cf05-453f-bc88-6b4f28e4730f,Primary Tumor,RNA-Seq
4fb02c49-4475-4efb-90e5-38d4b130ce2c,TCGA-43-5668-01A,223afbf5-62ee-4ce2-9393-b699f558236a,Primary Tumor,RNA-Seq
52aa5c31-f1ef-47a1-993e-ab8da42bfdee,TCGA-43-2576-01A,61646911-1672-45ca-8deb-4192e1ceed49,Primary Tumor,RNA-Seq
8cb90648-2fed-4b02-9a2c-c642c4f11dba,TCGA-56-8623-01A,a5370483-6bdd-4e2a-9b4b-ec1eb381052b,Primary Tumor,RNA-Seq
8512b3d9-a3ca-4e8a-9248-f5a4efb4d49b,TCGA-18-3416-01A,da725c46-31b4-4498-a45e-dedebba6e96e,Primary Tumor,RNA-Seq
11f8b6eb-e987-409f-807b-197aec4d3935,TCGA-60-2697-01A,112c9fb5-54da-4f5a-a8ea-111542f3317e,Primary Tumor,RNA-Seq
1993ff54-485a-49c6-834d-05f488a00c03,TCGA-90-7766-01A,db44b283-6a6e-4827-ba6f-5fad2b723d2e,Primary Tumor,RNA-Seq
25327fa7-2484-4bb1-9ef5-c2bc23931f58,TCGA-33-4538-01A,d12fe64f-64da-4922-ab3d-c4d1be92e3d5,Primary Tumor,RNA-Seq
aea0dfdd-f73e-4fba-ba88-ebc7d8f780e5,TCGA-96-7545-01A,59f2654e-7f41-480b-b59c-f0db373b7160,Primary Tumor,RNA-Seq
865f92d0-f025-449d-a3dd-1d9e7df84b8a,TCGA-43-A474-01A,ff9eea7a-7817-49bf-be11-6ee744c1172a,Primary Tumor,RNA-Seq
eef71d73-5b39-4a95-8e83-89c5edf51f80,TCGA-60-2721-01A,271e4445-d542-451b-b298-633574bc3a1a,Primary Tumor,RNA-Seq
5d39debf-483e-4403-a218-94e4b29ae589,TCGA-90-7964-01A,982a5674-2d81-4687-8f03-ef4b26ba8bae,Primary Tumor,RNA-Seq
45471f97-d249-4e01-9604-4e45497e58a9,TCGA-22-4601-01A,7f411683-9d4e-4470-9987-eeccbdf090bb,Primary Tumor,RNA-Seq
b54a6ac9-bdf2-404e-8897-f6fc5c055b7d,TCGA-60-2714-01A,04d26df9-1fad-4691-84d3-f7ba930b2afa,Primary Tumor,RNA-Seq
dd7bc89b-aa75-479c-a148-546be30ef93f,TCGA-22-5489-11A,546a0c7c-38cc-4b72-a622-b3a7c51f4cf0,Solid Tissue Normal,RNA-Seq
7e7884fd-2158-441d-8594-3fe9568eaa52,TCGA-O2-A52S-01A,32165b3d-08b3-4601-85e2-684be9dd8264,Primary Tumor,RNA-Seq
bda51363-14b3-4afe-a11b-4695648f0433,TCGA-94-A5I4-01A,bf85a46b-d7c8-4753-a4c0-8f774dba9e06,Primary Tumor,RNA-Seq
37ebf734-1aec-4394-89bc-75268cae3965,TCGA-85-A513-01A,54e6ce0a-9c8c-4975-ab8d-38c46371bd4b,Primary Tumor,RNA-Seq
5ab8172b-c994-4caa-9740-fe69774d1461,TCGA-68-A59J-01A,548dbf59-fe57-472b-9786-7a2ef122a28c,Primary Tumor,RNA-Seq
22aae8b0-ac33-42ce-8c98-eb139085969e,TCGA-66-2780-01A,efb52770-85f3-4854-b335-a2c750ec77d5,Primary Tumor,RNA-Seq
6cf39cbd-b26c-45b2-bd3c-a5776c7e8d31,TCGA-22-5478-11A,8455fc46-28fc-4979-bb97-b8171120c604,Solid Tissue Normal,RNA-Seq
bc565139-e3b2-4ab5-9e8e-bb3d69844bff,TCGA-56-7579-01A,c336b6cd-94ea-43d5-b3fb-6b4408ccf034,Primary Tumor,RNA-Seq
a689e56e-ae3e-4585-858c-18a3a5dcdc14,TCGA-22-5478-01A,9fc48d9d-cfb3-4c04-b918-878c05c57a35,Primary Tumor,RNA-Seq
55fd30a1-11cc-4803-ac40-5d51b835f73e,TCGA-22-4593-01A,28375fb3-f552-477a-b7d1-16a85275a15d,Primary Tumor,RNA-Seq
cc04f91d-6b42-4265-8ef1-131d31263dfc,TCGA-33-AASD-01A,9a6a91dd-5893-4f5e-9166-b9308bf583a9,Primary Tumor,RNA-Seq
038078aa-f01d-4f08-a23e-16b6f2ccc5e3,TCGA-18-3421-01A,5f4626e5-7427-4027-8bbb-504772710e02,Primary Tumor,RNA-Seq
734f1c32-ce8d-4c68-bdcd-537556e97aaa,TCGA-85-8481-01A,cecd9d18-1131-4d02-a925-c11f5c9ddceb,Primary Tumor,RNA-Seq
79573703-1983-4d37-bb37-fc337304c4b6,TCGA-L3-A524-01A,21a9703e-acf2-43a8-a2e2-23158404aed8,Primary Tumor,RNA-Seq
e871d6c0-cc4a-47d5-9eba-608300dda1fc,TCGA-85-7696-01A,791952e2-1703-41fc-890c-6b3abba833c3,Primary Tumor,RNA-Seq
a02aca6c-e42e-4d5a-bd62-b59210a21c5c,TCGA-77-8148-01A,57a0a87e-74cb-493e-a3d9-242290f29a55,Primary Tumor,RNA-Seq
6a723a3f-0751-4c96-94ea-9cb96fab2d4f,TCGA-98-A53J-01A,17d259bd-c709-47d7-8a68-112161537d70,Primary Tumor,RNA-Seq
4794f2b6-328d-410a-b3f4-537f6c637c23,TCGA-63-A5MI-01A,a818d068-8211-4ce5-acdc-da799d8733a2,Primary Tumor,RNA-Seq
78d414e8-166f-4984-9813-960feac88828,TCGA-85-A53L-01A,e41024f7-1aab-4e6c-bb07-86b8ecf67fd1,Primary Tumor,RNA-Seq
69eafc73-baa1-4868-861f-636284862963,TCGA-22-5474-01A,85477745-5f19-431d-b592-a0942f13b4fe,Primary Tumor,RNA-Seq
c79ba553-ae55-4a81-82b9-db1d7defd7fa,TCGA-34-7107-11A,4034aec2-8ef0-42bc-80da-90bae682babf,Solid Tissue Normal,RNA-Seq
47c05d79-3b85-4161-901d-85023341432c,TCGA-66-2791-01A,179b480b-bbbf-4fa5-9ac5-71e7e0b01f99,Primary Tumor,RNA-Seq
5a914a12-58c0-4939-a1c2-f071221be3f7,TCGA-22-4594-01A,27e53228-979b-43d6-b1cf-992a52b5f0d6,Primary Tumor,RNA-Seq
9053a175-9a75-4221-88bd-f00beb5c63b1,TCGA-34-8455-01A,3ca60c35-4946-421d-b81f-9e49cbc243de,Primary Tumor,RNA-Seq
a157626f-f7f3-407f-827b-7ebd1234674b,TCGA-77-A5FZ-01A,5125a40a-e681-4a80-ab00-418889917785,Primary Tumor,RNA-Seq
731747d6-f04d-410b-b4ca-71eb8315ce0f,TCGA-34-7107-01A,36796228-18e1-4fb7-b1bb-e5ecb8661517,Primary Tumor,RNA-Seq
99c8ba61-028d-4e62-a5df-f0f1a402ecf0,TCGA-66-2786-01A,290bbfa2-1028-46a3-b8a4-ca7848590bbf,Primary Tumor,RNA-Seq
9e3df514-c8b8-45e4-bbd4-9a8c9efcd04f,TCGA-6A-AB49-01A,a231a29e-bac8-42db-b628-5ec1247cb388,Primary Tumor,RNA-Seq
8fa670b4-49d3-4c28-b88b-4187ae708034,TCGA-96-7544-01A,69cfb7ce-0b44-4ea2-8fbd-c94eba042589,Primary Tumor,RNA-Seq
b0589f9d-47e6-4d47-b0d2-4db3772a8b42,TCGA-85-A4QQ-01A,1c022b91-9ac5-41a4-9787-d347d26408bd,Primary Tumor,RNA-Seq
24e1699b-96e9-4034-8e35-8518cb7389ca,TCGA-O2-A52V-01A,ffc0798d-602c-495a-aa23-6a5c021ae197,Primary Tumor,RNA-Seq
8b924286-277d-4ed4-9cdf-681b8955609f,TCGA-18-3419-01A,a3a422fe-6369-4a40-bb43-a9adfcf90c42,Primary Tumor,RNA-Seq
b7dab949-d95d-45af-8b7a-4c00c51dd50e,TCGA-77-A5GB-01B,3146c009-a976-4189-8471-a3161950fffe,Primary Tumor,RNA-Seq
ccabe83a-c91b-4049-9cfe-c7d15ac59994,TCGA-43-3394-11A,2eec798f-3161-403e-937f-b340a6a3c865,Solid Tissue Normal,RNA-Seq
4088c0aa-55b9-445b-920a-86048d366736,TCGA-66-2789-01A,a633a5ca-c207-45be-8903-93527de31c22,Primary Tumor,RNA-Seq
c0735558-785b-41c9-949c-dfcf2a7fea4e,TCGA-18-5592-01A,a6ca2f89-d997-496d-9e2f-996abda1d896,Primary Tumor,RNA-Seq
a9d2e4bf-6808-4b23-b24c-3641bccb57c3,TCGA-37-4129-01A,6e9194ff-28f7-4b8c-8250-cf6a6916ebd9,Primary Tumor,RNA-Seq
75ebf4bc-d565-4bd5-aac6-4723e1f2e9b1,TCGA-85-8288-01A,134694a5-14a6-4016-9230-deca5f6548b5,Primary Tumor,RNA-Seq
f4e67a13-3ac1-480f-b1b3-ebcad25042cb,TCGA-60-2722-01A,060717ad-f034-46fa-8e9b-94a9422e4666,Primary Tumor,RNA-Seq
7a141fa4-279b-45c3-8677-acd733e0224e,TCGA-52-7809-01A,de730557-b83a-4b0a-8570-b196c1be4090,Primary Tumor,RNA-Seq
b23df123-9983-49ca-9232-c40a25f68807,TCGA-66-2769-01A,7ef81bc0-c33b-463f-92c2-1786cbbebc33,Primary Tumor,RNA-Seq
08e22f1a-b309-42c1-a410-ce6368d247a3,TCGA-56-8307-01A,b05a6a36-3d53-4be5-904a-67266fdfa96e,Primary Tumor,RNA-Seq
f7afd51a-a689-4130-9446-1f914e39e279,TCGA-66-2777-01A,13dfbc40-36bc-4662-9d55-74485c3d3088,Primary Tumor,RNA-Seq
8fd43395-24b5-4db4-b7b0-b914ea3d7fe5,TCGA-66-2770-01A,1d014bf1-95ae-42e3-ae39-97ff4841d8ca,Primary Tumor,RNA-Seq
64b136b9-be55-401b-abdf-fb5bba5c454c,TCGA-22-4596-01A,404b0c1c-759f-4179-85a1-e62fad309942,Primary Tumor,RNA-Seq
89e9e257-2e3b-4353-a25e-75242e29044d,TCGA-63-A5MY-01A,b180fdf0-935d-406a-9ec3-0d839d74d322,Primary Tumor,RNA-Seq
979e1e52-893d-4bf4-b514-93b8427f2154,TCGA-63-A5MB-01A,635a73e9-d507-45ae-a533-deff382643c1,Primary Tumor,RNA-Seq
1accabb8-2444-403f-9de6-3e4d8cd365c4,TCGA-NC-A5HG-01A,5fb3a5a3-0cbf-4141-8870-bc0f7a843708,Primary Tumor,RNA-Seq
0195bcd2-6248-4aac-909f-49875435ee77,TCGA-77-7465-01A,a2bd3774-b4b4-4419-83a4-d935c285419c,Primary Tumor,RNA-Seq
a64374bd-a85a-485a-9421-dfa9bf7c85e7,TCGA-66-2765-01A,0748861e-1332-4a53-b714-aaaa467951e6,Primary Tumor,RNA-Seq
c0d5ddb3-4732-4c47-810b-3b68ab147a49,TCGA-37-A5EL-01A,3428ee68-83f2-4f48-8192-45f7e9e79b1d,Primary Tumor,RNA-Seq
96ce4530-6b79-4304-95ff-6135a3f62f91,TCGA-NC-A5HR-01A,f77b3753-7b14-469a-abc2-8c544576f709,Primary Tumor,RNA-Seq
7ed2a3f7-408b-4a18-bcc4-27a6d40aa813,TCGA-56-7582-01A,1220e8b3-e16e-454e-bc49-60f49f9fe090,Primary Tumor,RNA-Seq
bceb16d8-da01-4b2d-beca-8a1b7bb2a444,TCGA-43-A56U-01A,7535d9d1-f49b-4579-aae5-5e84b0279d73,Primary Tumor,RNA-Seq
aba02272-20fc-4f4b-9218-5360748eaccc,TCGA-58-8391-01A,32a90a21-f9e2-4bca-b540-e4f517e26ac3,Primary Tumor,RNA-Seq
9178d360-5da4-46f3-b7ea-23403355600c,TCGA-18-3408-01A,eeffadf9-2ccb-4937-ae1e-1d50aba41c4d,Primary Tumor,RNA-Seq
2f70cac4-847f-4ed7-b4d4-e12584855c44,TCGA-39-5037-01A,2b482b5d-5672-4035-b2dd-47311ed936b9,Primary Tumor,RNA-Seq
6f10ee8c-67fb-40fb-a7b4-e55aa7cf04e6,TCGA-22-1002-01A,05466eb7-be72-4759-94fe-d9b4940270ca,Primary Tumor,RNA-Seq
2e61c31a-5a4d-4635-ae9a-b095bb92dfc1,TCGA-92-8065-01A,9d09c013-2149-4d02-b479-1bb537fcf826,Primary Tumor,RNA-Seq
2f76db6c-ba6a-491b-bbba-ef191472fac2,TCGA-56-8083-01A,32005f7d-c6d4-400c-b2cf-573beb0b9f7f,Primary Tumor,RNA-Seq
f7ae682b-a6b1-4fee-92f0-a2172d164015,TCGA-77-A5G6-01A,5fe06316-fd7f-44e4-a0b0-031f1fa6cb69,Primary Tumor,RNA-Seq
0ed78211-caf1-455b-b487-4e496a579d16,TCGA-22-A5C4-01A,11d60aed-2522-4fe0-be29-78955dc687ef,Primary Tumor,RNA-Seq
ef864ec5-9f3b-4650-acdc-b228ab4ce4b3,TCGA-34-5232-01A,2ffbc6b0-c56b-474f-add4-747caa6de728,Primary Tumor,RNA-Seq
f152a199-55af-44f1-b5e8-ab04f68c6c64,TCGA-77-A5G1-01A,0adb7c98-7ab2-4d6a-94f8-7d0a166ef1c0,Primary Tumor,RNA-Seq
d23498fe-0d83-4217-b119-ed7d8b28892e,TCGA-77-7338-01A,7112878a-c8ab-454e-b87b-de81ef35123c,Primary Tumor,RNA-Seq
ce1d605f-9149-467b-8607-6d4a1801d068,TCGA-66-2773-01A,a29977a3-cedd-4861-a566-d4e942002ade,Primary Tumor,RNA-Seq
286562f6-5f15-42d0-ac04-bfa229529e0e,TCGA-LA-A7SW-01A,cc24caab-19a1-476f-8e71-d8751e7d411a,Primary Tumor,RNA-Seq
68632db8-0859-440c-a6d2-542247364fc5,TCGA-85-7843-01A,2cea84bf-5fa9-49d0-97a4-22d31fc4bf41,Primary Tumor,RNA-Seq
db9a1a6f-526e-4a30-8aca-7d2d45779419,TCGA-O2-A52N-01A,d683c205-66e8-4be0-a849-14083a585e7d,Primary Tumor,RNA-Seq
d601e407-b227-4315-99fc-c495e914a8ac,TCGA-22-4604-01A,ceb7629b-71ae-458a-b6a2-5e34cafcc41a,Primary Tumor,RNA-Seq
de98bab3-349e-41ec-ae5a-79ae2d97b9e9,TCGA-96-A4JL-01A,31d65a90-ec60-48bb-b2e3-506327223f03,Primary Tumor,RNA-Seq
4691b6bc-179e-464f-a086-010499453996,TCGA-21-1082-01A,f091c76e-5d01-4f4b-8f6f-463c9f302930,Primary Tumor,RNA-Seq
1e72b0d8-3bd3-4c78-bf86-87c27339fd69,TCGA-33-4582-01A,43a62dbd-5e29-4ba5-a91e-5033f01f118f,Primary Tumor,RNA-Seq
06911ff7-45c8-4e63-99a6-9f6e40ecf92e,TCGA-52-7811-01A,4c0d91b4-0db2-4834-aea6-c8437fe5ba3d,Primary Tumor,RNA-Seq
0982bc75-ec89-4b82-9ff9-73be85e43cb9,TCGA-66-2792-01A,c5032c5f-4386-4aae-b986-480e4c7855db,Primary Tumor,RNA-Seq
f8e22409-74fb-43b1-bd94-b6a4ed5a3683,TCGA-60-2709-11A,37a36c00-ab6b-41eb-90e3-a059c183c72c,Solid Tissue Normal,RNA-Seq
728d279f-3a21-49d9-8cb7-74faa04d583d,TCGA-43-6647-01A,12452c88-c886-4449-84cd-04d44b29d704,Primary Tumor,RNA-Seq
97fe29a5-78cf-4a69-91bb-6201bf937390,TCGA-G4-6294-01A,4f4d9529-09e0-4a0d-8a9f-0060b643444d,Primary Tumor,RNA-Seq
79ba4256-9439-4065-88d8-9fb4fa060142,TCGA-A6-2682-11A,668f20bb-26e0-4064-a5e4-4a7385f6863d,Solid Tissue Normal,RNA-Seq
be593630-2bc0-4ba5-828e-6d10ffd9cbf7,TCGA-AA-3516-11A,1acba753-2af3-4ce5-accb-5b94b8d3ee1f,Solid Tissue Normal,RNA-Seq
e9fcd64e-da23-4b00-9423-376a6aab6af4,TCGA-AA-3662-11A,ea88380e-ed58-4a4e-bf86-c81af19b4594,Solid Tissue Normal,RNA-Seq
c75a9bb6-1b0a-4a37-9a12-7561846a9442,TCGA-A6-6649-01A,cb16e564-e613-4f02-9f74-e807a51dd512,Primary Tumor,RNA-Seq
4c6b05bd-54ba-48a3-9beb-45d4c30fd5b5,TCGA-AD-6895-01A,72930683-b2dc-4cd8-8a0b-0cf57c77b1a9,Primary Tumor,RNA-Seq
7b4f7acc-83f7-4a7f-9647-a187e8ab458c,TCGA-DM-A285-01A,1f10d305-91ee-4008-af7b-a242f4353ec0,Primary Tumor,RNA-Seq
2682e56b-c3ab-4ab0-8f49-c396e1b9fdb5,TCGA-AA-3496-11A,ca5bc217-abb6-4b03-b53b-59708fa888a6,Solid Tissue Normal,RNA-Seq
788adca0-1a65-4c33-80b0-ac1f937dd2e4,TCGA-A6-4105-01A,08c83da9-c037-464b-a68a-9df6e89ed861,Primary Tumor,RNA-Seq
f2bd671a-1f17-4613-80cc-23bfb7a1194c,TCGA-AD-6964-01A,4d16e41a-b100-4080-a759-1f62e54c1c91,Primary Tumor,RNA-Seq
c525d81a-9d80-453f-a8c0-f4463be2c954,TCGA-AA-3697-11A,2121d215-5078-4273-8eb2-29273f90a361,Solid Tissue Normal,RNA-Seq
74250892-b1e5-4e33-b2c2-20ef9c83a100,TCGA-AZ-6601-01A,dc23bafb-2cfb-4c1b-9e66-b9cab22ae855,Primary Tumor,RNA-Seq
c3cf2058-12b5-4e55-b163-c33e12751a10,TCGA-G4-6628-01A,df310e3e-d633-4f03-af1c-861e453e22cc,Primary Tumor,RNA-Seq
b2cf7316-6486-4013-8c97-ea50253b1cfb,TCGA-AA-3713-11A,8db16195-8f0e-4343-a250-b59fa7ec562f,Solid Tissue Normal,RNA-Seq
7c182cfc-56ce-4190-b1d7-67f14b99eeaa,TCGA-CA-5255-01A,5747e3d1-3c16-4c85-be2e-bfab9584d61b,Primary Tumor,RNA-Seq
5b52fc38-4db9-4675-9d2f-bda51f7573a9,TCGA-A6-6781-01A,f1b2ca40-f20a-42de-aba2-4f730d7ccc09,Primary Tumor,RNA-Seq
6475b7b8-417d-4a05-91e9-c71743fa7adb,TCGA-A6-6781-01B,c3ca213a-1389-4e6b-8fbf-63479be7402a,Primary Tumor,RNA-Seq
81e61bf2-33f0-4eb3-ba82-a7bacd7b726f,TCGA-AA-A02K-01A,685df015-1b7b-4993-bf05-e3206619dfba,Primary Tumor,RNA-Seq
1108cbdd-6486-4c01-aca2-47b85898ad1f,TCGA-NH-A5IV-01A,cd591147-3d00-4f87-bd90-53dd9ff830f7,Primary Tumor,RNA-Seq
1347b5f3-613c-42f2-919b-1daa63d139d5,TCGA-AZ-4616-01A,f1f8ef32-d706-4ac1-929b-f678491f2fd8,Primary Tumor,RNA-Seq
6e3a9282-5e09-4449-975a-b257b31da599,TCGA-AA-3712-01A,a34342d8-c1b5-4043-aaad-23d2c63a5241,Primary Tumor,RNA-Seq
7f9e682d-be5b-43fb-a0a3-91b3eff63142,TCGA-A6-6781-01A,f1b2ca40-f20a-42de-aba2-4f730d7ccc09,Primary Tumor,RNA-Seq
78345440-c916-4da5-84a1-cdb4d50cc299,TCGA-AZ-6603-01A,5321bcc9-a2a0-4671-875a-b1153ff47e13,Primary Tumor,RNA-Seq
0adc2e76-0f52-4ef0-9479-81708beb30be,TCGA-A6-2679-11A,eb51613d-7d22-4c07-9a79-692927ed92e0,Solid Tissue Normal,RNA-Seq
346cd92e-a44f-40d8-9917-b0dce7033870,TCGA-A6-5667-01A,74e9942c-3adb-47d1-bd92-f97095865ee1,Primary Tumor,RNA-Seq
1db558aa-152c-4249-a23d-66d9311f3ea0,TCGA-D5-6541-01A,46f8f339-748f-4fcd-aeee-6ead28bc5010,Primary Tumor,RNA-Seq
aa52e14d-7483-42eb-96e6-346ff5263cf1,TCGA-CA-5797-01A,de3d658f-5dd9-4f16-9282-e02162ee486c,Primary Tumor,RNA-Seq
034418fc-ee4a-4560-b42c-684a1a68a364,TCGA-CM-6172-01A,96ca99ae-ae8d-4325-a9b6-4c32d6cbe52c,Primary Tumor,RNA-Seq
2ec5ba7c-d783-4e99-8ff7-e44554099bed,TCGA-A6-6650-01A,9b637a29-ee08-4ab2-8160-7584c170f87b,Primary Tumor,RNA-Seq
d4537287-4caf-4a81-aab2-5d8143e76c29,TCGA-CM-6679-01A,5b04ee05-9488-4141-9178-fb0a101492bd,Primary Tumor,RNA-Seq
6f9c9875-9fab-4b7d-82a5-ed1d4efd5a97,TCGA-G4-6302-01A,7b8ece19-62ea-47d9-8541-06e232b4fc51,Primary Tumor,RNA-Seq
cfee23e0-1a48-4b2b-9a17-7b83d553daf8,TCGA-AZ-6605-11A,24c87fc0-4c58-4a70-8ba2-3fcfa2d00c77,Solid Tissue Normal,RNA-Seq
d1f8fb18-35b4-4a8f-b0dd-81c926c3b750,TCGA-4N-A93T-01A,7904523e-e859-47b9-8ba0-c1a1363afa0c,Primary Tumor,RNA-Seq
9101eabf-2060-4881-95a3-105a4758d4d3,TCGA-A6-3809-01A,2b12e104-94f6-4945-a50f-d00ef9514748,Primary Tumor,RNA-Seq
3d413a9e-7c37-4cd1-a977-ef2c9f45ad1b,TCGA-DM-A1D4-01A,49075fad-2d3b-4732-8d6f-7c61cbb76372,Primary Tumor,RNA-Seq
af032832-ddac-4fa1-a180-cbe10c1dfda3,TCGA-A6-6780-01A,a8635b10-cbf2-461b-b459-e82e2aec4589,Primary Tumor,RNA-Seq
9395cdb7-fa7d-499b-b33e-b7d2a56ae157,TCGA-AA-A02Y-01A,8537633b-6426-4b66-a2a3-fa942eedf01b,Primary Tumor,RNA-Seq
3ff11569-200d-4d36-b83e-4b278f232b29,TCGA-CM-5861-01A,e4ebbf6d-9374-4d8d-90a8-75cc4c7baeda,Primary Tumor,RNA-Seq
1685dbda-2bf8-4020-9686-f3c004857707,TCGA-F4-6459-01A,df80b5ed-3ce8-4b06-978e-f972f659d206,Primary Tumor,RNA-Seq
0fed6193-11fe-493d-a61f-9185c3559685,TCGA-5M-AATA-01A,41811365-ecd2-4729-be59-d734763a9892,Primary Tumor,RNA-Seq
0e9d2f98-2737-41cd-aedf-1124283aba26,TCGA-CK-6746-01A,559a6934-457d-44c7-a418-dff196995fcf,Primary Tumor,RNA-Seq
5c6475e3-594f-4eea-b729-86d2b9abf538,TCGA-AA-3489-01A,52b17bb5-0476-4d64-9865-c01309b58144,Primary Tumor,RNA-Seq
59c4f431-48ac-458c-91a9-110a2dae1b1b,TCGA-AA-3489-11A,ea584d2c-b25d-4c8a-98cc-cb59751a49e8,Solid Tissue Normal,RNA-Seq
974588d0-e1c1-4a93-8429-3f20f2ed57dc,TCGA-D5-5537-01A,4e0e61b3-003a-482d-8749-a7b33be4a4c8,Primary Tumor,RNA-Seq
e06ece50-6c3c-4aa1-9ddc-86fbe18656a1,TCGA-A6-6142-01A,abff22c2-1021-4d1f-872e-2380a375f98f,Primary Tumor,RNA-Seq
38fa2f23-a385-405e-b3de-0f5ce0fbda00,TCGA-D5-6924-01A,7da8a1f1-5a85-4bdf-a9c4-6fe98bce5923,Primary Tumor,RNA-Seq
637930b8-d47b-44fa-83b1-ea47c6cd6e20,TCGA-F4-6569-01A,bbb4b282-5414-4929-a9f6-08b733d14fa7,Primary Tumor,RNA-Seq
42da213e-7fd4-46ad-a9ba-956bd03c3441,TCGA-F4-6463-01A,0e53a06b-feae-46ab-9b7d-f1aeb31b499b,Primary Tumor,RNA-Seq
b5537bd0-4310-4046-af96-720fa46cc9a1,TCGA-D5-7000-01A,1dc340a0-b8d0-47b3-b87b-d5546e6ee77e,Primary Tumor,RNA-Seq
b1b12108-1c40-4b18-85d9-11c615833847,TCGA-AA-3534-11A,b3f9b9ae-1dda-4e22-81b5-b2cbd6369e38,Solid Tissue Normal,RNA-Seq
edbd7abe-9c0d-46c5-b4a1-6e4b13a9ff20,TCGA-G4-6295-01A,ec60d3a7-14ff-4171-9d46-a2b6f898c5f1,Primary Tumor,RNA-Seq
8066b2fd-f2db-44ff-a3ee-2ccc687ac36b,TCGA-DM-A282-01A,ce97b1c6-7a17-4cd3-888d-b55e4e585459,Primary Tumor,RNA-Seq
4f300f2c-53ef-4477-8866-1719f24827df,TCGA-F4-6805-01A,6a3170a2-0064-44eb-a247-4712d6a85c9b,Primary Tumor,RNA-Seq
9a4f1356-a568-4bb2-b640-0b61aa08cb2e,TCGA-A6-5657-01A,05711fa9-46f4-43fd-a293-4969790f1004,Primary Tumor,RNA-Seq
a8ba40f3-0de2-4227-a2de-fdbc222b9a57,TCGA-CM-6165-01A,0d1b5f70-169a-415f-93f3-efe0ccc0e4c7,Primary Tumor,RNA-Seq
ac7631fc-3403-4768-9e27-2dbee25e6b06,TCGA-A6-5656-01A,b85efaf6-8cb4-4929-b29e-4655c107f61a,Primary Tumor,RNA-Seq
0703abbf-0dcf-4f36-a3e0-f74b88b8c71b,TCGA-AY-6197-01A,066aaaaf-f945-4b04-9db5-d556f0c2bc08,Primary Tumor,RNA-Seq
1263f730-6ba5-485c-afda-7be1465d3a04,TCGA-A6-5656-01B,0230996e-7ee3-4360-a790-fb420d0b60ba,Primary Tumor,RNA-Seq
5dd59627-4952-48ae-a31e-ca57356c60b1,TCGA-DM-A28C-01A,a3674348-7d0c-4d1a-b825-a335f79a4b79,Primary Tumor,RNA-Seq
94e8aa5c-0c7d-4763-aa27-eb081b5239f7,TCGA-AZ-6608-01A,f6ce2f9b-b631-47e7-a32b-eaeaed4cf008,Primary Tumor,RNA-Seq
8177be59-5f32-40d8-b7b4-de32af0e3141,TCGA-G4-6310-01A,a0322f55-0853-4b63-9788-4e750557bb58,Primary Tumor,RNA-Seq
aef69557-825e-474e-8ee3-2227e0160979,TCGA-CK-5912-01A,78eecddd-e0d2-4f8a-821a-7e412f92e754,Primary Tumor,RNA-Seq
aa47a4b6-8a36-4e6a-b62f-74a9a23bca7b,TCGA-AA-3496-01A,288c3d74-c236-4985-a01c-e39ccca065da,Primary Tumor,RNA-Seq
0e2c521b-1522-422c-9c94-960765c02240,TCGA-AA-3675-01A,a4ce3727-4506-493b-95f4-2f11ceb09ceb,Primary Tumor,RNA-Seq
1f41925d-d70a-470c-998f-35d6b28ae099,TCGA-G4-6307-01A,801b8d05-2d29-4f8c-8d8d-634b2e21b867,Primary Tumor,RNA-Seq
79e0621c-443d-4f2a-a9b0-d2ecdd5daa48,TCGA-AY-A8YK-01A,5f6cb74f-1d92-4ea4-92e1-ed23f83649fe,Primary Tumor,RNA-Seq
b6281905-7efe-4e36-a34f-bc0ad7ea7af7,TCGA-80-5611-01A,97025733-075c-49a4-a587-ba54a1714207,Primary Tumor,RNA-Seq
55924a0d-de47-4a2b-aedb-ffbc73384fbf,TCGA-56-7221-01A,8469cc34-990a-4b48-90a1-aa38d5023280,Primary Tumor,RNA-Seq
4a2faa8f-4799-48a9-9329-8e8c03d3aa53,TCGA-21-A5DI-01A,4667d6d5-3119-4431-8407-cc05b629027c,Primary Tumor,RNA-Seq
571f7f80-46df-49c2-b16e-71aab0972939,TCGA-77-8138-01A,41fd7486-6172-4bf3-a4f8-eb9cf7e066db,Primary Tumor,RNA-Seq
6241065a-eb79-4452-82b5-db8045593c6a,TCGA-43-7657-01A,f714cd57-39e0-46bf-a35a-988c574f75a1,Primary Tumor,RNA-Seq
e492a762-37cf-4826-b5e7-dfafa8a39dcc,TCGA-60-2695-01A,d926c859-1348-4dab-ac0e-4e4cde393664,Primary Tumor,RNA-Seq
5f42908b-e68d-4447-bd24-98d34d11c134,TCGA-60-2710-01A,aecf427e-75cf-419a-95d5-47563c9d3e0a,Primary Tumor,RNA-Seq
3ef62a62-928d-43aa-9950-db6e29dff8a0,TCGA-94-7033-01A,b4d0166a-c032-4865-9b1b-d49079d2c1c1,Primary Tumor,RNA-Seq
3fba6cea-a834-4d3f-8965-066122a4432d,TCGA-22-5472-11A,5d7f9648-e83a-41ee-a90c-5ae7c3bfa9be,Solid Tissue Normal,RNA-Seq
628945d4-f18e-48c5-96b7-cf230db34df1,TCGA-22-5472-01A,aad71c1a-585c-45c2-925c-99ceace2e6f9,Primary Tumor,RNA-Seq
0813fc41-ab2d-4687-a395-611d3539bf8c,TCGA-22-5471-11A,b3ed1f7d-5862-4e5c-bf9a-e6cfa43dd279,Solid Tissue Normal,RNA-Seq
481d8628-80dd-4ae1-9794-ba8703cb6389,TCGA-21-1083-01A,300cb22f-acb4-4acd-8d64-fe8dcdf64801,Primary Tumor,RNA-Seq
63a725f3-7cd7-4ef2-8f25-c94cf5e0ae71,TCGA-43-7658-01A,0a58850b-1093-4c52-9211-b2b4949868c7,Primary Tumor,RNA-Seq
4bafe3b0-f99e-44c2-8f3a-100392d41ce7,TCGA-43-7658-11A,94b70d2c-da6d-4054-9bcf-7f9334ba70fe,Solid Tissue Normal,RNA-Seq
26ca8841-ac5a-4355-96dc-7a7348f7f38a,TCGA-J1-A4AH-01A,14b6fce1-2aa8-4b9d-be47-ed0444d365c7,Primary Tumor,RNA-Seq
90e6f968-79e5-44dc-900a-024a1e011689,TCGA-22-1000-01A,1c0b611a-d101-4290-a2d1-38aefdcd3192,Primary Tumor,RNA-Seq
3b24bb89-df4e-4fd8-b726-3ee9e87a69c1,TCGA-94-7943-01A,e447da47-227d-4956-9f46-ad1f81b73eba,Primary Tumor,RNA-Seq
2a2468e1-6d3f-44dd-bbdc-26ddb4bffd78,TCGA-90-6837-11A,0945bee5-8d09-44a3-ac01-8e8064d2b094,Solid Tissue Normal,RNA-Seq
a339a60e-455e-4d3b-a3c9-3afb0da0ccdf,TCGA-39-5039-01A,f45559d0-fa59-42ba-92f8-a4c7a1ca403d,Primary Tumor,RNA-Seq
b8d60a6a-086f-443a-a3e9-6cb159891389,TCGA-56-8308-01A,57a554b7-e96b-440b-97fd-a452d06d3986,Primary Tumor,RNA-Seq
a4a19adc-a0db-4522-adb4-955c7bfd04a4,TCGA-33-4532-01A,8a33687a-d3f7-4a05-bd24-22b1a25bf9cb,Primary Tumor,RNA-Seq
f97ba009-4f74-41e8-a119-27cb804df2fd,TCGA-21-1077-01A,17cc65cf-816c-4656-b2bf-e9889fe4c5e7,Primary Tumor,RNA-Seq
68640101-753f-4250-bae5-c2cf64ba953b,TCGA-56-1622-01A,4083de2f-3ff5-487b-a27b-783d51c4f853,Primary Tumor,RNA-Seq
9d396219-612e-41b7-8981-272d0b61b908,TCGA-34-5928-01A,0109063d-7bc6-4973-8c67-98e48a2a2e4e,Primary Tumor,RNA-Seq
f5bf8c6f-61ba-45ac-ae4d-c8e2a11835bc,TCGA-56-8309-11A,84578d4c-1064-4ffa-8185-a048088b2c2c,Solid Tissue Normal,RNA-Seq
94fc6e17-92a8-4478-bfad-f84a31659e3d,TCGA-66-2756-01A,d80486cd-f054-4527-a886-cf9446381b9f,Primary Tumor,RNA-Seq
184e8867-93a8-400f-b41c-efa0178c2a45,TCGA-43-8118-01A,7d3b0879-08ed-47ea-8ac2-770baafd042d,Primary Tumor,RNA-Seq
19fae936-52fb-40ad-aea0-2ad2b62528cb,TCGA-85-8355-01A,b752d008-e05c-4555-8ba7-19225036e155,Primary Tumor,RNA-Seq
25450b22-6da0-4a9d-b896-0ea4888a64cf,TCGA-37-4130-01A,43feec9f-f985-46a2-943b-8c9a84f7beef,Primary Tumor,RNA-Seq
44f1e3fa-ca10-4737-8d59-06acc41ef584,TCGA-43-3394-01A,d8f165af-1df5-4876-abf8-7596e52a3bc3,Primary Tumor,RNA-Seq
11bb0570-13b5-4ce3-add2-9898c4445b54,TCGA-NK-A7XE-01A,442c64f8-29fb-4026-b505-f5ccd1cb4aec,Primary Tumor,RNA-Seq
455697cd-f4e2-42cd-9db9-4bc20f82f9d3,TCGA-39-5016-01A,d3d6d019-fa30-479d-9298-20f7337827b2,Primary Tumor,RNA-Seq
9a11acd7-f7d5-4c5d-b6ca-085959ee875a,TCGA-58-8387-01A,921246f2-b864-47e2-9bf1-f6a054fb2339,Primary Tumor,RNA-Seq
c5f4c986-c560-43ec-873e-6db122280d68,TCGA-56-A4BW-01A,d0270549-e6d9-4109-aeaf-bd431feccf90,Primary Tumor,RNA-Seq
eb6f3fd7-0b5e-4fca-b2f3-563b866bfca3,TCGA-85-A4CL-01A,c62220c7-44e3-455f-88ab-82a88c736610,Primary Tumor,RNA-Seq
230c9b4f-3a82-4616-94dc-983e9f8509d1,TCGA-22-4613-01A,4e11ad69-d473-4433-822f-276dd3b5ca63,Primary Tumor,RNA-Seq
0fb14137-1f04-42fb-a750-83fa3c7f93e3,TCGA-21-1079-01A,e666a87a-192e-49bf-a69d-3490a9049b02,Primary Tumor,RNA-Seq
930b8884-e37c-41a6-8691-92fb21f5b65d,TCGA-63-A5MN-01A,042c66f1-1757-4947-9484-e9fce32c6236,Primary Tumor,RNA-Seq
2ee687b4-3c75-454c-b8c5-e0c241364a9e,TCGA-33-AASJ-01A,bce7fd43-3213-4679-8ed2-c8ef632b3c6e,Primary Tumor,RNA-Seq
529c2e61-7d31-45e4-bfdb-11c7d3f5434b,TCGA-66-2766-01A,09215e83-edac-472d-b849-9225c532358c,Primary Tumor,RNA-Seq
b6aedd83-9638-47ef-b9bc-89ba63908e31,TCGA-77-8128-01A,a82b92b7-6f46-46a1-b815-6188a65ef285,Primary Tumor,RNA-Seq
9d539ead-edf6-47f6-b4e7-5dbbf872b5e6,TCGA-56-7580-11A,d7878b79-2422-4bec-b13c-9ca26c65965e,Solid Tissue Normal,RNA-Seq
bd5f5a96-5b16-4da6-a8fb-faf27e35b759,TCGA-22-5477-01A,f9d568b1-6951-4eaf-8867-4c86bdaeaa04,Primary Tumor,RNA-Seq
65efbe6a-39fe-4743-8dbb-35d3ddb4c08b,TCGA-37-A5EN-01A,ec73cdb0-efa2-4cc2-9a75-a6fc45dad0ea,Primary Tumor,RNA-Seq
18353650-f927-4343-9977-c7f359ca124a,TCGA-56-A4ZJ-01A,d3279498-aff7-488a-bd58-cfc180185e4a,Primary Tumor,RNA-Seq
0a189a71-9600-4616-b3bd-6df87e926dc5,TCGA-68-8251-01A,4595d7e9-85d8-4eab-9b8e-3dd624dd792c,Primary Tumor,RNA-Seq
7aee407c-8b1a-411d-a784-fba67d3d9b83,TCGA-66-2771-01A,bccca633-bec7-4a55-9bcd-d4a0e598ada1,Primary Tumor,RNA-Seq
bf2fa2da-df4f-453b-9d54-8a31f0dadc06,TCGA-34-5927-01A,f7ffbccc-153e-47a7-8545-d2ff00d19a80,Primary Tumor,RNA-Seq
a20c9719-59fc-48d7-b441-fa72190cc119,TCGA-33-AASI-01A,5fbfe91d-df35-4528-86c0-ccbc1b765de4,Primary Tumor,RNA-Seq
8d4bca73-d804-44d3-9ec3-8e76d08a2267,TCGA-39-5035-01A,5b6bf6e9-12ca-4541-8e67-351740f7cd43,Primary Tumor,RNA-Seq
ef231b2f-4108-4665-97b2-5276d248bc68,TCGA-21-1071-01A,7a6f5405-a196-460c-bbe2-6c75ecaf0da0,Primary Tumor,RNA-Seq
06ce5b16-262c-4991-a9df-711a396cafc7,TCGA-39-5011-01A,080d9a8f-c3cb-4c13-9efc-e3542a2d0e0a,Primary Tumor,RNA-Seq
3c3a07aa-efe6-4958-8c4a-db443c16fadd,TCGA-63-7020-01A,8ad750a0-66cb-4412-9d72-b99a060deffc,Primary Tumor,RNA-Seq
cc036281-6613-4400-8320-6292624ecdba,TCGA-18-3411-01A,f85af662-1de5-42a8-a22d-721a9ad00ce6,Primary Tumor,RNA-Seq
5d0b2c30-f86d-4930-9a02-ea1654b9dc8c,TCGA-63-5131-01A,b37cf4c9-e67c-4653-af68-c4b4c57c8412,Primary Tumor,RNA-Seq
fa8bf810-ee4e-4fe7-b8e5-03ade4d89af8,TCGA-60-2703-01A,3890776f-fdc1-4108-b30f-71bd8190d87f,Primary Tumor,RNA-Seq
5f40696d-915e-460f-a7e2-a449903a304f,TCGA-37-4141-01A,bc1b8610-9e9d-4fbf-9698-82ceca1e935f,Primary Tumor,RNA-Seq
37dcbbac-3c95-43c5-9520-2fa9f5836488,TCGA-85-8580-01A,4002e223-b5cb-4e18-8b66-c71c66040536,Primary Tumor,RNA-Seq
3761cd4a-356f-4fdd-b9dd-075f665f0cd7,TCGA-77-8146-01A,2238442e-a163-4a1a-b21a-221861044e19,Primary Tumor,RNA-Seq
98d481db-3aee-4015-b558-21bcc0c7dfc6,TCGA-94-A5I6-01A,42a100c4-2f25-4c92-bf89-5dc343f90df7,Primary Tumor,RNA-Seq
913f2fec-adb2-4c60-9cfa-2b6939db407c,TCGA-77-6842-01A,c6d0652b-d41a-4706-a5b2-5d86b10fae96,Primary Tumor,RNA-Seq
fef816a1-3278-4af0-b130-a05589f85d4e,TCGA-85-A4CN-01A,34cf39a1-158e-4362-a487-d25c7d98a8cd,Primary Tumor,RNA-Seq
f704602d-6344-4b5c-a4dd-faa52e9d5d97,TCGA-77-8131-01A,e319be6d-cc9c-4699-be3f-d75319929841,Primary Tumor,RNA-Seq
0ce6cc82-9fb9-4525-9531-68f68aeb107d,TCGA-60-2704-01A,d82d97d1-35bb-4fbc-9a54-dba553393f21,Primary Tumor,RNA-Seq
4ddb4370-52f2-4688-9fd4-4a1fd4b54183,TCGA-94-8490-01A,355d59fe-e792-405b-b13a-004a0d234905,Primary Tumor,RNA-Seq
c99fb91d-dd13-48c0-81f8-b81984e359b1,TCGA-NC-A5HL-01A,87f48b57-3bd8-4310-924a-7d9d95b8dd11,Primary Tumor,RNA-Seq
a6393199-9f7d-46cb-b010-be172c7b1eae,TCGA-58-8390-01A,12446e73-a51c-4eca-bbb3-94dfd860b625,Primary Tumor,RNA-Seq
3016a028-4af1-41ac-a4a3-20aa3dd0fdfe,TCGA-34-8456-01A,a6252c4d-ea49-4179-9ac9-f42cdf403862,Primary Tumor,RNA-Seq
08d08105-8bf2-438d-b168-b6616f8cb8ac,TCGA-77-8144-01A,39a3dc9c-488b-4a35-b41c-7e1608e06dc7,Primary Tumor,RNA-Seq
72309fed-e7cf-4974-b2dd-eed55afef8c4,TCGA-85-6560-01A,2fe8863d-85e3-454e-bd2e-01d5a5cd082b,Primary Tumor,RNA-Seq
769ac815-c06b-4b48-8794-796fc464f419,TCGA-60-2716-01A,2d9966fa-f94a-4bb6-bea0-f7fd6cf98b14,Primary Tumor,RNA-Seq
7773836b-1cce-4a4c-84ec-5963a2d2b256,TCGA-85-A50Z-01A,d4558b49-d6cf-4e61-85bf-b36ff992155c,Primary Tumor,RNA-Seq
43c8af4d-2851-4f9e-a421-80d2d5836e0f,TCGA-18-3415-01A,23327c39-2e21-4604-9eba-15884ae356fc,Primary Tumor,RNA-Seq
c7b2b38c-2b0b-41a6-8c83-f4112871a9db,TCGA-66-2793-01A,daa128eb-bf5a-4c2c-a7dc-e6e06b6aeb85,Primary Tumor,RNA-Seq
6346a373-9f3d-4c49-b854-3411a3529af6,TCGA-66-2794-01A,69ef0674-f493-4dfe-84ea-61f28d11ba69,Primary Tumor,RNA-Seq
e381ff18-72da-4d14-8962-164c98130e57,TCGA-77-8156-01A,c27b1eb8-f6c0-4013-864c-6add9d551957,Primary Tumor,RNA-Seq
8597ad0f-cda7-4fcd-ad5f-e6b69cc81364,TCGA-21-5786-01A,e7f4b521-29a2-4f17-8819-f02507db90f2,Primary Tumor,RNA-Seq
76d4a8e8-8aff-4d53-84c0-f0a0a425ef18,TCGA-77-8009-01A,01069064-dc19-4e9b-b96d-c8473ef954ee,Primary Tumor,RNA-Seq
54603148-7084-4b4e-9995-d5e4055998a7,TCGA-90-A4EE-01A,edc608bb-c32b-40ce-80a0-b3062acff722,Primary Tumor,RNA-Seq
69e9773f-8bde-4f56-b69b-f2c0408f0140,TCGA-77-A5GH-01A,c4759489-d095-4cc9-9011-ff53b7107ce7,Primary Tumor,RNA-Seq
c51edcc3-0ead-4544-a1e5-4917bd9a9002,TCGA-66-2778-01A,84546dd9-6fe9-4526-9f7f-d0937f7b2ee3,Primary Tumor,RNA-Seq
10b5c07d-e6f8-491b-9276-751698874878,TCGA-85-7710-01A,6348bf90-0e60-4708-86a2-18206e8173f6,Primary Tumor,RNA-Seq
bbb87a5f-6fdc-41bb-b803-63be0566f6d4,TCGA-18-3414-01A,a3613a4d-7138-4878-9a26-2b377512b70e,Primary Tumor,RNA-Seq
26866fc1-1980-44e4-ad7d-e6237b4d12e1,TCGA-85-7710-11A,9f43a52d-46e7-4d93-8e32-0eb7bb043534,Solid Tissue Normal,RNA-Seq
e9da5958-213d-4789-ab7a-165f49f88070,TCGA-66-2742-01A,a75dde6a-c75d-42c3-a456-dff0f8d3c960,Primary Tumor,RNA-Seq
e10414ff-db88-467e-b98d-f25e30e9c31b,TCGA-43-6773-11A,a2240a6a-e1b5-45dc-b303-e798face8790,Solid Tissue Normal,RNA-Seq
0edee503-ad1b-4c47-b3ca-b062037d8b28,TCGA-22-5483-11A,e6dff509-ec1f-43fb-ad44-c0bccd68c506,Solid Tissue Normal,RNA-Seq
854469a2-8765-4b81-837c-bb9a3850a9dc,TCGA-43-6773-01A,d227591f-c1b2-43f9-b83d-75499119c55c,Primary Tumor,RNA-Seq
0ee58eea-811a-49b4-9774-fa86f29fe434,TCGA-98-7454-01A,33dd4458-c58e-486e-ab73-84f5915770ca,Primary Tumor,RNA-Seq
10dabc73-d867-4856-beef-669d11c02ec0,TCGA-56-8626-01A,bbf7c533-2058-4f01-ba33-35efceac3f1c,Primary Tumor,RNA-Seq
460addea-5a75-4a14-b66f-625fe8fb0960,TCGA-85-A510-01A,c19b4574-788d-4c5f-bb29-2974e41e95c7,Primary Tumor,RNA-Seq
c705ae42-a407-4b5c-933c-b3719c60e2b1,TCGA-56-5897-01A,d2aaf939-ecde-499c-b301-134d1a9dcc5a,Primary Tumor,RNA-Seq
94aec0d3-ad5f-409e-8a6f-faee2e3acb53,TCGA-85-8276-01A,49aaad4b-4af0-40d6-a01e-2a715862d02d,Primary Tumor,RNA-Seq
c08909fc-a368-4089-9f96-851adb5e58a3,TCGA-85-8582-01A,73467f81-2367-42bc-83f7-381fdea85274,Primary Tumor,RNA-Seq
965e870c-6a4d-434c-824f-c6ac37ada312,TCGA-21-1080-01A,686ce291-0b89-4eaf-891d-3b4b5dd7d091,Primary Tumor,RNA-Seq
ee07c8ac-8c94-40f2-9065-170825965230,TCGA-77-8007-01A,3b80a817-1d68-4a68-81f4-f5201339af88,Primary Tumor,RNA-Seq
6ba33533-6591-4560-9077-639ad2a3d68c,TCGA-77-8143-01A,3fbd8dea-de82-42cb-a2d5-f644280f467e,Primary Tumor,RNA-Seq
612c7be3-2f8c-448a-b21e-eea046561afd,TCGA-39-5028-01A,6c166089-b182-4260-8500-99505210f8cb,Primary Tumor,RNA-Seq
fb600527-6836-4eca-872d-b70b6f7de5a1,TCGA-33-6738-01A,d0237729-674e-42ab-8a16-db371630edba,Primary Tumor,RNA-Seq
cfaa10ea-a3e5-44be-8927-875cef9bed69,TCGA-34-2600-01A,b0c827c6-b7ef-420b-9a6f-7e8b79c320cc,Primary Tumor,RNA-Seq
fab73d5f-026b-4c6e-b274-2a60995d5cbd,TCGA-77-7337-11A,98145dc8-4762-4b2b-9301-2ac0c7bf43c7,Solid Tissue Normal,RNA-Seq
b9b1ebe7-270d-4830-bc88-e6bc54702c12,TCGA-66-2795-01A,9dc330bf-acbd-4419-b533-35cf59acec71,Primary Tumor,RNA-Seq
e4c3928f-1cd7-454a-9a8a-fe2254476214,TCGA-NC-A5HE-01A,02fb48a8-5d88-44e8-adcb-19424fb1f63c,Primary Tumor,RNA-Seq
e488fabf-0c3e-4d60-a68d-bc26af2cfcfe,TCGA-56-8622-01A,0739410f-4df9-4771-8140-cd97da4f5769,Primary Tumor,RNA-Seq
071fa725-24c3-455e-b442-88cb29a81d44,TCGA-92-8064-01A,014ad75e-86d2-423f-b9d3-84657d459a28,Primary Tumor,RNA-Seq
cd3867d9-285c-4441-8541-df8620899110,TCGA-66-2783-01A,9d57624f-2b29-4608-85c0-28dab5c473eb,Primary Tumor,RNA-Seq
b525ff4d-c62a-4772-bdea-c2d86580a9b9,TCGA-18-3417-01A,cae87e34-a5df-4441-bee6-3d7011d3fde6,Primary Tumor,RNA-Seq
d099f31d-9667-4cf9-a422-9ec2aadca888,TCGA-46-6026-01A,43ddcc1b-208a-4857-ad5c-4db159871bc8,Primary Tumor,RNA-Seq
3ca9bf91-013c-49eb-9de6-9e326232258a,TCGA-77-7139-01A,48f646fe-03c6-4e7b-acf1-9869e379443e,Primary Tumor,RNA-Seq
cf78a399-ab0c-4c67-a7c5-6f80d2e5add2,TCGA-58-A46N-01A,351199a3-d7e0-447a-b068-1d2df96c6b78,Primary Tumor,RNA-Seq
aad30f25-7421-47d9-b0b1-a9f28f3e2676,TCGA-33-4583-01A,6bde2659-f01a-4c1c-99c2-edbcad232af3,Primary Tumor,RNA-Seq
8f072c0a-16a2-4854-b0b1-c44295c7321b,TCGA-NC-A5HD-01A,a936dcc2-5a7f-4f8e-9b14-109d83031abc,Primary Tumor,RNA-Seq
4feda2ce-1ef0-47c6-9995-d81b50071ccb,TCGA-63-A5M9-01A,22128163-5e4d-449d-bba8-f5d426f24d24,Primary Tumor,RNA-Seq
1da0c4cf-23d4-4f4f-9cd9-9ae377d120ee,TCGA-22-5479-01A,63157691-5ad8-4440-be22-c01a2614c9d0,Primary Tumor,RNA-Seq
c2ccb6a0-7c35-4aa9-9bdd-0d5206decccb,TCGA-77-7141-01A,82d1aff1-8e7c-4703-8dd7-70728bca7784,Primary Tumor,RNA-Seq
629513be-08f3-4818-a436-d964de58b477,TCGA-63-A5MH-01A,60b3aac0-9089-4047-afa5-4577ab50b30d,Primary Tumor,RNA-Seq
9afd33b9-d1ea-4407-80c4-ccefd4090fa1,TCGA-85-8584-01A,bda47d6e-7523-48c0-971e-87275df997a2,Primary Tumor,RNA-Seq
49ea5cbf-9e04-44fd-8783-7b5283d34f48,TCGA-77-8154-01A,0ef0b840-650d-4c36-83d5-bec17e8c3128,Primary Tumor,RNA-Seq
f25d3579-394b-421e-b19d-ebb10e2de68d,TCGA-60-2719-01A,dd32ef9a-246b-47c9-a0e3-60a110e9047c,Primary Tumor,RNA-Seq
27974d53-b1b2-4d93-bed4-ea6fb96bf9e8,TCGA-66-2727-01A,2a343bff-6562-48b8-b84f-402305b5ef3f,Primary Tumor,RNA-Seq
2101dea5-d54b-4404-8be5-6f5641733ffd,TCGA-NK-A5CX-01A,5187de32-062f-4064-babc-3ff24dbebff0,Primary Tumor,RNA-Seq
94bc1188-105e-453f-bed9-1e126eef91ef,TCGA-NC-A5HF-01A,cdfaedf5-1ed3-433d-b2ca-dbc95fd0d75d,Primary Tumor,RNA-Seq
0f6a863a-6853-4954-aa87-83b2fa174149,TCGA-22-4609-11A,894d620e-4c29-4499-94bf-dcb510cd5aca,Solid Tissue Normal,RNA-Seq
a050a626-6839-44b2-a2c8-32f09d89282a,TCGA-22-4609-01A,802397ca-147b-45ae-a055-d0c3592617d2,Primary Tumor,RNA-Seq
ab8fbe6e-26b1-4df7-a6d7-acb950acc408,TCGA-85-8287-01A,adf0d855-dbfc-4ef8-8239-326c4eebffc4,Primary Tumor,RNA-Seq
99379705-4600-4a2a-9bf7-14f1ad928cb8,TCGA-NC-A5HP-01A,e73c853a-a7e0-4221-a39e-78c793f3bfc5,Primary Tumor,RNA-Seq
3e3d1631-f942-4642-87cd-c94789fd35a6,TCGA-21-5784-01A,5b9af04f-0616-42f0-a70d-eba38a22b531,Primary Tumor,RNA-Seq
509db5c9-8194-4fbd-b592-94e137ef2edd,TCGA-NC-A5HQ-01A,b19603a6-b9f7-40ce-b4de-3443cd3be3ad,Primary Tumor,RNA-Seq
752310ea-c5ba-491c-8ac6-d08f335907f8,TCGA-18-4086-01A,05c153b3-1b3d-4332-a2f3-2f19977f2ecf,Primary Tumor,RNA-Seq
e552bc84-45c1-495c-9744-6809f6c5392c,TCGA-85-A4JC-01A,46eeff7b-bd20-4ef0-9627-1c3ea70e1bee,Primary Tumor,RNA-Seq
200d0f48-2b59-4ba7-bba8-cc9e89732a68,TCGA-22-5491-01A,7be5134a-24c9-43cb-a811-3c8aa89afe53,Primary Tumor,RNA-Seq
c6d15faa-675d-4dce-b004-2b2a203f6234,TCGA-22-5491-11A,c069f618-5980-4e2c-8fc8-e496b0a4c5e1,Solid Tissue Normal,RNA-Seq
07d13019-c1a2-4aea-9948-77477101f151,TCGA-60-2707-01A,b02098da-6576-430e-a317-90b22794f164,Primary Tumor,RNA-Seq
a2d7b58c-4bbc-497a-9128-3e90edbed957,TCGA-21-1078-01A,efacac80-9428-4482-9aea-6b57fd172d49,Primary Tumor,RNA-Seq
8f7ec054-3d05-4f01-bbfe-5c735264a74b,TCGA-77-A5GA-01A,3788c2e8-a8d9-41f2-bad4-43e948bd90cd,Primary Tumor,RNA-Seq
37919ec7-fd06-4606-b9bf-b5d2c66daa86,TCGA-33-4533-01A,be768285-0d6d-4149-bd9d-8f95519f817a,Primary Tumor,RNA-Seq
4126c6c7-520f-4715-bae4-5eb31bbf3462,TCGA-43-2578-01A,0279f6b8-a605-4f5f-b4f2-c0506cda07b9,Primary Tumor,RNA-Seq
c4d7dca9-be8d-4545-9d93-4598dca8c51d,TCGA-18-3409-01A,f27ece99-8357-4648-9d1d-5e4127968c5f,Primary Tumor,RNA-Seq
a3bb6d9b-2de6-48ac-b55c-0ecce2a1b68d,TCGA-98-8020-01A,28e8feb6-06e0-4431-bc99-c3e5c1c4efa4,Primary Tumor,RNA-Seq
af5cff50-4493-4e48-b254-a4a9d7f0f2ab,TCGA-60-2696-01A,d79cda1b-1b5d-431a-8256-937d3fca6fac,Primary Tumor,RNA-Seq
234dd3a9-fcd9-4126-98fd-3f5f9b2a2edf,TCGA-51-6867-01A,964f7284-f9b8-4f77-a744-7182685dc6a7,Primary Tumor,RNA-Seq
bd0740c5-52c9-4249-9fc7-bffd307bd60c,TCGA-58-A46K-01A,3ec95e0f-80c6-419b-9bf9-0fce01c6adcd,Primary Tumor,RNA-Seq
49ac6b73-57dc-4d6f-a2f2-9f0d69ac34de,TCGA-56-6546-01A,2665b625-a5ef-4c1a-aa93-c0413bad57bf,Primary Tumor,RNA-Seq
2fb284de-ea6e-44c4-a567-3fd431e4b109,TCGA-63-A5MP-01A,d26f13f5-b997-4068-8ae8-b127314937cc,Primary Tumor,RNA-Seq
1427b000-6820-4407-9cc1-9c2b25b1d608,TCGA-60-2724-01A,048e7eb0-57a4-4eed-a999-4e46d9fef885,Primary Tumor,RNA-Seq
472836df-caef-455f-bf2e-b093e4e5a333,TCGA-56-7582-11A,c002ad87-ed8d-4e67-a067-32ab72739795,Solid Tissue Normal,RNA-Seq
434dc658-13f7-4865-997d-7a80d0c9b287,TCGA-77-A5G3-01A,171e69fb-ce1c-43e9-9f05-d34ebf4da682,Primary Tumor,RNA-Seq
a193d29a-dcb5-4666-90cf-0439a93cd178,TCGA-63-A5MT-01A,2de484bb-06eb-46dc-b738-58f718d9b3c6,Primary Tumor,RNA-Seq
4bf1f6a9-7610-432a-8995-986939b395bf,TCGA-46-3769-01A,ee851ee4-0c49-4839-8c92-9a61c5dc609e,Primary Tumor,RNA-Seq
f73c6efd-af3c-4a4c-91d8-442d3f6d4cc0,TCGA-85-6798-01A,494d7e75-7000-48b0-8cce-78fb1d792a25,Primary Tumor,RNA-Seq
7c3e9252-4f6e-4704-b77b-0e5892fde109,TCGA-90-7767-01A,609d3070-4b64-42ee-b071-42be33df7600,Primary Tumor,RNA-Seq
52e7bb3d-a5d6-454f-980e-8576bedafb83,TCGA-60-2725-01A,5adad639-10dc-4427-8fff-b064bd3d6c72,Primary Tumor,RNA-Seq
2bfef086-d2da-473a-880c-91cb70223285,TCGA-51-4081-01A,5e39b554-238a-4e41-934d-85741069f1c0,Primary Tumor,RNA-Seq
bca07b72-26bf-4ba7-8393-795e3e5d6ff0,TCGA-33-AASL-01A,ff206e85-427c-4ba2-8acb-a1d603e9c02f,Primary Tumor,RNA-Seq
0304730a-c6d8-4e77-8fa2-bb8298d43aa4,TCGA-85-8277-01A,5600cb1a-d0f4-468e-b8d2-e431b77496bf,Primary Tumor,RNA-Seq
e45fb8e2-bbf9-4914-b6b8-2761f0f86235,TCGA-22-4591-01A,b2a531d4-d4dd-4d33-9bc2-5f8ec2351a78,Primary Tumor,RNA-Seq
b01131cc-ce4a-4eda-8877-8d9f37d82840,TCGA-22-5482-11A,3f038ee5-25bc-448e-9ab1-86f50f950edd,Solid Tissue Normal,RNA-Seq
22b21429-2e43-433e-a3eb-4e92728fdd77,TCGA-56-A4ZK-01A,439fb36e-6505-4fdc-9e00-05925d3bb2f6,Primary Tumor,RNA-Seq
c02e2085-4d79-48d2-8f3e-7abdeae61fc1,TCGA-77-6845-01A,f418ffe1-3f43-4155-ad1e-69aa27e5d614,Primary Tumor,RNA-Seq
c45d4eb6-7f03-484b-86ea-7c257030f2cb,TCGA-77-7338-11A,42ceb77a-88b7-46d4-ad6a-8a009a336718,Solid Tissue Normal,RNA-Seq
a931a86e-46a2-4c2d-9977-8d6a19b9500b,TCGA-NC-A5HH-01A,3ac19224-4535-4f04-bb3d-7de9025542c2,Primary Tumor,RNA-Seq
9322bbb4-ff73-4ede-86d3-dce9e57f61f0,TCGA-34-8454-11A,df9a2ffb-769c-4294-9ac1-048a5ce22508,Solid Tissue Normal,RNA-Seq
a46e60ce-044e-445c-b1ec-e5e10b1710fc,TCGA-34-8454-01A,0657e28b-6452-4647-bbea-9323ffa53be2,Primary Tumor,RNA-Seq
e3c512fb-3589-47c0-b209-feb1247ee77c,TCGA-77-A5GF-01A,a007ecae-0f53-4523-a9b3-8865ed7cf614,Primary Tumor,RNA-Seq
81b0d2a7-9d4a-49ab-b11b-d4f42523610e,TCGA-85-7699-01A,cd3a6e68-d967-4adf-b6b8-3066f9edf721,Primary Tumor,RNA-Seq
fd6eb93b-31a2-4e57-9e5f-ef3d4869217e,TCGA-63-7021-01A,d6883cf1-e6df-4303-936a-e569b27e73b7,Primary Tumor,RNA-Seq
97a1f712-4f2c-480a-8a10-257ba6c6b0ba,TCGA-85-8352-01A,0c31eb03-8708-43ad-9c87-42d9c03df876,Primary Tumor,RNA-Seq
b89a86bf-3498-4e14-81a2-67197b1a7eb1,TCGA-98-8021-01A,55aa35ed-f8a5-4db1-b1e1-fa4cff87fdc0,Primary Tumor,RNA-Seq
20938cab-3b62-487c-b015-30817296df1e,TCGA-70-6723-01A,9e642315-76c0-4c15-8cef-2805b1b73dd8,Primary Tumor,RNA-Seq
e04be492-0553-4982-8710-8e7739681f27,TCGA-66-2767-01A,86cb7ccd-7601-4828-93f0-21429d404688,Primary Tumor,RNA-Seq
e0275108-1f0c-4b0d-bb10-03712a0cc733,TCGA-66-2763-01A,a7d715ab-8ecd-4a25-9035-97aeba7a24c0,Primary Tumor,RNA-Seq
a1e6e931-c5cc-4d21-9bb6-7754761289ff,TCGA-O2-A52W-01A,4151623a-5a9f-4636-9c7a-c1a14dfc8145,Primary Tumor,RNA-Seq
3e7421e1-7e9e-4706-a1cd-861303d6dd9b,TCGA-56-8629-01A,5235cfa0-b767-42cd-aa9b-3bd2f0f4fb64,Primary Tumor,RNA-Seq
380886dd-6899-400d-b13c-b4e8dd55802b,TCGA-56-A49D-01A,2036987b-f6fc-476e-a026-e288359aad1b,Primary Tumor,RNA-Seq
524cb34d-8151-43de-a089-7d1bd6ffa6b9,TCGA-58-A46L-01A,bb9354b5-7d3d-4c82-8f9e-d634ed62943d,Primary Tumor,RNA-Seq
c7b625f9-5b26-4c5d-9de0-4b12e922b7aa,TCGA-56-8628-01A,469f6b04-73e9-4259-8fda-ed1c17ef9b19,Primary Tumor,RNA-Seq
a217f622-dc1a-4f1f-a6ab-cc57b94b5f5d,TCGA-92-7341-01A,0288e3e5-b271-4ebf-8e01-ce275430ceda,Primary Tumor,RNA-Seq
efdd3a4f-db56-4442-94e4-5a0c725d326f,TCGA-21-1076-01A,22be9844-4d9e-4372-a46a-b5c64480e5aa,Primary Tumor,RNA-Seq
44449ba4-20cc-4827-978d-84d41d312536,TCGA-22-4607-01A,4bdd3cb5-af16-4ba6-b54f-7fc922952eb8,Primary Tumor,RNA-Seq
7340d712-7a15-4688-9417-d06b63d9b19b,TCGA-94-8035-01A,7e092d80-2597-4251-9211-cacd83e380f7,Primary Tumor,RNA-Seq
ed412222-8ec0-41eb-b86f-2fbaca867fee,TCGA-34-5234-01A,8620b5a0-e9ed-427b-9675-ee8ee798686e,Primary Tumor,RNA-Seq
f18297fa-7fda-4c83-9ed3-8a05d15ef50f,TCGA-34-5236-01A,3393f98c-30f2-48e7-acee-aaac8efe9ee4,Primary Tumor,RNA-Seq
a94a8c8d-f1d8-4afd-91eb-d61bb0ce0fec,TCGA-77-8153-01A,51ef1033-e974-4b03-9d29-0f58366842d0,Primary Tumor,RNA-Seq
9fde826b-3aac-4455-beae-22e4a1f9e7e6,TCGA-56-7222-11A,8d216091-866c-4b2b-aec3-8c2b223cf7be,Solid Tissue Normal,RNA-Seq
332ed74d-0953-4a8c-bdd2-1e570d82fa7d,TCGA-56-7222-01A,f0f4aa30-1bee-42a9-b109-75c60a42da76,Primary Tumor,RNA-Seq
cc24e675-66e5-4915-a72e-8313c88c7781,TCGA-56-7223-01A,096d8008-0b37-48c2-a938-a7864cbfb66c,Primary Tumor,RNA-Seq
11f6c0e1-d6bc-486e-b27d-7b78a8b45b64,TCGA-33-4586-01A,a41992a4-d0f9-4d5b-8d05-0e3025d9c8ff,Primary Tumor,RNA-Seq
f2a4c8f0-33fd-4df1-9a42-4a693e74ac64,TCGA-77-7142-01A,4f889554-d97b-4bec-bc9f-19f703c57255,Primary Tumor,RNA-Seq
22e1e3b0-21ab-43bc-82fb-5db6cd833eff,TCGA-22-5480-01A,490b0c15-ec7e-44ba-8522-08b467c34876,Primary Tumor,RNA-Seq
2fe7e8f2-584b-4e0d-8c89-4a549370c4ec,TCGA-39-5036-01A,ed8042d0-27f6-44bd-8e86-a3a41aa6dc36,Primary Tumor,RNA-Seq
cf76bed7-dfaf-4405-bc0b-6c3eaa15103b,TCGA-NC-A5HO-01A,444eb0cf-bff3-4925-b4b5-ab3f8a213b6b,Primary Tumor,RNA-Seq
128c5aa9-0c42-4d4b-a573-548d729d10bc,TCGA-77-8008-11A,18752bfa-d7f0-4116-9a6e-0ca1b9716990,Solid Tissue Normal,RNA-Seq
122b5dc4-c0cf-40e2-af69-df8682915d6e,TCGA-33-4547-01A,0d7c693e-b6f6-4ee0-8f13-d1ce1033bfae,Primary Tumor,RNA-Seq
ece295dc-c674-4582-931b-58bf3a1f875f,TCGA-66-2754-01A,308abb87-046a-42a1-983d-984ee83a8d87,Primary Tumor,RNA-Seq
487851c4-fab6-4b4f-84e6-f93739bd7814,TCGA-21-1072-01A,245ba0b0-c164-4d2e-8539-d23afb47d371,Primary Tumor,RNA-Seq
8a5586f2-8aa6-47e7-9e70-38eadec9aa80,TCGA-85-A4PA-01A,3c2d9c0e-c1e0-4373-ad24-0018f85dcfb8,Primary Tumor,RNA-Seq
f1ed89b9-e32b-4f7c-a09a-930149a41b48,TCGA-46-3767-01A,c4789d6b-15be-43b5-8b21-e57048a5d42a,Primary Tumor,RNA-Seq
4496c3f0-f319-45c1-8ad5-9041861d7961,TCGA-58-8392-01A,f00e664d-4418-4c3e-b904-abe0d0c91617,Primary Tumor,RNA-Seq
db664f4c-d7dc-46bf-9e25-722f8df89aeb,TCGA-85-8070-01A,4b700f22-f0d2-49f9-b5c7-b15fdbd6b1f6,Primary Tumor,RNA-Seq
912bc336-7345-4b30-900d-1463600b827c,TCGA-77-8140-01A,0ed07726-db2f-4751-a47c-adfaedfc6fd9,Primary Tumor,RNA-Seq
87669da9-6f87-4ebe-9c76-8ff195769724,TCGA-85-A50M-01A,660d639d-cc7c-4fe6-897a-6c06cc3e5bec,Primary Tumor,RNA-Seq
993504e0-9b7d-4233-a5c0-9f6c82e2514d,TCGA-33-4587-11A,a4047782-532b-4f1a-bcdc-6a140cfa0f7f,Solid Tissue Normal,RNA-Seq
4001cf0f-dbe1-4cc1-9df8-4d926464da69,TCGA-22-1012-01A,eb9cc301-c323-47e4-97bf-b2605b599d3e,Primary Tumor,RNA-Seq
affa9131-da23-4d0b-9167-03ff4d9702a8,TCGA-60-2709-01A,a30c673c-9a0b-462a-824d-8b4db17d4498,Primary Tumor,RNA-Seq
0c0701fc-6a30-433b-bcef-4d59cb0a19a1,TCGA-63-A5MU-01A,122d2045-4c09-47da-90e8-6ee5d081ea12,Primary Tumor,RNA-Seq
df9d3f54-5355-4622-98e6-289221c318e6,TCGA-77-A5G8-01B,a61a512c-17a8-488a-890a-46a015221618,Primary Tumor,RNA-Seq
dc8664ce-b753-491d-8cbf-105563e1d81b,TCGA-56-A62T-01A,545c9110-4fed-4927-beb0-47cd8bc17b3b,Primary Tumor,RNA-Seq
aa92c755-7e7c-4f60-baef-ed4834316fbb,TCGA-56-7823-01B,0b8cc0dc-76ae-4f0f-aebb-ff6813602e33,Primary Tumor,RNA-Seq
87e338db-e1ca-418c-acc9-a22ec9458dae,TCGA-34-2596-01A,c07c8c94-150b-40a2-8830-5be34dd99554,Primary Tumor,RNA-Seq
7572f7e1-b9bf-4b77-a98b-0288bc131ce7,TCGA-92-7340-01A,d254d457-f42f-42a1-88ff-1e05158c554e,Primary Tumor,RNA-Seq
625c5561-f743-4996-bd70-325f8ffd5898,TCGA-52-7812-01A,75384e41-370e-4972-870c-2845fb4ded2f,Primary Tumor,RNA-Seq
23d70c3c-61c8-4a21-b2c4-16c14b846336,TCGA-39-5030-01A,b365494a-52f7-4925-9bdb-1862a54f5dc7,Primary Tumor,RNA-Seq
a2144f31-044d-43dc-ae08-f155394031b1,TCGA-33-A4WN-01A,391639cb-ebd9-4c07-a0bd-b484baa59e2b,Primary Tumor,RNA-Seq
50f4cc86-56f1-4e1b-9de3-0199f38ec999,TCGA-85-8048-01A,9b513748-bd39-4411-a6e3-e5d6450140a5,Primary Tumor,RNA-Seq
59430063-d0b3-4bb6-83d8-9fd716ececb8,TCGA-66-2782-01A,a375634e-d23e-4b80-b336-39f408730155,Primary Tumor,RNA-Seq
1297796d-04a6-4b32-95a0-8868963b74f7,TCGA-43-6647-11A,b2bd3842-6ca1-4c63-9e71-031af39c3a65,Solid Tissue Normal,RNA-Seq
df8415bd-da93-4e3e-aea5-02f740f1a27a,TCGA-43-8116-01A,a0f77a32-308b-49f5-be76-7e9a6f288e9f,Primary Tumor,RNA-Seq
4326d24e-9dba-4ea5-b3c5-70f257f0101a,TCGA-52-7810-01A,2ea5aecb-000e-45b3-93fc-897705ea38a4,Primary Tumor,RNA-Seq
fee6dbfc-3b49-4e0a-b428-2f9e855a8f79,TCGA-85-8350-01A,0b2ec859-c534-4e10-a142-33518b56092c,Primary Tumor,RNA-Seq
c5204ddd-1430-4412-b88d-10819e426ddb,TCGA-43-6771-11A,3510e568-5fa1-4dd0-bd44-ed4c7363e736,Solid Tissue Normal,RNA-Seq
485482ee-ccef-49e9-b969-4eee52398271,TCGA-98-8022-01A,95933b01-06ca-4f3e-8995-eb2ab01a2c4c,Primary Tumor,RNA-Seq
48fdef58-ea99-45ff-b22d-407720056c48,TCGA-60-2706-01A,ca9bea69-8c9a-4121-a0e6-57e4bb6be565,Primary Tumor,RNA-Seq
2028a963-44a0-45bb-a16f-820b16eb159b,TCGA-21-5787-01A,261a8506-2f74-4beb-97ec-1818fa824db6,Primary Tumor,RNA-Seq
16533c16-2c4a-4d72-b055-85d4dab4344a,TCGA-56-7731-11A,0faa6d13-9653-4037-898c-4162bf2f9c09,Solid Tissue Normal,RNA-Seq
03f7aa86-d33d-4980-9a0e-a3d44752a9cc,TCGA-85-A5B5-01A,7d9667d6-b468-4148-8d99-f8716ba24f1e,Primary Tumor,RNA-Seq
e331e01b-18c5-4b41-af5f-8867145876ef,TCGA-66-2753-01A,67c52982-1cdb-4131-a90d-30d1651784be,Primary Tumor,RNA-Seq
fb09f4e4-010d-4a0c-a3b1-078538751269,TCGA-58-A46J-01A,693167b5-9d2a-4d71-8a3f-c5e695d69867,Primary Tumor,RNA-Seq
acdb0e8a-0a3f-48bb-841e-be1dee98bf58,TCGA-L3-A4E7-01A,843dc876-f4ef-4b7b-9a1e-c3aa9fd08bbf,Primary Tumor,RNA-Seq
0bca80e3-9b9c-4ec2-a5b3-70f3e101c032,TCGA-98-A53A-01A,3e43db1f-f34c-4cfc-a7a0-f161d85c0ac9,Primary Tumor,RNA-Seq
fe545f2d-ce5d-4671-8f5c-105535da8ec1,TCGA-66-2788-01A,610a33d9-5e0e-48af-ac34-d75ba48d917f,Primary Tumor,RNA-Seq
b5cfcd45-2d8e-4191-a7de-2fd09952c4ba,TCGA-NK-A5CT-01A,b5a9254a-5357-4af3-a07d-44e67173a091,Primary Tumor,RNA-Seq
cc5ce2dc-11b5-4dd8-8a2a-743e35ecb9a2,TCGA-60-2713-01A,88a9b60f-89dd-4c2b-b13b-5ef5e10b94ab,Primary Tumor,RNA-Seq
7d5a41e6-216c-4d35-b0f7-b90117b04121,TCGA-37-3789-01A,c4a87ac6-5925-4c2b-aa66-22550d4c1871,Primary Tumor,RNA-Seq
a9bdcd4f-2641-4899-8a0d-d3baeb697cb8,TCGA-37-5819-01A,4850539f-43c5-4170-8ecd-43d449e12ac3,Primary Tumor,RNA-Seq
1dc4ae4d-7534-4a53-bf81-fc9bed83f34b,TCGA-33-4587-01A,c4a96df0-5075-4453-bd73-2cd1b4806d2a,Primary Tumor,RNA-Seq
ea7eb8bd-c48b-4635-bcb7-1700d38f7da6,TCGA-77-8130-01A,eaf3b022-4bec-4374-b12c-2d248fee9b83,Primary Tumor,RNA-Seq
b9451dbf-cf6e-4d5a-a240-e8b3f3ab160a,TCGA-77-8145-01A,03199e02-13f3-473a-b27b-8922b8a82b0a,Primary Tumor,RNA-Seq
2311d157-d912-416d-96eb-63a849d0ee67,TCGA-90-7769-01A,969df4c3-e357-46c8-b47a-77e785564153,Primary Tumor,RNA-Seq
661e7534-d3f0-45b2-a5f4-2cdb079099a2,TCGA-56-7823-11A,7865aa7e-db17-448f-b730-327165b69ccf,Solid Tissue Normal,RNA-Seq
ffa28eab-7c9c-4d8a-a0bf-4b93f503ff90,TCGA-90-A59Q-01A,839444d0-b378-41ad-8e1e-8705bce8e126,Primary Tumor,RNA-Seq
37715871-63e5-4414-9537-0f88c5873f14,TCGA-85-8479-01A,5c454326-14ee-42a9-a736-93388f49ad81,Primary Tumor,RNA-Seq
e95877ab-3224-47ad-b0e6-9c9ee71bc96d,TCGA-92-7340-11A,0050cf50-b69b-4806-966c-129ca63212ed,Solid Tissue Normal,RNA-Seq
7ebd4341-3670-4ce2-84d7-4aadaf4e9763,TCGA-56-8304-01A,e70b2f85-e448-4956-8151-9c5d06dbc2e3,Primary Tumor,RNA-Seq
c46b5f12-95ed-4291-b999-c3d60babad27,TCGA-43-5670-01A,6b829f48-ba74-40d7-b92f-41a2a2b7d136,Primary Tumor,RNA-Seq
bf1f1548-e561-4dfd-9ce5-797ee1ac1a08,TCGA-43-5670-11A,52f75eb2-7156-415c-91f4-2278e976312f,Solid Tissue Normal,RNA-Seq
6abb382d-cb53-45dc-bd31-cb6ec456522a,TCGA-NC-A5HT-01A,34d67358-a2ea-40f9-bb03-cd8dc9eeeb8f,Primary Tumor,RNA-Seq
408bbec6-8825-43d7-9643-251d5e8db792,TCGA-56-7730-01A,7733adf9-cd8e-4f26-8e90-7018d87da533,Primary Tumor,RNA-Seq
d4f49a6b-7f40-44d1-9898-ede1d1eeec71,TCGA-56-7730-11A,bc60f18a-2856-45b7-bd35-707e6fe15e79,Solid Tissue Normal,RNA-Seq
89cf7f03-65a9-499b-bf48-fb1fe9148e16,TCGA-63-A5MV-01A,7cac4663-b026-4cee-84a4-866ee8e1447c,Primary Tumor,RNA-Seq
1a8d55d7-c023-4115-b356-44cc23026679,TCGA-43-3920-01A,bbc07c89-5540-4217-aa56-3608539983c2,Primary Tumor,RNA-Seq
95b5569b-6311-4a80-af2c-948b12bc538b,TCGA-77-A5G7-01B,007e0c6f-8f38-4e7e-a160-270ed8f1ab8c,Primary Tumor,RNA-Seq
45aa52f9-8837-4d64-ad97-4c39d9795b69,TCGA-O2-A52Q-01A,a8d63973-ef76-4edd-b186-a2f68d0fa71f,Primary Tumor,RNA-Seq
44192260-49f0-4c09-9f1f-25dc8d591aa8,TCGA-21-5783-01A,b655d062-4dd8-4b88-aab9-1998499c8f7e,Primary Tumor,RNA-Seq
24ccbacf-7cd4-47ab-8af7-38ddfe52fdca,TCGA-92-8063-01A,03cacf37-c053-4f09-be6f-d9a51e1967a0,Primary Tumor,RNA-Seq
619a13dd-1bdc-4e27-9fce-a30a22ac930f,TCGA-66-2757-01A,7c727433-a8a8-44eb-ac11-dcb5ebd9250c,Primary Tumor,RNA-Seq
ca5b3f27-79f7-49b8-bd4b-b116108a991c,TCGA-85-7698-01A,541ae34d-a747-4dd1-820d-5d1e407bcefe,Primary Tumor,RNA-Seq
0f8ae0b7-d353-43a7-9400-97748b5f504d,TCGA-39-5034-01A,727ad4e6-810b-4a91-aa16-bd89cecf0195,Primary Tumor,RNA-Seq
f9be986d-5a7b-4d04-a734-6c4b9fb95f43,TCGA-22-5483-01A,19715a67-38f2-4183-a857-2290dd06f9a8,Primary Tumor,RNA-Seq
f9489473-59d2-45dc-a58d-e6f9a6e79a20,TCGA-77-8133-01A,26006be0-d6c5-47b7-bb7b-5cb3f78c1ebd,Primary Tumor,RNA-Seq
8f1fc461-7e60-4e8a-9188-38b036a43eb4,TCGA-77-7335-01A,1789441d-1fdf-4f60-9721-9a3f38e2f4cc,Primary Tumor,RNA-Seq
1fb06622-0e51-46f2-98cd-32360a5a09dc,TCGA-77-7335-11A,20046c5b-b7d3-449c-bf76-4e8518f6073e,Solid Tissue Normal,RNA-Seq
3ca31c92-6eab-467c-8187-e73100da7588,TCGA-94-8491-01A,87d486bb-efee-4eeb-a686-6fa764c54d2a,Primary Tumor,RNA-Seq
aa03bcd7-88f6-4f26-84a6-56d81e3a1bf3,TCGA-33-AAS8-01A,68788942-0af1-4c4a-9f7b-d53a13ab7c68,Primary Tumor,RNA-Seq
c6df34cb-6df2-46a7-ae4a-9a3b49fcc61b,TCGA-56-A4BY-01A,e2a3c888-5dd3-4954-97bd-c4cafa5cb25c,Primary Tumor,RNA-Seq
9b324c6e-2e3c-4a49-a639-17de3540db88,TCGA-56-6545-01A,6b5140f1-7e45-4285-a686-d5dd736e54b3,Primary Tumor,RNA-Seq
b7616a49-ed05-4549-9171-4625f892c9e5,TCGA-77-6843-01A,8712518a-fe08-43fd-b497-620ecc0aa0ac,Primary Tumor,RNA-Seq
b73976c0-8aa0-471b-94d5-d01cf4b9596f,TCGA-77-8007-11A,0145082f-de51-4a4f-b353-e10f067ca40b,Solid Tissue Normal,RNA-Seq
e28972d7-a432-4703-ae36-eb8db7aa07bf,TCGA-85-8071-01A,ea556296-ec05-4e4f-b95e-6bf02abb4463,Primary Tumor,RNA-Seq
aa1fd069-b81e-4741-8234-1f31c87410cc,TCGA-85-8351-01A,55e3df5b-60f9-4b50-9d3d-e4463e1a2c5e,Primary Tumor,RNA-Seq
d8782f68-c0de-488c-a4d0-a7a295e4bc42,TCGA-85-A512-01A,2c02e281-d84c-4d1b-a89c-c48439becc39,Primary Tumor,RNA-Seq
4f10e473-ccec-4e22-b6b4-dd7ddf2c13ca,TCGA-66-2781-01A,c7b943ab-3ca3-43d3-9bfc-4c6785964b28,Primary Tumor,RNA-Seq
0518cfac-4d1b-44f3-ab8f-8a1b7a0c449b,TCGA-85-7697-01A,de9f2d7d-31a0-410c-a16a-0caee848ab83,Primary Tumor,RNA-Seq
7fd9c301-868e-4b38-b82f-92e9e2cb2736,TCGA-66-2785-01A,de076495-e2ae-4e2a-a38c-1ec45e552131,Primary Tumor,RNA-Seq
861f433b-d5d2-45b0-b912-9dd2ad00d7f2,TCGA-66-2787-01A,a26f9de7-3ee7-4ed6-928a-ce9dc5734267,Primary Tumor,RNA-Seq
9fcd92e6-d133-4d77-845a-fd6f7c9f3117,TCGA-21-5782-01A,9abf3a20-b34d-429b-9c13-0468dfc20700,Primary Tumor,RNA-Seq
f7951e89-89e5-4686-94ca-9e9020a7a6d7,TCGA-NC-A5HN-01A,c19c0f70-6be3-4370-b643-aaad381bd186,Primary Tumor,RNA-Seq
a9f050af-c30c-4ad5-948c-f260df5e00f0,TCGA-XC-AA0X-01A,76834d81-bec0-4f54-8ffb-563e900efe24,Primary Tumor,RNA-Seq
d395a5fe-2e6b-40da-8319-8adf5ea203ad,TCGA-39-5040-11A,acb1d1c3-e1e7-4d23-a1ca-12d9ad379855,Solid Tissue Normal,RNA-Seq
516126db-192f-4c68-9ff4-3bacaf6f67ce,TCGA-85-8664-01A,1ec1cfe2-8af6-499d-a6d6-a3404d346028,Primary Tumor,RNA-Seq
00499b16-9f2f-414f-8da2-0e40c10acd26,TCGA-63-A5ML-01A,50f8e9f5-2b07-4343-81d5-133d9d5d1de3,Primary Tumor,RNA-Seq
92f81156-29ee-4e8e-8bbb-d63cc3191144,TCGA-58-A46M-01A,c5cf6cde-0db3-40d2-8ac4-2a13484b3442,Primary Tumor,RNA-Seq
52465f56-14a9-4c85-b90d-dcc91d1ddb4e,TCGA-39-5040-01A,f7803904-c356-42b7-9e42-a2cfded2f89c,Primary Tumor,RNA-Seq
3fde073f-1981-4d66-8b7b-9e86927f69c9,TCGA-85-7950-01A,6eb5314c-f2d8-4820-8a05-bf2624f20bdd,Primary Tumor,RNA-Seq
6fc8a7e6-ad86-4828-875c-3056eed785f4,TCGA-22-4599-01A,5de486c6-1569-4f07-97ce-dbbc7889b402,Primary Tumor,RNA-Seq
9fedff83-aa5c-4fc9-ba95-2e67684de5dc,TCGA-21-1075-01A,834d2a5b-3a4a-4ca2-aafc-dea8ba20ef23,Primary Tumor,RNA-Seq
d7c6b6b3-c4f5-4f0a-8058-94824c931b44,TCGA-70-6722-01A,e9838cd6-7761-4ac3-9cd5-534808d320a8,Primary Tumor,RNA-Seq
17419479-0770-4b73-bd59-0d30d86e27c9,TCGA-G4-6298-01A,83b624fe-acc8-4777-b606-e4cacdc11a82,Primary Tumor,RNA-Seq
83d71d09-4aad-4c4e-a6e3-bd24e25f359a,TCGA-A6-2677-01A,aec31f5d-022d-4833-b0ce-a9c5cb1f6650,Primary Tumor,RNA-Seq
e12eb1c8-774c-4fe6-9fbc-464c5f18655d,TCGA-AA-3662-01A,5f925197-6100-4594-9351-99c693981f43,Primary Tumor,RNA-Seq
45e003cc-ff32-4664-9292-81faef50b70b,TCGA-G4-6588-01A,c4543b6b-3b9a-4a7a-8273-36b832eed64b,Primary Tumor,RNA-Seq
4a5f905d-4c12-484b-bdca-53335e1e5f59,TCGA-AA-3697-01A,c8a9e194-fbb4-4cc5-8cda-665540e8acdc,Primary Tumor,RNA-Seq
eee62052-92bd-42cc-a5e6-2786f2eb3d62,TCGA-AA-3511-01A,cabe4e1d-719b-4f82-ae86-df499e022085,Primary Tumor,RNA-Seq
91b1f378-de75-452c-9b91-bf46300ee76b,TCGA-T9-A92H-01A,2dfb4a43-f4e9-4de6-a385-f96e754d982e,Primary Tumor,RNA-Seq
4fe41373-9249-42b8-ac70-d24c58eb9103,TCGA-F4-6703-01A,04dd54d3-e4d1-4c72-860b-20e971609a5a,Primary Tumor,RNA-Seq
e6071831-a209-482a-b8d5-c342b106a22e,TCGA-DM-A28K-01A,e56324ef-8fbe-4a0c-9515-4b2608e2cf02,Primary Tumor,RNA-Seq
cd840611-7a38-4a54-823f-fe2291ce5d5c,TCGA-A6-2680-11A,169cf678-faf2-4090-823f-7052e0f76e47,Solid Tissue Normal,RNA-Seq
4294f50a-3be1-468e-8d22-ce82f079ad02,TCGA-AA-3712-11A,9a47edc3-2e19-4dc3-ab50-2b549807d6c2,Solid Tissue Normal,RNA-Seq
9cffd904-0cd0-4534-a7f6-fecbeeb5a198,TCGA-G4-6627-01A,d9dc4eb1-ca9d-4f1a-8db9-46d3ab600210,Primary Tumor,RNA-Seq
314e74f3-ea9d-4d33-b90d-fec1e1c3baf8,TCGA-HF-7131-01A,6167ebbe-09a4-4134-bbd4-f890a2f1d401,Primary Tumor,RNA-Seq
eacb047d-decf-492b-89c5-514a44510356,TCGA-CD-5813-01A,09e42e33-d2ec-406c-9a42-36d9d2ebd6c6,Primary Tumor,RNA-Seq
cd149ce2-9d8d-41d5-be4c-e0b060e55fe9,TCGA-D7-A6EV-01A,2b60e4c2-28f7-4baf-bdec-28d0189f7b5a,Primary Tumor,RNA-Seq
3bc877d0-2256-4c6f-ae75-f91052db2c7f,TCGA-BR-4361-01A,af2eeead-5fa1-4ac3-bd87-6ebdc56a7b74,Primary Tumor,RNA-Seq
d9eaa46c-45da-43de-9413-b0dfa128907c,TCGA-FP-8211-01A,0b1d5d6f-17b1-4f6c-8276-64a749ee119f,Primary Tumor,RNA-Seq
bb1a764c-55da-4291-940d-b4681c2c8050,TCGA-VQ-A925-01A,2bdd67d9-8166-403c-8ce9-d4265ca78e26,Primary Tumor,RNA-Seq
bfa6ae54-e9c5-4eba-ba1e-9498e5bb2000,TCGA-CG-5730-11A,16225d9e-2074-42ae-91e5-4d0352916465,Solid Tissue Normal,RNA-Seq
6af9d6ce-4ff1-4ab8-a483-a5d7abf16106,TCGA-FP-A4BF-01A,d6de0a14-f492-4169-aa6d-b7bae41833dd,Primary Tumor,RNA-Seq
8a3a6ed0-15ee-47d1-bcec-c5c30ee5f3ea,TCGA-CG-5723-01A,4ccd9ccb-bf50-44eb-aa55-133d8824c433,Primary Tumor,RNA-Seq
290ce329-0224-457c-9c9b-b5aa9382c0b9,TCGA-BR-8591-01A,cffe9c07-395d-479e-b2ac-7cf082b5ce29,Primary Tumor,RNA-Seq
5e5fb1d5-b042-4b59-aeb6-23079811973b,TCGA-BR-A4PF-01A,f47e0e93-fc80-4792-9207-dc603c692321,Primary Tumor,RNA-Seq
0d7dd7ce-ddc9-4d49-993c-ca0dd9793ec5,TCGA-BR-4187-01A,144fb4ed-63bb-4908-b678-6026e09566a3,Primary Tumor,RNA-Seq
528ffe7d-223c-4372-b813-f47f56d59a32,TCGA-HU-A4GC-01A,4b4f0886-7ca6-4dea-b8c4-689162f31c6c,Primary Tumor,RNA-Seq
5c2bcdd5-c07c-4064-923f-db4f769cec44,TCGA-BR-A4J2-01A,8effae86-5582-4675-956b-10885308d35d,Primary Tumor,RNA-Seq
0a0cb1b7-bd1a-4591-88d7-a3ea7d692772,TCGA-HU-A4G8-01A,a168ce8d-e9b4-406f-87e2-2702ce149250,Primary Tumor,RNA-Seq
9a4a42d9-f5a1-49c8-ae85-6265f493835d,TCGA-VQ-A8P5-01A,bcd1f062-f9f7-4f6a-8fa9-df99b7d54f77,Primary Tumor,RNA-Seq
d0952e18-7f05-46ec-a335-ec0269f00827,TCGA-D7-A4YY-01A,ccf13a30-82a8-4f83-910b-38f5e3160181,Primary Tumor,RNA-Seq
e07800a7-907d-41e7-9604-abcf557ba3fd,TCGA-EQ-A4SO-01A,4c54b20b-3411-4d4f-8a0d-a33aeb0f736d,Primary Tumor,RNA-Seq
80ffa14b-637c-418f-a864-23ef851f6c40,TCGA-CD-8528-01A,8248eab9-011a-4c2a-b0e7-2d81ce29b27c,Primary Tumor,RNA-Seq
ed70947c-b0aa-4fe6-bba4-fc8c1bb764d7,TCGA-FP-8631-01A,ca7dfe5e-11a0-441a-9514-69852554217b,Primary Tumor,RNA-Seq
b64dc53f-ae4d-414c-bc27-b4f38f5b9d8e,TCGA-D7-A6EX-01A,dc6728a7-2cfb-4a3c-a540-036dfeef4ab8,Primary Tumor,RNA-Seq
bb0394cc-be47-4c1f-89ba-bfd718f3a4c1,TCGA-HF-7134-01A,54d36795-25c4-4d7a-b5ba-70a4b75fc077,Primary Tumor,RNA-Seq
a9152d8e-55e8-4b73-bcba-efd414d6300b,TCGA-D7-8570-01A,e23e2a9c-5080-4276-8982-9cf078027a48,Primary Tumor,RNA-Seq
9673a04f-24b2-42f6-bfc0-9ed8c70ae1fb,TCGA-CD-A4MH-01A,50b06504-b835-4f19-a9aa-9f04f4ed11be,Primary Tumor,RNA-Seq
43a0f0d3-06ed-4de0-8758-11fd1694faa0,TCGA-RD-A8N0-01A,d74e6f28-5b07-446a-85c1-5d45293a63a7,Primary Tumor,RNA-Seq
a6914c63-4956-45d1-8098-253d5395477a,TCGA-BR-8060-11A,6fc5f87a-8890-4d6d-a271-175b422dbae6,Solid Tissue Normal,RNA-Seq
5d11dff5-36b4-4895-91f1-979243403435,TCGA-BR-7958-01A,e6977bc5-5928-40d2-a443-e778d949fbb3,Primary Tumor,RNA-Seq
c888cc4c-eb3e-477b-9e25-b5c830400255,TCGA-D7-A6EZ-01A,1e7061b7-1369-4ea2-9e07-23be380c3d67,Primary Tumor,RNA-Seq
82dfdcf2-1d62-443c-884d-09cfbe5733cb,TCGA-VQ-A8PC-01A,723d13cb-226d-40c1-b0e4-f06f7e80ad1f,Primary Tumor,RNA-Seq
97c29dd4-d929-4d92-9ace-891df51d1928,TCGA-BR-6452-01A,76144f2f-2498-430d-b33c-f000394c427e,Primary Tumor,RNA-Seq
f988f20e-5d2c-400b-a524-73ad16e9a76a,TCGA-BR-8296-01A,2cf87b12-26b3-454e-88f9-b654f70b883c,Primary Tumor,RNA-Seq
74f00c77-4985-4251-ad2f-be15e8f46b0b,TCGA-BR-7703-01A,1084dbb1-aa80-419f-b661-581776609076,Primary Tumor,RNA-Seq
75a0fd59-765d-4661-84a1-9561a7a3c44e,TCGA-BR-A4CS-01A,c06ab5ba-3a29-433c-8058-6970a3b30a8b,Primary Tumor,RNA-Seq
4398695e-5ae9-4f22-99dd-8a386b5e6034,TCGA-VQ-A91K-01A,c805b425-2907-4fde-9643-9c0119279303,Primary Tumor,RNA-Seq
b5d336a8-0473-4a31-b44b-fe0c24800d54,TCGA-CG-4469-01A,2a3d7538-d377-4d94-bb61-bf77ba56be1b,Primary Tumor,RNA-Seq
b5e1dfda-add4-46f1-a379-2f4b3f3dbd09,TCGA-CG-5734-11A,09d2c310-03cb-4ad8-8285-bb896ec1c1cc,Solid Tissue Normal,RNA-Seq
794bdb01-5a0c-442a-b53f-88208936557e,TCGA-CG-5734-01A,a0237637-3859-47d9-a60e-0af8c6884b4a,Primary Tumor,RNA-Seq
5cc4ae72-3152-4b4a-8d9f-6686010b5ed2,TCGA-BR-8297-01A,3a4b1c75-5258-4770-8b86-786fc6603a38,Primary Tumor,RNA-Seq
b3e5d8df-826d-466a-bddd-e1d2ccfd3607,TCGA-CD-8524-01A,bf8de758-5bbb-48be-81ae-b310a10b71f6,Primary Tumor,RNA-Seq
1073e65c-9ea7-45a6-b9f1-39117617309f,TCGA-VQ-A8PE-01A,16bdeeea-7179-4d3e-9ac0-8f3659c902ba,Primary Tumor,RNA-Seq
417dbb85-96ad-4638-a8d3-902880a8dde7,TCGA-BR-8690-01A,0f7ebffa-d119-45d6-8af1-2048eca173e7,Primary Tumor,RNA-Seq
97e39243-e26b-4c38-bba8-fc5f4301107b,TCGA-D7-6528-01A,df817250-9a2c-42e8-ad90-0d9e13fe37b3,Primary Tumor,RNA-Seq
23fa4c37-4750-4c9d-ac34-a44ad4a4d896,TCGA-FP-A9TM-01A,51b63345-40ec-4165-8138-089053da1385,Primary Tumor,RNA-Seq
e93278ee-fb2b-4b05-9c1a-0c33729a2b88,TCGA-HU-A4HB-01A,3c080fb3-7dc8-4d09-8266-a66cdb576cdf,Primary Tumor,RNA-Seq
cb6fc09c-503c-45ac-b1e6-0b556cdf3c4c,TCGA-HU-A4HB-11A,a6119425-8df8-44d5-a629-1b9eb5e6df49,Solid Tissue Normal,RNA-Seq
2f3b1664-5680-4b75-94e0-322f3ea9f6cf,TCGA-BR-A4J7-01A,0d392b48-fcff-4fce-99ad-b3e5ffcb2c70,Primary Tumor,RNA-Seq
c4521246-3b18-4205-bd21-82c3d05f4a88,TCGA-HU-A4G2-01A,c2c1e3d8-056a-4129-bd1c-40f7b88aeed2,Primary Tumor,RNA-Seq
1c66a745-f76c-47ef-a607-e762e38fc968,TCGA-D7-6520-01A,7c162352-903e-4723-af91-6fdd8e8ead3b,Primary Tumor,RNA-Seq
53432e07-57d2-4157-8be7-237c9685d837,TCGA-VQ-AA6I-01A,be85ea17-f3c8-4dad-9f8a-4627153c3112,Primary Tumor,RNA-Seq
878c631f-3d9f-4287-8c54-6fbbc6961775,TCGA-VQ-A91A-01A,0f2ca9c7-c57f-404c-aaf4-aedcfa9f6ed9,Primary Tumor,RNA-Seq
0ffffc9f-3584-4655-813d-3de29fdb5842,TCGA-D7-6518-01A,b6b986e2-6770-4c59-9d0f-aea3f3ba26e9,Primary Tumor,RNA-Seq
e59ea8a7-0fbb-4ab0-ab04-b1cdaf0629b9,TCGA-HU-A4GY-01A,5e1d51b7-2f85-4bcc-85f6-c9161e3c7a39,Primary Tumor,RNA-Seq
35bed59f-c7e3-45e3-944e-a9e9fcbb455e,TCGA-BR-6566-01A,eeb8703e-5f0a-429d-9a5c-7c5227eb7a01,Primary Tumor,RNA-Seq
1d0ab8f4-f16f-4fc5-aff6-39e215e7f0b3,TCGA-BR-6852-01A,f230ed0b-8d08-4546-9762-923097b4bf02,Primary Tumor,RNA-Seq
8e9afcd1-9554-4bf0-92ed-29ea4f969dc2,TCGA-RD-A8N1-01A,9678d418-487a-4cd9-99dd-26ba1d997bfc,Primary Tumor,RNA-Seq
0a1a511b-19fd-4a80-a18f-645fa4e60692,TCGA-FP-A4BE-01A,e43bb2c6-f44e-4ebf-9378-1f8949f83ae7,Primary Tumor,RNA-Seq
a91d35d1-a5bb-42ca-bf4f-1f3d694ab55b,TCGA-FP-7829-01A,d5912338-57dd-48f8-aacc-6f3e75a946f4,Primary Tumor,RNA-Seq
b175181a-a6a4-4854-b5b0-e33ae7845345,TCGA-VQ-A91X-01A,288b0130-6744-495e-bd99-da6f6b5f6953,Primary Tumor,RNA-Seq
b412859b-5a0f-442c-b2c4-1e5ba63f4001,TCGA-D7-8578-01A,ac6d7368-33a5-47a5-897e-9ccbceadcf29,Primary Tumor,RNA-Seq
6ddd7f61-71af-4bc4-9b19-cca6e63358a9,TCGA-VQ-A8PO-01A,d64989d3-82a4-4bf9-a79e-2d73ccd76c22,Primary Tumor,RNA-Seq
e850daf1-3404-45b3-84db-74a2fa91ebde,TCGA-VQ-AA6D-01A,74066e14-5d57-47de-8201-ac4fb70b9856,Primary Tumor,RNA-Seq
762d4c00-2794-4444-8db6-bacc8a48325f,TCGA-IN-A7NT-01A,3097a891-3611-4ace-b2cf-4b6b18df6385,Primary Tumor,RNA-Seq
4019e49d-bbb1-4509-b91c-32b572a271eb,TCGA-CG-5721-01A,b79123b9-5094-426d-8267-fd4a1c9f2778,Primary Tumor,RNA-Seq
c7125098-8a13-4d2e-9b7b-9f1a76bea899,TCGA-BR-8372-01A,fae10552-1d8a-4970-b733-5aa0f498fbc8,Primary Tumor,RNA-Seq
e014456b-8e0a-4dea-af2a-e4d989298e69,TCGA-KB-A93J-01A,888711a8-8ffd-49bb-aa85-7455c07f1ad5,Primary Tumor,RNA-Seq
c4b68c87-704a-4ff9-8f3d-5ddbb4c79a43,TCGA-CD-8529-01A,eb18c784-32f7-4570-a661-e4df8f55378c,Primary Tumor,RNA-Seq
a5a0a0ee-f5ab-41b8-bc07-f54d951d09e5,TCGA-BR-8373-01A,4370b4f3-4fd7-4558-bf59-daae486badc3,Primary Tumor,RNA-Seq
3948c17a-7420-4eec-bae8-01ba339af12e,TCGA-CD-8534-01A,40cb2e95-b41a-419c-a287-52774cad45ac,Primary Tumor,RNA-Seq
5add225f-846d-4ab5-9f50-3122f29f5eb4,TCGA-BR-8363-01A,9f2134ef-1257-47f4-9677-d314a5e5dcb7,Primary Tumor,RNA-Seq
2ac92c9b-2194-4a4e-9fb7-a92bf93572ce,TCGA-BR-4363-01A,06ec6231-ee0e-4c15-af9f-5b9e5bf557b8,Primary Tumor,RNA-Seq
fd5fca0f-bf9e-4522-a3bf-6349b4cf0df9,TCGA-BR-8364-01A,70a0c712-76c9-4f18-8c43-054a2773e8e1,Primary Tumor,RNA-Seq
56fe1d73-d419-429b-a84a-5234200bd8bb,TCGA-HF-7136-01A,f6bb75b6-d0c9-49c5-99d0-e658b490c98d,Primary Tumor,RNA-Seq
ed6ef852-8ffb-4af2-9811-2a10225d5215,TCGA-BR-8366-01A,da651f10-2fe1-4430-b899-42fce04d42fb,Primary Tumor,RNA-Seq
a10b84f7-9e94-4968-b91b-e844e921ab9a,TCGA-D7-A4YT-01A,788b3d35-0e2a-44a2-b480-3c07dd91b6b9,Primary Tumor,RNA-Seq
fa3a09e3-48e1-42d5-834a-b888f2456974,TCGA-D7-6521-01A,c3d9fc3b-ef2a-4d02-b7a4-5d1463ad5ef3,Primary Tumor,RNA-Seq
144382bf-59ed-494c-b1ba-9e5facd53b76,TCGA-BR-7715-01A,e108eb0d-4619-4282-a06f-cd69a436f3bd,Primary Tumor,RNA-Seq
2116c223-4f07-4540-88de-f6fd8cfc5d8f,TCGA-BR-7715-11A,23739fb2-3e92-44fa-91ae-b84b69894979,Solid Tissue Normal,RNA-Seq
f2489e00-8af3-48b3-b985-9c89c5550d6b,TCGA-RD-A8N5-01A,0b0ce08c-a221-4c45-a633-530e75a964d3,Primary Tumor,RNA-Seq
4423a03d-5df0-4339-b131-8826aea7d8cc,TCGA-R5-A805-01A,ef95ff0b-e240-4920-bcb6-06aa8e91169c,Primary Tumor,RNA-Seq
62a4028e-b401-4413-8ec4-90711797e94f,TCGA-CD-8526-01A,cbd8b935-7a19-45fb-b78b-6f586d253fe8,Primary Tumor,RNA-Seq
be5c1bdd-995a-473a-b7a3-70b26d0bb50c,TCGA-D7-A6EY-01A,f6695e09-3165-4253-a3aa-f363facfd4d0,Primary Tumor,RNA-Seq
d4069408-507e-469d-9fc1-e41f249f4c8d,TCGA-VQ-A8DU-01A,410ffe22-c1e2-4d31-b053-843e71e49ea9,Primary Tumor,RNA-Seq
37fe615a-3868-4860-9207-51d1a8cb370c,TCGA-D7-6817-01A,9e01f1d4-7ba6-42b7-a43c-833195ef4b49,Primary Tumor,RNA-Seq
746666f2-5dfd-48bb-9054-2ab6ed00a94b,TCGA-BR-4191-01A,e5a1a598-5896-46f9-8dca-ba19ac138d14,Primary Tumor,RNA-Seq
e0587011-4311-444b-962b-74fe38bda889,TCGA-HU-A4GX-01A,33fa171e-c497-4c64-85ce-c2e3dfbf573b,Primary Tumor,RNA-Seq
880770fe-6cbe-4e96-b37e-d6a0bb37c672,TCGA-B7-A5TN-01A,eb871d34-e250-46ff-8005-aed8f889c0ca,Primary Tumor,RNA-Seq
8c66d114-0b34-417a-8453-98608338a942,TCGA-VQ-A927-01A,3d0945d3-de0f-400d-a498-01dcac2bc16b,Primary Tumor,RNA-Seq
802c398e-3d59-419a-93dc-c2b5f2197e04,TCGA-IN-A6RR-01A,236e195a-1563-43df-ba4b-d42f803b98d3,Primary Tumor,RNA-Seq
85690861-bf8d-4e0b-a783-13670a15d5d5,TCGA-BR-A44U-01A,27e6932c-cae6-4335-ac98-a47c690212ef,Primary Tumor,RNA-Seq
3ccfd597-0bc9-4243-bb4c-d410d82e6e10,TCGA-VQ-A91W-01A,f7e775cc-dcd0-45b0-8c07-4e8768e954b4,Primary Tumor,RNA-Seq
9f5345d1-43d8-4285-9f2b-eeedbc8e1723,TCGA-BR-4256-01A,61c7aab0-51d9-4706-a37c-d5058007daf1,Primary Tumor,RNA-Seq
081834e7-d0c4-46d3-a837-24839398276e,TCGA-VQ-A8E7-01B,c7a0b2ce-4695-42c8-be6d-fe6f572e9217,Primary Tumor,RNA-Seq
3735aad4-1984-4838-9447-643006ab1c4b,TCGA-HU-A4GT-01A,3bd4f1d2-887c-43eb-ba6b-c41c7abec5a5,Primary Tumor,RNA-Seq
37318e07-671d-41aa-96d4-31d746baa473,TCGA-D7-8579-01A,6acdfabc-7b32-471f-9d46-c8812bea519f,Primary Tumor,RNA-Seq
aebf61bd-8378-4b91-90a9-44997801c192,TCGA-CD-A489-01A,9e99d690-d8f5-4a20-a704-44b2d0d1daf4,Primary Tumor,RNA-Seq
71e07e73-bfcf-406d-8ab2-b57e2dcafac8,TCGA-D7-6525-01A,c1ac6717-828b-4289-9755-7c56a6fc1392,Primary Tumor,RNA-Seq
faf9f337-c9c7-4b9e-a426-513bfe091b5b,TCGA-VQ-A91Y-01A,a9bc482e-8506-462f-98ac-78d9deb2f63c,Primary Tumor,RNA-Seq
ca7d0397-fd5f-4f92-a9da-451459ed5e5a,TCGA-HJ-7597-01A,0e8e5466-a151-405f-96d3-3d827119056b,Primary Tumor,RNA-Seq
f8f495a4-3aec-4f1d-b9f8-ca44c0dc267b,TCGA-D7-8572-01A,e9c6562e-dbdb-464e-933d-1d41c11f4ba0,Primary Tumor,RNA-Seq
72649b02-eedb-4d3b-9c97-c084c9d0bb29,TCGA-IN-7806-11A,291c5592-1d7b-46d6-a626-e5450c4851e8,Solid Tissue Normal,RNA-Seq
c373635b-56ba-44e5-b1bd-042b2fe946cf,TCGA-IN-7806-01A,9b864c79-bf5c-4430-86e8-d8479ed90d25,Primary Tumor,RNA-Seq
05824405-ced4-4688-9a1b-0345ab87884e,TCGA-3M-AB47-01A,67d2cc6e-05d3-49fe-bca4-84fd6aded269,Primary Tumor,RNA-Seq
fbe8558b-72dd-4291-9a75-da4663981685,TCGA-CG-5726-01A,c881739a-982c-436f-9be2-4638db792c53,Primary Tumor,RNA-Seq
2f56a706-02d0-4ba5-93fa-ae7549be060e,TCGA-BR-A4QI-01A,a8a64ccb-2793-410c-933f-49938266e412,Primary Tumor,RNA-Seq
914d7cd0-842f-4c15-a739-42a984473ea7,TCGA-CG-5733-11A,c7134d34-299d-440b-94c5-1a4d59978f01,Solid Tissue Normal,RNA-Seq
db98e1ab-b3de-4f13-a06d-7af848dce090,TCGA-D7-6522-01A,825ae87a-69c0-44ac-a1af-d1fad7746c05,Primary Tumor,RNA-Seq
6015a13e-65ed-4c14-8855-79c4b0945958,TCGA-RD-A8N9-01A,8b053495-de11-4c58-8c83-0ccdbededb00,Primary Tumor,RNA-Seq
d8d9b13e-5818-4212-9b5a-adb61ec51f01,TCGA-CD-8532-01A,315e61cb-421d-4ed1-b542-24127451e4b8,Primary Tumor,RNA-Seq
9f5eaf87-0c04-45e2-83b0-25a8f14103b6,TCGA-BR-7704-11A,28ec61f3-2477-4ec9-880b-51748e9ad4bb,Solid Tissue Normal,RNA-Seq
1deee165-623b-4ca3-8a14-22a469eb48dc,TCGA-R5-A7ZF-01A,aebfea6c-c91b-44f3-ac5e-4033f0cd3486,Primary Tumor,RNA-Seq
3a1455ea-2459-4fba-9bb3-4915cbb8a795,TCGA-BR-7717-11A,1e95c987-3eb2-4b36-b4ee-96ec57bb88e6,Solid Tissue Normal,RNA-Seq
f475e181-643e-4157-8da7-5b73767f0c6e,TCGA-BR-A44T-01A,a7fd8028-ffb5-41c0-84f5-960920995f00,Primary Tumor,RNA-Seq
a13597bb-264a-4330-99b2-fcfb88812276,TCGA-VQ-A8PF-01A,bb60c40c-00da-41ba-8965-4788d58c2de3,Primary Tumor,RNA-Seq
029caed0-51fe-44e1-9e88-cdda2e1a049b,TCGA-VQ-A8P2-01A,9582adb6-14bd-4df2-b991-df472fd52bc9,Primary Tumor,RNA-Seq
60e7bc2d-70b7-4cf0-b190-689e93c02f41,TCGA-D7-5578-01A,e88d8673-c0be-4549-8daf-100187608f17,Primary Tumor,RNA-Seq
f470acbe-1f11-4ef5-a405-40b0c52d03d0,TCGA-D7-6526-01A,ddcea84e-3135-445c-ba0d-62f686463797,Primary Tumor,RNA-Seq
9653cac5-212a-43fa-b5e8-6130f8afce23,TCGA-VQ-A92D-01A,0440ad49-c2d8-4565-8521-0c9b71523a01,Primary Tumor,RNA-Seq
6f896231-eff1-47be-8d95-0c3716cb8678,TCGA-BR-4294-01A,cb5d3ede-205d-43f6-a3e3-db287fb1783b,Primary Tumor,RNA-Seq
d6ef2bd3-b172-46fc-a762-81fcb6681b9c,TCGA-BR-8588-01A,059db5a3-4cd9-4c4f-8d59-b898bd9ad997,Primary Tumor,RNA-Seq
72546d21-88e9-4750-bde6-df5823e0a84b,TCGA-HU-A4GU-01A,1ff2c1aa-9f09-46c8-a0ec-e0f40f8680e0,Primary Tumor,RNA-Seq
513e6a02-0cf5-4172-9f73-4fd5bd377530,TCGA-R5-A7ZI-01A,caf78613-93d3-4e62-9bf4-92524c8b206d,Primary Tumor,RNA-Seq
828e5480-dfc0-4bfd-9cab-c2f94f2a932b,TCGA-VQ-A8PM-01A,47924478-6eee-4958-a585-ca6ebae55132,Primary Tumor,RNA-Seq
0f780cf2-b7df-481b-b2a5-202120b6dcc7,TCGA-IN-A6RS-01A,b5c52eea-05ec-4c00-9487-363ad14e4d26,Primary Tumor,RNA-Seq
8818fffe-2adf-4508-9750-f90ac13303ae,TCGA-D7-A748-01A,308bca2d-6e27-4da9-9a07-b0eb88437953,Primary Tumor,RNA-Seq
4ec5a878-a2db-433d-a716-8b0abd8ccc42,TCGA-CD-A487-01A,d29b7733-b9e3-47ad-a0ff-a64030d9e394,Primary Tumor,RNA-Seq
35b4bbf7-cf4b-46a9-9d40-99c50baf16f3,TCGA-SW-A7EB-01A,1e50cf55-2f11-47f4-85de-4771aa0be709,Primary Tumor,RNA-Seq
0bc5e094-0279-418a-9359-070773d121ed,TCGA-BR-8486-01A,65fa5f32-8747-41b7-8287-061587dc22de,Primary Tumor,RNA-Seq
5cc5c849-2657-49e0-b56b-626b509564f1,TCGA-BR-8362-01A,7d692fac-0161-4c81-b191-c24d653012d1,Primary Tumor,RNA-Seq
f2b8b88d-146e-4e1c-aa37-b12711aa6fdc,TCGA-3M-AB46-01A,3f407c72-57a9-415a-810f-8b18022bf8a5,Primary Tumor,RNA-Seq
e8bf80bd-d147-4246-b058-e8543e923d1b,TCGA-CD-A486-01A,49432f7b-44c0-4834-8bde-bcd9b58af2f8,Primary Tumor,RNA-Seq
edc5bad1-474a-4dfa-a87b-8ad8f15b4828,TCGA-HU-A4GP-01A,4c0efd43-956f-499f-b0ea-2c3fa96f63f3,Primary Tumor,RNA-Seq
4631f632-7826-40ee-92d9-653162a3415b,TCGA-VQ-A91Q-01A,86f4f548-2a4a-41a7-b61d-29c9677d841b,Primary Tumor,RNA-Seq
369f5b38-0fcb-4236-80d1-8786c6ada6aa,TCGA-RD-A7C1-01A,b905ac72-aae1-4e6e-b560-46b9f4f9ef5f,Primary Tumor,RNA-Seq
357ac08e-c8ca-4372-b6d8-4310f3d4e7a5,TCGA-HU-8608-01A,e70fe3ad-f9fa-4097-b472-86606c241d26,Primary Tumor,RNA-Seq
d8fb3fa4-1680-4b91-b741-ccdc3c2699c3,TCGA-CG-4465-01A,89dab798-0b26-470c-82af-1b23c83fe4f5,Primary Tumor,RNA-Seq
8a9a1b71-6959-4fb9-9345-36eb504b9b8c,TCGA-VQ-A8PU-01A,b9b93efe-4233-4bf3-bfdd-5b579b305cff,Primary Tumor,RNA-Seq
bfe23ea3-e8c4-4bef-b299-a5bf115ed662,TCGA-BR-7716-01A,849f9cb7-33d0-4b03-bfb3-73ee625b84e0,Primary Tumor,RNA-Seq
a9c9e7b8-29ff-4d16-a0bc-f00008e94b82,TCGA-BR-A4IZ-01A,f767b6bf-3407-47c3-9f2d-9d8d301aa173,Primary Tumor,RNA-Seq
c5ec1249-9143-42d7-b885-a0e48c3182fa,TCGA-VQ-A91N-01A,eaa27751-91bb-4a02-9042-95c6db7824a6,Primary Tumor,RNA-Seq
de2ecef8-1e2d-4b00-8374-fb488e4a651a,TCGA-CD-A4MI-01A,39e514be-9a47-4229-8728-80e1bf0ac00d,Primary Tumor,RNA-Seq
0ca061da-415d-4828-862c-c0e93a737266,TCGA-BR-8080-01A,09bdeebd-86e4-44c1-8070-21fcb6af957a,Primary Tumor,RNA-Seq
21b827bf-7f82-4c78-9e31-254305905a90,TCGA-IN-8663-11A,01b0de1e-b577-4af2-bb3c-5b785d3e8417,Solid Tissue Normal,RNA-Seq
679c17c6-281c-4cc9-b4bd-c44e72480a2c,TCGA-BR-4367-01A,1506e790-c21c-4419-b11b-14250c947fb5,Primary Tumor,RNA-Seq
145bdd35-2d41-41cb-88e5-acecf63f2804,TCGA-VQ-A8DV-01A,766d8020-d862-465e-9794-a83251f06130,Primary Tumor,RNA-Seq
4086d718-bde0-4b88-b8c7-c3614e58b8f1,TCGA-HU-A4HD-01A,fe54b04e-86c4-4d64-a958-d2ac67db7ca0,Primary Tumor,RNA-Seq
e6f9d0b0-ad55-4650-b3be-6fd811b2a748,TCGA-IN-AB1V-01A,0031b3da-6552-4547-846e-51c6d962e142,Primary Tumor,RNA-Seq
671964ba-7019-4d63-a71d-87b25765f32e,TCGA-BR-A4PD-01A,d6debe0a-42ac-4822-9f67-809a73d9bac9,Primary Tumor,RNA-Seq
01a21e19-5df4-4919-8ad1-bca1f3fe3639,TCGA-BR-6565-01A,1d7aae07-2453-4dc3-a26d-d67161172648,Primary Tumor,RNA-Seq
712e95d6-a9db-43c7-b46a-faad0884e52e,TCGA-BR-6707-01A,36f691aa-b737-4369-ad62-84f987f697a6,Primary Tumor,RNA-Seq
8a552333-9933-4f48-ad50-1108f4380279,TCGA-VQ-AA6F-01A,dad8c0b9-61b5-46a4-8657-c99b814cf259,Primary Tumor,RNA-Seq
3aca7414-5055-4fbd-a38e-03717310449f,TCGA-D7-A4Z0-01A,17fe8cf0-fc98-4478-ab5e-58eaeaff7aff,Primary Tumor,RNA-Seq
e7f9503f-c505-42e2-b530-7abc764e916b,TCGA-BR-6458-11A,85ea799b-e475-42f9-b3b8-f795c1ea97d0,Solid Tissue Normal,RNA-Seq
ca0228d7-802b-4c20-a7b6-70f25042be25,TCGA-MX-A663-01A,9beed0dc-a68a-4dbc-9d8f-c0efa5bb6f32,Primary Tumor,RNA-Seq
2032b834-9e18-49f4-b64d-6e2bc19a51e5,TCGA-CG-5722-01A,30d63c9d-e36a-4654-86b5-5d7a622089c2,Primary Tumor,RNA-Seq
2379f249-866d-4e75-ae46-461642973bdd,TCGA-HU-8602-01A,37fcef05-07dd-4d0d-8380-02d6605c6ddc,Primary Tumor,RNA-Seq
1d0b0399-7fbe-41b2-9c34-4bf1ae1e72fe,TCGA-RD-A8N6-01A,ceea28ca-3f56-40a5-a25f-c6cd3b598049,Primary Tumor,RNA-Seq
efcf1fd5-bee9-422c-9b70-138dcd8c9b75,TCGA-BR-8369-01A,51e3d5cf-fb90-420d-a495-38dc20d6c72e,Primary Tumor,RNA-Seq
d1d81593-034e-4e11-9100-b48c932e36a3,TCGA-RD-A8NB-01A,e1c393fc-4d34-4982-9098-d425957d6bb6,Primary Tumor,RNA-Seq
afbc386e-4c47-41e3-a1e2-3ce9efb750c0,TCGA-HU-A4H0-01A,568cbf5f-86da-4420-9c70-324d11b8e481,Primary Tumor,RNA-Seq
ba238651-1315-4361-8d69-ce8805dd1808,TCGA-IN-A7NR-01A,19af171a-cc13-4110-ba75-6f0fffedfcc7,Primary Tumor,RNA-Seq
9e9778fc-21c0-48f8-a9aa-7722cc352c5b,TCGA-BR-8484-01A,45e275e2-d8b1-4423-aa70-b9425e0fb570,Primary Tumor,RNA-Seq
7e392d92-af8c-4798-aa42-f3f1d893e991,TCGA-BR-8077-01A,7c205fc6-f200-42d1-83ec-66e05d8407ab,Primary Tumor,RNA-Seq
3ec2930c-bef0-4218-94d2-83d493550131,TCGA-FP-A8CX-01A,6f50417c-c943-4815-9efb-eb813ae18baa,Primary Tumor,RNA-Seq
01de7c67-6ded-4a85-848f-d05772b10247,TCGA-VQ-A8PQ-01A,4e985a13-af6e-4631-ac59-4b69c791f76d,Primary Tumor,RNA-Seq
0942bfd1-288c-44aa-a50f-c6d1c016e0dc,TCGA-BR-8592-01A,7bff1914-e0a9-47af-bc5d-fdcfc7ea1e93,Primary Tumor,RNA-Seq
50d612f1-7c23-4a73-aebc-1701f1b3e331,TCGA-CG-5717-01A,cea37bbd-1bcc-4205-be3d-dafac2e30256,Primary Tumor,RNA-Seq
03489235-52c8-4955-93e3-9ebd74ac1af6,TCGA-HU-A4H4-01A,f8df5fd6-bb50-473b-804a-f934dd266866,Primary Tumor,RNA-Seq
d2ec4b24-1f3f-400f-a8dd-38048efbe6d3,TCGA-D7-8575-01A,71efd38a-03a9-488d-bde2-18b17559c775,Primary Tumor,RNA-Seq
e6fce850-960a-4e97-8257-2e35ba5ffb7d,TCGA-RD-A7BT-01A,164463f2-b350-4ec0-b035-420cbf810411,Primary Tumor,RNA-Seq
a04f003b-2350-47ee-9904-2ced1476a8cd,TCGA-VQ-A8PB-01A,9c68b7c7-dfdd-40ab-b173-477bb0b4b99d,Primary Tumor,RNA-Seq
70c420c2-e5eb-4902-b1a5-97ef824aba48,TCGA-BR-8679-01A,a9c9f13c-0a67-4403-9bbc-304ec7690929,Primary Tumor,RNA-Seq
3c85a912-13e7-45a7-8360-19e8aa888fdb,TCGA-VQ-A8PJ-01A,bd609b94-ef24-4062-a693-4b3feabba9cd,Primary Tumor,RNA-Seq
afd341ac-886e-42ad-b02f-1f23c03a7932,TCGA-CD-8530-01A,d0ff07bb-06a4-4ffc-9329-6afac91cc7a2,Primary Tumor,RNA-Seq
1892cbed-a221-4a09-b5cb-beeaf7654015,TCGA-BR-4267-01A,32d28ed3-2e33-4d83-8de6-82e156b33211,Primary Tumor,RNA-Seq
0847a8b8-d576-4793-afa0-f9cde77b0df5,TCGA-BR-7957-01A,5608c42c-1eca-46de-aa1e-eb97d7644e6a,Primary Tumor,RNA-Seq
b79e3296-250a-4fac-82a4-b36c4f66a99b,TCGA-BR-A4QM-01A,db224d8c-18b0-4907-963a-875cf0f2887e,Primary Tumor,RNA-Seq
fddcb579-670a-4888-82ba-4c5ad090b3f6,TCGA-CG-5724-01A,4d624b21-5aee-42b8-b192-8afecb51434d,Primary Tumor,RNA-Seq
4222a108-70d5-4f22-b4b2-4decda0dabeb,TCGA-BR-A4J6-01A,fbe616b2-c372-4314-ae34-2cc71adc6adb,Primary Tumor,RNA-Seq
d18cb528-8264-4867-af71-4204c4699fe9,TCGA-CG-4475-01A,3e5d09c6-8f98-4701-bd24-fca581343de8,Primary Tumor,RNA-Seq
6d30bffc-0d53-4675-850a-ed3f992d381c,TCGA-RD-A8N2-01A,411903d8-a00b-44e1-84bc-c04ded539730,Primary Tumor,RNA-Seq
e90a4af6-08cd-4444-818e-690b94fafa14,TCGA-HU-A4H6-01A,16e40b49-c362-492c-b3bc-a7f1cb6fa05b,Primary Tumor,RNA-Seq
112e5755-0042-4c20-9210-d76fe6f48ec5,TCGA-CG-4477-01A,6d7c7b4e-6913-487d-9dc3-dda901434192,Primary Tumor,RNA-Seq
19108560-cda7-4cb1-8563-87684cebd930,TCGA-BR-8678-01A,59138f14-cb8d-416d-a684-e904818d732d,Primary Tumor,RNA-Seq
bac1b802-d30f-44a4-96bf-9024285fa827,TCGA-CD-8527-01A,bb6ec9cb-d367-449f-9b8d-9b736f5de92e,Primary Tumor,RNA-Seq
75b96ff2-13c3-4071-b6c7-6f3789da6e4a,TCGA-VQ-AA68-01A,cd500f45-0b52-43bc-b5c3-fff7ffe56796,Primary Tumor,RNA-Seq
61f416ba-19f6-4632-8ce8-3afb597c7443,TCGA-D7-A747-01A,5c1fc5a5-d6bc-4d11-9cba-0a8441b2d77d,Primary Tumor,RNA-Seq
adbca30b-c373-4608-a6c3-5fb60c231217,TCGA-R5-A7O7-01A,7b5b06dd-e720-4738-bd33-1b87fbbd3cd7,Primary Tumor,RNA-Seq
c4d043a8-bf56-4aba-8c29-2958e0f9b772,TCGA-BR-8371-01A,5014a0d9-535d-45c0-ad9e-710fff6ba527,Primary Tumor,RNA-Seq
f910436b-0387-480c-a830-be19c79f65ce,TCGA-D7-A74A-01A,9c0d48a6-99f0-4084-8a9b-4d82e3e4ed26,Primary Tumor,RNA-Seq
de4e946a-8ca0-453f-ab96-c9148bfb46d1,TCGA-VQ-AA6B-01A,01e4576d-7bc8-4ef0-952c-ddd080675249,Primary Tumor,RNA-Seq
f804f6d7-c70a-4c16-accd-838d2c840597,TCGA-VQ-A928-01A,46146a87-8f74-4908-93f4-05186c863c13,Primary Tumor,RNA-Seq
8f90de18-0581-40ae-ba6e-7ccdfdf9ca3d,TCGA-BR-6852-11A,cf0e71e9-4cdc-4458-bbb4-a3a1edb7abe4,Solid Tissue Normal,RNA-Seq
2c4db3e3-5b6b-45a5-87d7-9498cfcdec76,TCGA-BR-4368-01A,87239062-9ea0-4987-ad13-5a2dded4ff82,Primary Tumor,RNA-Seq
ecb5cbf2-a9bf-4585-99f6-ee9e0361100b,TCGA-D7-A4YV-01A,c465c15a-d60d-4ecc-8193-5880b3dd6119,Primary Tumor,RNA-Seq
22e42bd9-a389-461a-bdcf-1522db4cc70f,TCGA-FP-7829-11A,329e42c5-08ee-4636-bd0c-a1de0e23856e,Solid Tissue Normal,RNA-Seq
409c7005-de89-4812-bf29-e4669f7aa701,TCGA-VQ-A91V-01A,e6aa4ebd-7a97-4585-a489-26a79070aa65,Primary Tumor,RNA-Seq
3ef735cc-277b-49d2-b56d-f12eae4ab63f,TCGA-BR-8058-01A,b9566f8d-cd38-448c-a8b9-edf35b6b33f0,Primary Tumor,RNA-Seq
ce3f630d-7ba9-47d3-a4d5-32dfddbeb614,TCGA-VQ-AA69-01A,2b15dde3-9963-4165-b7f9-27bcaf28c7d8,Primary Tumor,RNA-Seq
f4612801-cbd8-475e-ac70-a600279f1980,TCGA-VQ-A923-01A,f3033c56-75f8-4085-b42f-b99b2cd8ecc7,Primary Tumor,RNA-Seq
58c12956-bef8-4e11-9449-0e06fdb4ad96,TCGA-EQ-8122-01A,ecf749e3-3249-41fb-a8bb-2f1b4da1492b,Primary Tumor,RNA-Seq
b70ca928-acc1-46e6-ab16-65a888e8f11f,TCGA-BR-A4J9-01A,44b67d95-5bee-4196-9d15-9f1725bf0dff,Primary Tumor,RNA-Seq
6666a58a-e9e3-4224-8588-cb0e37432391,TCGA-BR-4366-01A,8c2d2cce-e071-42e8-89b2-77c56b4f3472,Primary Tumor,RNA-Seq
df38b6aa-1d22-4e41-b8ce-a60ae8afde6c,TCGA-VQ-A8PK-01A,657e886a-00b1-4d8a-8d14-9f8c0807ccc9,Primary Tumor,RNA-Seq
518fb9ca-affe-4644-a5d9-b7e8679e0795,TCGA-D7-6815-01A,b5f3d9a1-46b5-4a63-8f7d-9c993fe9340d,Primary Tumor,RNA-Seq
29afa760-d2e0-4702-ac42-c6714b319a44,TCGA-CG-5721-11A,700fca23-4807-4ed5-9745-87c6bcd51fbf,Solid Tissue Normal,RNA-Seq
a7281262-bafb-4ba2-abbe-89cd3a4cf8bb,TCGA-BR-8365-01A,03be8fe5-aa79-4c4a-826e-2052d470c33b,Primary Tumor,RNA-Seq
0e20430b-aca3-4fb3-9f71-cfc90e7ce93b,TCGA-FP-8099-01A,18c474ca-2389-4f75-a796-b0efdad03add,Primary Tumor,RNA-Seq
eb6c0b8a-f162-40cc-ba68-315caed77dbb,TCGA-F1-A72C-01A,8be1e827-c806-4a7a-b84c-9fce01570fb2,Primary Tumor,RNA-Seq
27967ee7-7f0e-438f-864c-84e73a0d0178,TCGA-B7-A5TJ-01A,fc264b14-c3ce-4a94-b9e5-205abeec9cab,Primary Tumor,RNA-Seq
3d409170-97a2-43d7-b8fd-08af745bc907,TCGA-BR-A452-01A,07994602-fdf6-4949-acda-b2a8f417a54f,Primary Tumor,RNA-Seq
675fc765-fd6b-471f-b164-3347162e5228,TCGA-HF-7132-01A,b38bf24f-cd0e-40eb-bf2b-11abc7976355,Primary Tumor,RNA-Seq
1cc60272-93ac-4eae-88e0-aee39a0a685e,TCGA-VQ-A8PD-01A,109928b6-b89d-416e-b655-a2d8fc62e096,Primary Tumor,RNA-Seq
adc40e3c-0c9a-4389-a32a-c2c398e0568e,TCGA-CG-4306-01A,78785db9-c3d5-4c26-bbef-e741c4aae429,Primary Tumor,RNA-Seq
650d0972-0f9d-4c9a-a6f5-636016cfb52d,TCGA-HU-A4GQ-01A,22ec17ab-22fc-4e78-a559-ebc9493140e6,Primary Tumor,RNA-Seq
8292440a-6969-4728-bf26-4a9d3dd3395d,TCGA-BR-6455-01A,59bd0192-a50b-4672-a17f-4df138f58988,Primary Tumor,RNA-Seq
e4dd104f-887e-45bf-b388-b02e83e743c4,TCGA-BR-7197-01A,42dd8730-ba48-43fb-99c9-893c970ec589,Primary Tumor,RNA-Seq
6ba86d68-8037-4966-b75c-14eac1cf8f5c,TCGA-SW-A7EA-01A,72c9608d-d8ce-401e-a643-a78d64ffb705,Primary Tumor,RNA-Seq
7ef5553a-89d6-41eb-abfb-9a798dfbd716,TCGA-CG-5720-11A,4d91e3d9-c9ac-487d-b617-295af67176b0,Solid Tissue Normal,RNA-Seq
4776124e-7c32-40b4-8daf-4106509c480c,TCGA-BR-8286-01A,e438f0f2-6f84-419a-a846-902eddd9373a,Primary Tumor,RNA-Seq
d8fcbc89-55ab-49e8-aa6a-93b1bc0ddcfe,TCGA-CG-4301-01A,f8ccc777-65a2-41fa-95ac-ab33c3e9ad9a,Primary Tumor,RNA-Seq
0ef460ff-3fad-4692-b17b-e41df5c5e9bd,TCGA-BR-6802-01A,e3bf04c2-961f-4511-af63-5a0e8ae6377b,Primary Tumor,RNA-Seq
ce64b463-a663-4f3e-84f6-fdc5e0b61bdb,TCGA-CG-5720-01A,1b2e1b50-8d4e-4e62-9b1b-b484936bd6eb,Primary Tumor,RNA-Seq
a4776d51-98f6-449d-9f89-9841a235f64a,TCGA-VQ-A8DT-01A,cce18ee7-ed7e-4b96-bd26-e886e25352fe,Primary Tumor,RNA-Seq
8a16b043-92fe-45c6-bcd1-3ca697780c1b,TCGA-VQ-AA6K-01A,7fe52b27-28dd-4214-8605-09492fa340e0,Primary Tumor,RNA-Seq
d632a7e1-516d-4e8b-9989-2853add1f7e0,TCGA-BR-7707-01A,aaff78f7-32d0-4e1c-92de-b0184e641cb3,Primary Tumor,RNA-Seq
2633071e-10b0-461c-9407-0a24d2bd25c4,TCGA-BR-8683-01A,5bb1dfef-e819-44ba-bff8-b9ae793a0309,Primary Tumor,RNA-Seq
db3b9b97-d9bb-4898-ab07-f0c8b33b3838,TCGA-BR-8361-01A,f05e8a2f-3db9-41c4-9e4d-cd898ab53aa4,Primary Tumor,RNA-Seq
da7500ad-a123-4a6e-afcd-8d7649441bc9,TCGA-BR-4201-01A,b42cc87b-4bb0-433d-8afb-cb314b8cba30,Primary Tumor,RNA-Seq
039d2284-5971-4b70-8e09-62a5d8b52376,TCGA-BR-8289-01A,92abc4ef-88ac-4d4e-bf85-4a7ab9a1960b,Primary Tumor,RNA-Seq
4b5fe1b9-4a45-4136-a679-30b6199f7823,TCGA-VQ-A922-01A,84f603d6-9f71-48fb-b2e3-190424407452,Primary Tumor,RNA-Seq
19c7ed8b-5da7-440f-af00-07d0b4ed9fde,TCGA-BR-A4J4-01A,5a5c4538-d75d-4da5-8e8c-dd92766fee50,Primary Tumor,RNA-Seq
096bad17-489f-4ff3-8432-198c1a794993,TCGA-CG-4440-01A,c7b05d36-0386-4b2c-9e8b-2c7502cc4f21,Primary Tumor,RNA-Seq
13ba7a39-036e-431c-b91e-c2215d9119c3,TCGA-IN-7808-01A,95e36503-33a7-4cd4-9290-f8ef97b8abbb,Primary Tumor,RNA-Seq
ab2e44a1-f9e1-4a6d-9b8e-59cb9e3e4eae,TCGA-CG-4442-01A,51927f82-2585-465b-92ed-36ef46d44fab,Primary Tumor,RNA-Seq
beb1c5ea-07de-49f0-9b48-25d88c321163,TCGA-BR-7722-01A,58038c32-1359-49eb-aafe-2f44ec697f52,Primary Tumor,RNA-Seq
83bf17d1-179b-43e9-81f7-3495b40111cf,TCGA-FP-8210-01A,e865313f-f782-4c55-a793-131b8168c0d9,Primary Tumor,RNA-Seq
a7651efe-5984-40a0-b125-1a93e42fe508,TCGA-HU-A4H8-01A,7ca5cb1c-ded0-4735-b36d-8497baf6a65b,Primary Tumor,RNA-Seq
056e30ce-b29d-4db4-8edb-ed1f6b370ccf,TCGA-BR-7717-01A,0d12d2e2-385d-4712-afc8-ec85b25e8ae5,Primary Tumor,RNA-Seq
2e5f4137-cc61-495b-9f3c-6727613469ec,TCGA-CD-5804-01A,955851a5-1c5b-406b-954a-ef0b0d348098,Primary Tumor,RNA-Seq
2035fdc9-e982-4752-b038-36d9e6bca36b,TCGA-BR-4370-01A,cfb7901b-e4e1-42fe-802d-dcd34f8c4912,Primary Tumor,RNA-Seq
caf03662-b275-4259-b363-e1a8014b36f3,TCGA-BR-6563-01A,5d2065a3-58fd-4581-9b95-3f5d77b23d41,Primary Tumor,RNA-Seq
e044e089-f6c9-4877-a1ce-45bb5ea65227,TCGA-BR-6801-01A,713f11ee-d285-4a3b-b421-1d416e5f8e52,Primary Tumor,RNA-Seq
8c90f295-8f00-4238-b41b-6aa672546289,TCGA-F1-6177-01A,0538efde-935d-4571-a200-b181ab622447,Primary Tumor,RNA-Seq
9dc513db-41bb-4386-a37a-082b669dbe90,TCGA-BR-4292-01A,2e0e0776-6ad0-4118-b27e-c65d6076a3d4,Primary Tumor,RNA-Seq
1c9006fb-e45f-4291-ac8f-6b421494232e,TCGA-BR-8081-01A,a95fe711-1f13-4de5-b300-2e4a8f3be1fb,Primary Tumor,RNA-Seq
2591f66e-b6bb-486d-961c-89545de087f5,TCGA-BR-8059-01A,2954c95c-09d8-4090-a160-3f041e325ac3,Primary Tumor,RNA-Seq
35a56aa2-869c-4640-a764-151d86f83c25,TCGA-BR-8368-01A,bf5321d2-aa86-4990-a2f7-00822f0edd8d,Primary Tumor,RNA-Seq
d9aa7c1f-417b-46c1-a2b6-11ada91db7f7,TCGA-BR-6710-01A,25e9e880-4ea1-40cf-bbb6-0f961c735c97,Primary Tumor,RNA-Seq
56c49757-a893-49e4-9a1b-345030b9b7d0,TCGA-F1-6874-01A,c28febb9-e845-462f-b6a0-cb565ee6a049,Primary Tumor,RNA-Seq
36484482-ba0a-4535-8d25-f3323453fa35,TCGA-D7-6820-01A,490660d7-5512-4dbf-893a-b6b8c27ca407,Primary Tumor,RNA-Seq
a4210b72-533e-4937-ac7c-fc6e8b052e38,TCGA-BR-4279-01A,84ad647d-76b8-4eda-8603-40220089be34,Primary Tumor,RNA-Seq
47ba2503-5a3d-458f-be92-75ffecdbc193,TCGA-HU-8610-01A,22bacd82-220c-4a19-8e01-86a3ea17bebb,Primary Tumor,RNA-Seq
dd6f754e-a954-4cda-a58b-c0c64a79f435,TCGA-CG-5728-11A,ae411d6a-4e7b-4b8d-b41c-5153fb5d4d25,Solid Tissue Normal,RNA-Seq
0d7cfe5b-e464-4fb0-9881-4e6b994592d1,TCGA-HU-A4GC-11A,eb4f750c-18b5-425a-b871-733303241ec8,Solid Tissue Normal,RNA-Seq
c77fea9a-93a7-41c9-b956-e711efd467eb,TCGA-CG-5725-01A,e1ded05a-1bc0-42a7-a560-dd67eb804eb4,Primary Tumor,RNA-Seq
340db4ee-a12c-4373-b319-88ed887974e1,TCGA-CG-4444-01A,8563e95b-8e50-4e23-95d1-25ae8437b1db,Primary Tumor,RNA-Seq
882a2b8c-9847-49d9-bfa7-42bc36c01e9d,TCGA-CG-5716-01A,757546fd-5d3d-4b0a-bf81-06a9316387f8,Primary Tumor,RNA-Seq
21e4887d-c98a-4109-b888-4f6274e55c54,TCGA-RD-A8MV-01A,f7a464d1-9939-4ab8-a03b-f2962e618817,Primary Tumor,RNA-Seq
40a9b7a3-fa9d-4478-b092-276f637ef387,TCGA-KB-A6F7-01A,6fe8be1c-a0e3-4fad-b7db-c3849c8488a4,Primary Tumor,RNA-Seq
fe652abb-d0f7-419d-b48e-8ac2566b1d98,TCGA-CG-4460-01A,14fe3057-c82e-4d66-9798-bcd042cf64d6,Primary Tumor,RNA-Seq
42024061-9d2e-4407-bc0b-50880e11c7a7,TCGA-BR-A453-01A,24a91adb-f3e1-4ca2-8501-82a4dbfd57e7,Primary Tumor,RNA-Seq
54a0798b-8503-494c-9350-d4fc74903724,TCGA-CG-4476-01A,37f5444f-a58d-4899-a11b-9c09ecd357fc,Primary Tumor,RNA-Seq
5e8309c3-e634-477e-b0cc-46c98f8a1248,TCGA-BR-6456-01A,53369a25-3bc4-48cb-9004-da3507c4d478,Primary Tumor,RNA-Seq
afa22681-96e3-4641-a9bd-7cd3041bb6ad,TCGA-BR-8485-01A,2f1460ea-827b-4c51-86a5-2d85771888bb,Primary Tumor,RNA-Seq
a827f78c-c28f-4942-a29d-724245d70f84,TCGA-FP-7735-11A,b915a686-c04a-444e-a177-becf436b844f,Solid Tissue Normal,RNA-Seq
59c2701f-6158-4ee6-b395-5115d268f622,TCGA-FP-7735-01A,621969cc-011d-4eb3-b16c-748c6301e38f,Primary Tumor,RNA-Seq
91ca93ca-e4ed-4538-8c74-6d1ac281bb08,TCGA-BR-7196-01A,3b7b1d8f-6a84-46fd-9daa-c5922fc135a1,Primary Tumor,RNA-Seq
2abcd168-076b-4977-beb9-ffcb439123ee,TCGA-IN-AB1X-11A,8c9c8830-20c4-4020-8750-28f70148e686,Solid Tissue Normal,RNA-Seq
39b30c15-fe0f-4fa4-9455-9e3ebf445181,TCGA-IN-AB1X-01A,4e4730c9-f401-48c1-8e19-cbf8bc88d17b,Primary Tumor,RNA-Seq
3e653180-7a72-464e-98db-fc39af676eca,TCGA-BR-A4J8-01A,a0b8df23-4ef7-4008-9576-b2f57f1ee8e2,Primary Tumor,RNA-Seq
2302d5e2-5042-4adc-a7bb-e6a9b6dea210,TCGA-BR-8060-01A,15be8683-19e2-42a1-8a78-78ce5f278e12,Primary Tumor,RNA-Seq
7ffe2af0-52dc-4727-81ef-dfab8b8ac6d8,TCGA-RD-A8N4-01A,831383e9-ebc1-4d59-84cf-f9a31717c1a8,Primary Tumor,RNA-Seq
be0c9700-038c-4251-979e-eef8909e9cb9,TCGA-BR-8291-01A,aef7d085-b8fc-44f8-a77d-0873aa8801c6,Primary Tumor,RNA-Seq
ece78062-501a-497d-8b56-abeb253d91e3,TCGA-IN-A7NU-01A,5eb49910-8199-43e3-a221-e7399ab23c08,Primary Tumor,RNA-Seq
a74c90b8-463c-4cc4-9043-f06bb9076c62,TCGA-F1-6875-01A,4e5fdd56-c807-4493-a331-359577c31514,Primary Tumor,RNA-Seq
acbc032e-ae56-4797-808a-52767fd77af6,TCGA-CD-A4MJ-01A,e6abf915-d1f2-463e-88b3-f992095b8e4e,Primary Tumor,RNA-Seq
a5ad2a34-c122-4c72-9b96-1a4d5a34830b,TCGA-BR-7703-11A,28a8176e-09b4-408f-9a3b-227385bde8bc,Solid Tissue Normal,RNA-Seq
a764ef3b-b297-424a-947d-00f7d8f25319,TCGA-IN-A6RO-01A,c6e17043-a145-4cc3-b889-4f499b17dbf3,Primary Tumor,RNA-Seq
2abe6337-0ea8-4be9-9ece-2af0eef400c0,TCGA-IN-A6RJ-01A,5a1b85a5-072d-4bcc-bd02-f492037fc9d0,Primary Tumor,RNA-Seq
8c024150-d89f-4340-ad90-f8e84380605d,TCGA-D7-A4YX-01A,dcff683d-629e-4e67-9e9f-ce5752a2b276,Primary Tumor,RNA-Seq
213cdea1-4c22-46f1-8795-1bbba4437e6d,TCGA-BR-6803-01A,e56fe72a-760a-4a60-9013-ea611080ba3f,Primary Tumor,RNA-Seq
e5ca0cd2-a953-4ce9-b542-e3106d367bbb,TCGA-BR-A4IV-01A,5fc53960-c9b2-4b34-9d7f-e1d06f3ec791,Primary Tumor,RNA-Seq
01b460f9-2c39-4799-8657-0db3d4a78412,TCGA-D7-5577-01A,93bbd9fd-2385-46c3-af21-e46c72a8a75d,Primary Tumor,RNA-Seq
0e808d5e-26c2-4308-b1ed-4e83d9c6ef72,TCGA-VQ-A91E-01A,0abc5604-2990-4566-ae12-3d7f4677dabe,Primary Tumor,RNA-Seq
7c3fb47a-c430-4bb6-8a88-b2441a645a21,TCGA-HU-A4G6-01A,41d015e0-e20e-45b7-98f1-3a010f78a8b4,Primary Tumor,RNA-Seq
b7f9a7f4-45d0-4e18-b2dc-7f7f17502f66,TCGA-CG-4466-01A,0bc4abb4-047b-4c8d-9f79-5b9eb32969e9,Primary Tumor,RNA-Seq
d6768dd5-9c0a-4686-a113-ea57ea654a28,TCGA-CD-5803-01A,eb71264d-c896-4910-bf46-d6f129b83941,Primary Tumor,RNA-Seq
98484564-6d40-42da-87da-a87159562823,TCGA-D7-A4YU-01A,fa286de2-d6b7-4c9e-92cd-097786f2a66a,Primary Tumor,RNA-Seq
4ad48bb9-b53d-4dfd-acb5-2ad139680815,TCGA-VQ-A91D-01A,1ef5f537-2312-4c6a-8175-f07961e5ef82,Primary Tumor,RNA-Seq
0eb13b39-4f52-43eb-b1ea-d1a882caf3f2,TCGA-CD-8525-01A,31b67c28-869b-44ac-90fe-9f0fffa22df1,Primary Tumor,RNA-Seq
c7e68b28-7523-4d1c-baae-bf3c647ccfb8,TCGA-VQ-A91U-01A,252505b3-3013-4fb2-b3fc-4cb2c3c70f9d,Primary Tumor,RNA-Seq
bb6b7ace-d5de-4ec8-82a4-d6f9a68ea34c,TCGA-CG-4441-01A,60937697-57ba-4d03-9545-b0e321215448,Primary Tumor,RNA-Seq
5755c4b6-47d5-454d-97cb-8db5b562062e,TCGA-HU-A4H3-01A,cd33e854-1bdf-42e0-83e7-256c723c5b55,Primary Tumor,RNA-Seq
8531f3c9-157e-4289-8ed2-4c660720ae53,TCGA-BR-4253-01A,c536b8df-6fe3-425e-82e8-36299a6ba2b9,Primary Tumor,RNA-Seq
45eb1d70-3c7c-44bc-b177-19d690cc088f,TCGA-MX-A5UJ-01A,8ae8886a-a919-4679-9d5a-f0eb35747868,Primary Tumor,RNA-Seq
1a40a532-44ff-4807-800c-a0c4240485d4,TCGA-HU-A4GY-11A,98c299ee-99e0-474b-9752-45c31c99acb7,Solid Tissue Normal,RNA-Seq
664ed2a4-2995-4eab-9fa3-88eed8e11720,TCGA-B7-A5TI-01A,e3aeb5a8-26f9-4401-b53e-0638fbda8dbb,Primary Tumor,RNA-Seq
4f94f160-44f1-4d21-8e35-da20cf98f5a5,TCGA-HU-8604-01A,c483ad97-37eb-4b91-80eb-5156f40aaebd,Primary Tumor,RNA-Seq
c449bbf5-fa1d-4a3f-9c42-03f869882ede,TCGA-B7-A5TK-01A,58937d2c-b4c3-4992-a95c-d0d1fa73f1a9,Primary Tumor,RNA-Seq
4010bcf4-5c7d-490e-b26b-2f05402373ff,TCGA-VQ-A8PH-01A,46fd0697-eaf3-400f-ab5c-5ccf007332ef,Primary Tumor,RNA-Seq
6d794445-966c-43f4-acdd-1baab14cfc1b,TCGA-CD-8535-01A,5233f00a-6187-4d59-a66f-ac7c14d98ca6,Primary Tumor,RNA-Seq
b100d9b7-591b-4c6e-9a3f-c4768a1fd988,TCGA-VQ-A8P3-01A,4e9a78d5-c8dc-4c61-9812-6a213ca67430,Primary Tumor,RNA-Seq
c6f5a7a9-7fcb-435b-be46-f586c9a660ec,TCGA-BR-A4J5-01A,329f870b-7bed-4c05-ad9a-06bd937fc274,Primary Tumor,RNA-Seq
e11e0154-615f-44fc-9352-cd4da879a27a,TCGA-HF-7133-01A,e0b0fce5-599d-4fc2-8449-ce3958a4fae5,Primary Tumor,RNA-Seq
f937588f-6feb-4fdc-84ce-5e473c22e304,TCGA-BR-8687-01A,dcea7464-a426-4c22-92af-6ec99341eedc,Primary Tumor,RNA-Seq
c354e551-e6c0-447c-aac3-4b5cd8c85362,TCGA-CG-4437-01A,a882f6c0-d12d-4d49-9a2a-3850ea736c37,Primary Tumor,RNA-Seq
1e458153-5433-4f58-b452-0a7e4375cb48,TCGA-BR-8295-01A,efca85b6-cac4-4df0-9b83-84cc8669a053,Primary Tumor,RNA-Seq
4c036657-11f1-4d9f-beca-cb9b6deaae86,TCGA-BR-8384-01A,e01ad1ea-f973-4268-b101-4e5c2bd4796d,Primary Tumor,RNA-Seq
5809b057-d534-4c97-a197-1670deac3656,TCGA-B7-5818-01A,fd97cdf5-0f7f-48a2-b5da-5c5f56a89166,Primary Tumor,RNA-Seq
d20f2da1-8069-48a1-b63f-7533ba0e7b90,TCGA-HU-A4G3-01A,b7c3768a-bb3c-4b60-a95c-a9d6e3c8fcac,Primary Tumor,RNA-Seq
6fca98e8-26d4-4ef0-8034-3c0a24fc8f92,TCGA-BR-6709-01A,05d41888-d832-433d-bcb4-327dd755dcf9,Primary Tumor,RNA-Seq
4393fbd7-a686-4d7e-9236-f55dc6f5dd8d,TCGA-HU-8243-01A,82fcf670-1646-4a28-9578-f7e5b2f426e5,Primary Tumor,RNA-Seq
d9ce9f95-9d3e-4acd-95b1-07201d7f898a,TCGA-HU-A4H2-01A,79787a68-78e6-4fbe-9fa8-fff839e9534d,Primary Tumor,RNA-Seq
d2811bbb-dd2b-486e-8589-74b75b46284b,TCGA-CG-4436-01A,21f40cf9-d89f-4fec-be65-1740ab39dae4,Primary Tumor,RNA-Seq
68f045ab-9351-417c-89d3-e4521c8dbf78,TCGA-R5-A7ZE-01B,95caf5fa-8bed-4166-9187-9909fc8f9814,Primary Tumor,RNA-Seq
769552b7-3d04-4f92-a8e2-cd0808928a05,TCGA-BR-A4CR-01A,76165733-85ca-47d0-a82a-f64fa9b1b834,Primary Tumor,RNA-Seq
4d93473f-86a0-4603-8fed-bf5762f27d3f,TCGA-BR-8686-01A,5e8e3a60-0e63-43ca-9992-4871c0030296,Primary Tumor,RNA-Seq
3726089d-750f-4a3f-b1b7-05eb450e6584,TCGA-HU-A4G9-01A,4a8b7665-459a-4dd7-b4bc-e13b2f5a615e,Primary Tumor,RNA-Seq
125a3857-a020-4df7-9794-9827629a2568,TCGA-D7-6524-01A,6f14723a-af83-402d-ab98-b4ed29a93aaf,Primary Tumor,RNA-Seq
e66c91b8-cd9e-439e-a2cb-ab79aeb48019,TCGA-BR-6802-11A,7c6339d9-cccf-422d-a3fc-c7f3c2deebdc,Solid Tissue Normal,RNA-Seq
334213b4-2dcc-48af-a79c-9b53f0d87467,TCGA-CG-4443-01A,f4fb736a-42c9-4367-a327-d0d1c4cba359,Primary Tumor,RNA-Seq
c237485a-5a03-4949-a41a-acbec6f2db47,TCGA-BR-4255-01A,a64a7cb8-ba30-45a3-b1dc-2a62d6b1919f,Primary Tumor,RNA-Seq
7d4d8077-64e9-4bc6-9652-6ddc978e332b,TCGA-ZA-A8F6-01A,d2d1d676-f170-4321-9acd-ea4eddffd365,Primary Tumor,RNA-Seq
17c49f8d-def9-4585-905c-832671d5cee8,TCGA-CG-4304-01A,cc852701-8996-4c8b-828d-5c4ac1f4cfd4,Primary Tumor,RNA-Seq
9c39a844-f739-4051-b3bf-b22fe0886190,TCGA-VQ-A94R-01A,5d4fc289-ff62-484a-a454-7b78b045f3e5,Primary Tumor,RNA-Seq
e3943c40-d0b0-499d-932c-78aca706b822,TCGA-BR-7704-01A,933a3086-2e72-476a-8318-00ebd910a830,Primary Tumor,RNA-Seq
5680615f-853b-49d4-a7f9-40b7134d08e3,TCGA-VQ-A94P-01A,4043700f-ceea-41ad-a441-afe1816ba600,Primary Tumor,RNA-Seq
03cc2f4b-49c5-45fe-849d-9e14e843e633,TCGA-VQ-AA6J-01A,e603c7e3-41bc-40ea-bb14-9a0361c44d20,Primary Tumor,RNA-Seq
548d62c5-a982-4edf-9f18-b9859ab09fdd,TCGA-BR-A4QL-01A,e5e60060-a748-4864-bab2-ec7343095bca,Primary Tumor,RNA-Seq
3d174262-fc7e-4bf9-ab39-e64c6ff0e588,TCGA-CD-A48A-01A,e6be47c0-e1c7-4054-8bc8-109226ce5674,Primary Tumor,RNA-Seq
66d26299-e034-4db1-b536-7ed2b18dcba5,TCGA-RD-A7BS-01A,e1c3334e-55e9-4a79-bcc0-3351dc24f4ae,Primary Tumor,RNA-Seq
ff273510-cb01-460d-9178-9661afd36e8c,TCGA-D7-8574-01A,b9c7cc21-27c0-4918-8986-6b8fadd5b27e,Primary Tumor,RNA-Seq
2d5bd584-30ec-460a-8dc0-16b892f87a9a,TCGA-BR-8284-01A,2012faa6-f33b-4bfe-800d-fee233f742a5,Primary Tumor,RNA-Seq
892ef82e-4920-4e62-9974-6e3e7b4b2da5,TCGA-VQ-A8DZ-01A,11b40208-c71a-4e13-8bc8-6953c0beb8da,Primary Tumor,RNA-Seq
95fbf7b1-271b-4b70-bb30-5f374d6ee6c0,TCGA-BR-6454-11A,71dfb0a1-8475-4990-82f3-51cd5ce7d230,Solid Tissue Normal,RNA-Seq
5ef4b931-14ea-464d-be43-5fe1c84be801,TCGA-BR-6454-01A,e7d94421-7a3b-4100-9cbf-1b1f2ec07737,Primary Tumor,RNA-Seq
f231442a-7834-4da2-8582-70d0969d965f,TCGA-HU-8238-11A,108f1056-6373-4b49-a46c-d176e08b1ec2,Solid Tissue Normal,RNA-Seq
d2e56b9a-830f-4e0f-83ac-e58aa54b31ec,TCGA-BR-8381-01A,1ddc7f73-d793-4ae6-8a6a-851069892fad,Primary Tumor,RNA-Seq
900c8ab6-1842-4c50-aae9-d00366742f5f,TCGA-HU-8238-01A,b18aff18-92ef-4092-a6a8-ef82fce038c5,Primary Tumor,RNA-Seq
2bae0451-5660-4ce0-9367-850b6453ec88,TCGA-BR-6564-11A,b10685a3-ab84-440a-8eb1-ac6f974ff1a7,Solid Tissue Normal,RNA-Seq
d711dea8-abb7-4fab-a4ab-e25bc51fed3f,TCGA-BR-6564-01A,b8355e52-d7a7-4711-bba7-bc4d201741f2,Primary Tumor,RNA-Seq
c9155421-7175-4c33-8c7f-9c110269eff3,TCGA-BR-A4IU-01A,d09d3b6d-d985-4aff-a815-d5985da0275c,Primary Tumor,RNA-Seq
2c36d6a8-5776-406a-bb32-32c8f556ff63,TCGA-BR-6705-01A,db8d0ac1-23b7-49ab-8bb3-44782156f038,Primary Tumor,RNA-Seq
a497ad88-90be-4669-8ef4-2300583eee8c,TCGA-D7-A6F0-01A,ea4886f6-bfa9-4b32-b373-ca33659aeff7,Primary Tumor,RNA-Seq
164f644c-a80c-4fb6-8f55-2f15fc384a0b,TCGA-FP-7998-01A,0a95bd32-539e-43f3-9694-a7d033a6fa84,Primary Tumor,RNA-Seq
b2703266-4ef2-4813-a827-43fd868a9e97,TCGA-CD-8536-01A,0d71cc97-f7c8-4eed-a663-8cb91babd840,Primary Tumor,RNA-Seq
b5d3c071-d94b-4ad0-9ec1-c846e512e2ab,TCGA-IN-8462-01A,26509d1e-253b-463c-8654-589929889fbe,Primary Tumor,RNA-Seq
1c71d1b9-c158-418f-b7a5-7d3a0474fc20,TCGA-IN-8462-11A,9c5f4d95-7f56-4e40-8fd1-c3f7eafbfd7b,Solid Tissue Normal,RNA-Seq
824e3d2d-6a9e-414c-b6ac-ba3b1d8b8eb5,TCGA-RD-A7BW-01A,7137e061-4bf0-4d2c-a7e5-055050637533,Primary Tumor,RNA-Seq
4c3a15cb-bd3b-4677-b04f-d990abb21343,TCGA-BR-8676-01A,54070ee0-8b1b-475c-b63f-f222df444d3b,Primary Tumor,RNA-Seq
c6ac86c5-1f2f-4244-bd6a-ab8450ef5596,TCGA-BR-8487-01A,ccfab7af-711c-448d-92c6-560219a940a6,Primary Tumor,RNA-Seq
9111404a-a691-437d-a2f2-b855db8f45d5,TCGA-VQ-A924-01A,f93f944f-f817-4e06-af7c-020a60b0435e,Primary Tumor,RNA-Seq
e38338eb-b4b0-4766-a1d2-9c203ee149c6,TCGA-BR-4371-01A,95d6e839-a21b-4266-b7f8-e47fab262af3,Primary Tumor,RNA-Seq
89ae3dce-6443-4bcf-b859-03d57eec0d88,TCGA-HU-A4GP-11A,2cd5333b-9cbb-482d-a138-20c6d6c62fda,Solid Tissue Normal,RNA-Seq
ff946948-ffb5-4476-aae0-71b1c4faa86f,TCGA-CD-5799-01A,a3180e0e-eb99-49dd-8252-5fea05a9885f,Primary Tumor,RNA-Seq
3a11f35e-7c59-4648-8d97-0d6cfd74e705,TCGA-VQ-A91Z-01A,ec6ed61a-1d7e-4057-9ac2-dd1ed2accfb0,Primary Tumor,RNA-Seq
f98a9f2e-b740-4d10-91d6-b03ae960907a,TCGA-BR-7716-11A,dd058e45-dae1-498a-99e6-d1f2c416edb2,Solid Tissue Normal,RNA-Seq
9b54218d-fbb6-415d-8a13-86c63f313354,TCGA-D7-6527-01A,8461ce68-3a6f-4343-8977-78448123f373,Primary Tumor,RNA-Seq
73f976f4-f7b4-4484-b5d5-8b3d5a777539,TCGA-MX-A666-01A,d6f47bde-5a0e-4916-88e4-14bee04ab6a3,Primary Tumor,RNA-Seq
c1a23402-3eff-48b5-beb8-008c562a110e,TCGA-IN-A6RN-01A,eb45018e-c444-4cfd-9d44-74c9c640a140,Primary Tumor,RNA-Seq
b77c0973-e590-44c4-8bb8-df72f6cb5576,TCGA-FP-7916-01A,b1361366-73cf-49a9-9811-807f22509315,Primary Tumor,RNA-Seq
2ce32185-6c69-48b1-a711-27d85e834054,TCGA-IN-8663-01A,d052ff92-4d6f-45fc-957d-dd0245c75c77,Primary Tumor,RNA-Seq
8d987a81-83cc-44ce-bc94-de8a4c3f21dd,TCGA-BR-8590-01A,a0c5a5f3-2ed1-496c-9cce-45b7d6619960,Primary Tumor,RNA-Seq
ddfaa671-5bc1-430c-9d41-7857ba960616,TCGA-VQ-A91S-01A,6c166803-0ac8-4d62-ba53-3eab2f7dbcd1,Primary Tumor,RNA-Seq
61136681-d7bc-45fa-ab43-ca1970cc9f91,TCGA-CG-5718-01A,5865a287-63c4-44f7-92d5-c4f3c323af89,Primary Tumor,RNA-Seq
b12de8bd-32c8-4574-8735-7423aed8bcd5,TCGA-BR-8682-01A,4e6bbc3c-bb9e-46c0-8b22-60f9725db516,Primary Tumor,RNA-Seq
f022eaca-1c58-4fc3-bbd0-4def48879373,TCGA-IN-A6RL-01A,2c2e9712-6ace-48f1-9470-f3ea60df95a5,Primary Tumor,RNA-Seq
e08b49ec-7229-4560-b05e-a9f8e39a9686,TCGA-HU-A4GH-11A,03b88c6b-984c-439a-9980-f9d8d05ff54d,Solid Tissue Normal,RNA-Seq
d969b6e9-3fd2-4846-b9ba-cde4c134f214,TCGA-HU-A4GH-01A,24ffb7b6-04c9-4b35-98d6-2f59db9204f1,Primary Tumor,RNA-Seq
560be99e-54a1-40b5-9156-2bd0bbaf2ac2,TCGA-BR-4257-01A,97b44b05-97eb-486c-94db-42838831de0b,Primary Tumor,RNA-Seq
a75582f4-03cb-44d2-aaa1-cdc2e8abc62d,TCGA-IN-AB1V-11A,7325b7e2-1536-42a9-ac8e-8b74b318ca26,Solid Tissue Normal,RNA-Seq
1b5776b4-fc6b-4411-9f25-d437279c93dc,TCGA-KB-A93H-01A,e9861a16-35ea-40ab-8676-713adf5f5bcf,Primary Tumor,RNA-Seq
ea8d79b7-dd90-43a9-805c-a7398a0e27f5,TCGA-CD-5801-01A,9d0df8d7-8d59-4983-9bbf-c6c106bdefec,Primary Tumor,RNA-Seq
61514893-39b3-4b55-bbd1-162989ed190e,TCGA-BR-8483-01A,e6b69391-40b9-404f-ae2d-fd996e235039,Primary Tumor,RNA-Seq
36a1f8dd-9d41-4c75-9538-493d60af429e,TCGA-HU-A4GF-01A,85600d6e-701d-4f0a-b77e-fdb6fb95c679,Primary Tumor,RNA-Seq
7bbe42db-0694-4f52-8a19-b918f3e142be,TCGA-CG-4305-01A,6b64b4a0-edc8-4dc3-b527-d320ded81351,Primary Tumor,RNA-Seq
b3063897-9123-45f2-b9f6-36dcb630cb19,TCGA-HU-8249-01A,6be15ca2-af65-43f5-9ece-62979bfdd629,Primary Tumor,RNA-Seq
1d21991d-5f46-43c1-af56-7ec91cb03b71,TCGA-KB-A93G-01A,0bbeac58-6a0e-4315-bae5-2e16a3d5193a,Primary Tumor,RNA-Seq
357bc2c9-12b5-46d8-adc1-3f827b7fe024,TCGA-CD-5798-01A,72855d36-60be-498f-96e9-0f10dc05b3a0,Primary Tumor,RNA-Seq
73b91055-4e5b-4cfd-8044-51e1360cc075,TCGA-D7-8573-01A,a224907a-708d-4b2e-a4d3-d5d795e7677c,Primary Tumor,RNA-Seq
afdd94db-c9f1-4294-9505-3de66e5478b1,TCGA-VQ-A94T-01A,40cf51c5-1b7e-469c-b5f9-086977adfae7,Primary Tumor,RNA-Seq
3eac5655-a4b2-43d0-9270-dfc475fefbcf,TCGA-BR-6458-01A,a30b45f5-c6e4-4975-a912-8313d93dfd27,Primary Tumor,RNA-Seq
4774fac3-6b89-45c8-80b3-1dcc013d99f1,TCGA-BR-8078-01A,a9f31501-eb30-4606-a6f3-862586f54999,Primary Tumor,RNA-Seq
c0fcf579-99b0-4fd0-a7b1-3c578263dd70,TCGA-BR-8677-01A,ad63e5a1-5a29-46ec-8e9d-3160ab503650,Primary Tumor,RNA-Seq
0ac56fab-cefd-445e-955d-9d52b27c2828,TCGA-VQ-AA6A-01A,179048e8-9066-412b-8861-ab7531fef253,Primary Tumor,RNA-Seq
dc118bc0-73a8-4b13-9b78-235f55fde458,TCGA-VQ-A8E0-01A,b6698067-c628-4af6-af33-097b633c1c97,Primary Tumor,RNA-Seq
fc21137c-cd90-4e9c-b1c3-2b5cf4579f42,TCGA-CD-A48C-01A,88f64557-19be-4fba-8f84-3566319b4d64,Primary Tumor,RNA-Seq
6157cf41-c0e7-4139-80c2-4300a0ca2acc,TCGA-CD-5800-01A,b23e2d58-e61b-4b94-b4d8-407418351167,Primary Tumor,RNA-Seq
4e79d78b-94dc-4bed-8054-4819844fd78c,TCGA-D7-8576-01A,28bd43cf-a80c-495d-a4ff-e4f57b6d4970,Primary Tumor,RNA-Seq
ca458c65-f25f-40f3-b475-dd29571d5a4a,TCGA-HU-8244-01A,0421ee3d-1653-40cb-94b3-a8d7c4cd1f1b,Primary Tumor,RNA-Seq
25f7f97e-b445-429b-8919-cc21ff144503,TCGA-CG-5722-11A,756aeb10-195e-409d-a8ac-8b3a048fc51a,Solid Tissue Normal,RNA-Seq
8530ba91-4839-493a-8931-e72b7fd72bee,TCGA-MX-A5UG-01A,3ab61577-1392-43e0-8b2d-60d9823b4bd5,Primary Tumor,RNA-Seq
04723f79-cbfc-48e6-b9fa-9a1383fd8bba,TCGA-HU-A4GN-01A,d81aa0d0-45a8-47e2-8bfb-0d3fc97f0aff,Primary Tumor,RNA-Seq
a3a69f60-0d80-467f-b1d1-28c01a74798b,TCGA-ZQ-A9CR-01A,1c856fab-2fe8-4fc2-ad97-df855ba16bce,Primary Tumor,RNA-Seq
f520c0bc-1ace-44cf-a694-8d732138ee15,TCGA-IP-7968-01A,2beb4f10-375b-4f87-97be-43c2eb8a39f8,Primary Tumor,RNA-Seq
1bdcf713-66e3-43d9-8373-ab4ba23df924,TCGA-IP-7968-11A,a3689506-271f-44e6-89d9-cfe69ff36ee6,Solid Tissue Normal,RNA-Seq
b8194df1-cb0b-435d-9d66-f1a232877353,TCGA-VQ-AA64-01A,390b76dc-0f3b-4443-8e29-c97be5d56181,Primary Tumor,RNA-Seq
3b7819a0-c5e5-4ff8-9ea8-baeeb0c3404c,TCGA-BR-A4PE-01A,be4c09eb-4e12-48d4-80e9-059847263e96,Primary Tumor,RNA-Seq
e66e441a-b7ae-4bbf-baee-9f50dde41f26,TCGA-CG-5719-01A,606573ee-ed11-4db5-abaf-e842ec575eee,Primary Tumor,RNA-Seq
21da2d46-bd81-45cd-a2e0-75511c13217c,TCGA-FP-8209-01A,2bb47b77-02ff-4661-a6db-6bc4a408438c,Primary Tumor,RNA-Seq
427a28ed-0571-44d1-9835-5fb10ccc4905,TCGA-CG-4438-01A,68fe412e-8fc0-4353-b821-0bad11f60b24,Primary Tumor,RNA-Seq
4a975ee4-5448-4898-b6b7-bd0d65f5c2b5,TCGA-CD-A4MG-01A,e6851ecb-e630-43a3-87ba-afa0fddd0568,Primary Tumor,RNA-Seq
02d993e8-abd5-4e84-bad4-00976f59d754,TCGA-HU-A4GJ-01A,1cc64a1e-9905-482c-b9b7-5e7392582ea6,Primary Tumor,RNA-Seq
b2ab6eb4-59b6-422e-9d29-5f999e29becc,TCGA-BR-6457-01A,badb9ae0-9c44-41d4-848b-ee03b6fca503,Primary Tumor,RNA-Seq
6fc33564-a8f0-459d-a722-57b9e1e2dfa3,TCGA-BR-6457-11A,32aef8e5-dc25-43c5-bb13-e87b2433ad19,Solid Tissue Normal,RNA-Seq
93bafaf6-03bb-415a-8f47-dc83d9dd53b4,TCGA-BR-7851-11A,2b208588-9566-4d5e-826a-7d4e45adb83b,Solid Tissue Normal,RNA-Seq
4de9e682-88b6-45ab-bebb-357d9b139d89,TCGA-VQ-A8P8-01A,b5ad89d6-2b40-4f92-9b7f-33baf7369993,Primary Tumor,RNA-Seq
8cffc171-742e-4bcd-a043-e6cdb0efe9dc,TCGA-BR-7851-01A,cfe6fe56-7bdd-4b7d-9bb2-7a3a5d373409,Primary Tumor,RNA-Seq
2edc728f-89b3-444c-8c0c-191e56fa50de,TCGA-RD-A8MW-01A,31f775b7-5b7b-444a-87ad-daac3eb9a4e6,Primary Tumor,RNA-Seq
db208cd1-f473-4ba8-a6b4-2f91f45a1706,TCGA-BR-A4IY-01A,37e9a9a3-d9ba-47a8-bb45-2d6a1930bf2d,Primary Tumor,RNA-Seq
56dccf92-9b3e-48e5-bf5c-a0d3fadb3bd7,TCGA-BR-6706-01A,c6bc78e9-87f1-4be1-8eeb-17b2f59093e3,Primary Tumor,RNA-Seq
a1fc00b8-452f-49c6-8da6-796ac42bf587,TCGA-VQ-A94U-01A,2f46b51c-b6d5-49f4-8b7e-c23fcdbc7e4e,Primary Tumor,RNA-Seq
3bccae1b-449c-4588-9daa-72953357ee45,TCGA-BR-7901-01A,1ad3f5ba-2346-4d29-a7f5-cc99d98f2e4c,Primary Tumor,RNA-Seq
8b82363e-8837-4ab8-bec6-f8cdbb613480,TCGA-BR-8589-01A,56e9b06f-8e06-48a7-b940-10fb9bc36310,Primary Tumor,RNA-Seq
5df9ffad-b341-4ee3-844d-3f50b07820c8,TCGA-BR-8380-01A,77e1ded5-6aaf-4321-946f-7e9173274d0a,Primary Tumor,RNA-Seq
38962592-ec0d-406a-997f-0fca21be81da,TCGA-VQ-AA6G-01A,2092052a-29a0-43ea-9ae8-04abb0c9a590,Primary Tumor,RNA-Seq
b2e60edf-f2ee-4664-8756-85c1590987c2,TCGA-HF-A5NB-01A,fe9d34bf-5cd6-4e72-bd04-43bcffa0a493,Primary Tumor,RNA-Seq
a610c12d-2db5-4479-a00f-0e5565f6abb3,TCGA-HU-A4GD-01A,d455b7cc-07cd-4a4f-80cf-8022870fe994,Primary Tumor,RNA-Seq
d89ed68e-a453-4dfc-9902-ce9ede480179,TCGA-BR-8680-01A,74d5ac79-6a9a-473f-92bf-c7e2cb124167,Primary Tumor,RNA-Seq
eb4946e9-4536-43ef-9414-11cdac41704c,TCGA-D7-6818-01A,953e155f-d9e1-41c8-ba12-351a38195d22,Primary Tumor,RNA-Seq
5e5bc303-c243-4373-9c29-f1336c268d07,TCGA-BR-6453-11A,b6dfcc18-f388-4486-8d3d-611c5e15fb29,Solid Tissue Normal,RNA-Seq
382616ca-b989-4aa8-ae33-03116c0063be,TCGA-BR-6453-01A,a8f3b148-5929-4025-81a1-6595d49f2279,Primary Tumor,RNA-Seq
dfd75fbc-e533-4f1c-b909-6586f5c33945,TCGA-BR-7959-01A,c8fc5fb2-ded2-48af-a87d-36c367a3330d,Primary Tumor,RNA-Seq
99786c06-3c66-4ae5-a425-03f6bca5b59d,TCGA-BR-8367-01A,d7162ccd-b9b3-47f8-bd0e-4f547bb23100,Primary Tumor,RNA-Seq
71980577-3df2-4638-8031-771e51e09a76,TCGA-BR-7723-01A,35fd9c18-60d0-4974-b96f-bd6b2b9a49c8,Primary Tumor,RNA-Seq
e4e02047-70f8-473c-b4a4-9c8502379892,TCGA-VQ-A8E2-01A,baf2c923-2597-4f41-b88c-2eea619f7d53,Primary Tumor,RNA-Seq
b8140237-348b-4d15-bf40-ed1bbd5e3e79,TCGA-CD-8533-01A,ed155a62-d103-414d-b9e2-3807582d7fbf,Primary Tumor,RNA-Seq
b6ef7992-62f2-4cca-8698-c3fd8abe253c,TCGA-BR-4357-01A,81c87c27-47c7-4dc7-bf92-e0037433df30,Primary Tumor,RNA-Seq
54b42b42-29fb-4cf6-b144-c05dbd503693,TCGA-F1-A448-01A,2aed9994-8975-4368-9b0d-970ab23ec88a,Primary Tumor,RNA-Seq
58841b28-1330-4a3b-b80c-04746274ad18,TCGA-HU-A4H5-01A,8e0943a1-092a-488c-ac5e-6ea0e0798bd3,Primary Tumor,RNA-Seq
ea80e9c1-015b-48cb-a684-10c8b0d90ad6,TCGA-VQ-A8PP-01A,8623bb24-42eb-4b5b-baf4-805e3ed93ef8,Primary Tumor,RNA-Seq
356b7734-8913-464f-90b8-ad1ac94ea5d3,TCGA-R5-A7ZR-01A,068d534d-8c87-4921-af4f-5330bb74cff7,Primary Tumor,RNA-Seq
b4de7015-d87d-4095-a780-a56b469b1432,TCGA-BR-4280-01A,797d2d3a-f01c-4985-b27c-4e4c2838d34d,Primary Tumor,RNA-Seq
40891f6a-9b6f-4013-91b5-d33b0e6072ce,TCGA-D7-6822-01A,c30afda8-fc63-4228-a9a9-42bcdb562ace,Primary Tumor,RNA-Seq
4e2b6b84-9194-48b5-9d99-c2debcc39e78,TCGA-D7-6519-01A,fa7426e1-fcfb-4b08-ad50-1d9e903a81fb,Primary Tumor,RNA-Seq
e11f5435-0753-4853-94d3-7feea33ac44b,TCGA-VQ-A94O-01A,318c7e4b-196f-4cc5-8503-8d111f1713e0,Primary Tumor,RNA-Seq
f2b89d8f-7c5d-463e-bda8-db3140fc0cde,TCGA-BR-8382-01A,5a985977-8259-4d53-b101-51f504a9a7d3,Primary Tumor,RNA-Seq
406972ae-66c7-4704-86f8-e50b3847b675,TCGA-CG-5732-01A,5295412b-3d28-4774-85d8-3d38c682c343,Primary Tumor,RNA-Seq
de5ca528-6104-43e6-b71e-e7a5e998cb88,TCGA-VQ-A8PX-01A,61bccb2e-808d-41d8-9d78-6e42660d62bf,Primary Tumor,RNA-Seq
5d0320ad-deb8-4f51-9829-af3bbb25db50,TCGA-CG-4462-01A,d4f28131-d917-449b-95dc-dc6ba2eee81b,Primary Tumor,RNA-Seq
253158d4-cb35-4be7-a48d-e10c73dd831b,TCGA-BR-A4J1-01A,5ea76063-f2b5-4546-bef2-ce7e2b24b1fe,Primary Tumor,RNA-Seq
42a63304-eeab-49be-aa29-5cb4e7290480,TCGA-VQ-A8E3-01A,3a30d7b8-cfc6-485a-b0b3-be0245e9c4ce,Primary Tumor,RNA-Seq
df9dc87b-aedb-457a-88be-bc7392ea9e32,TCGA-CD-8531-01A,9465b3b6-be4d-4bc6-a014-30c098321425,Primary Tumor,RNA-Seq
f44e83e1-d0c5-4b5b-946a-e87bec76a922,TCGA-B7-5816-01A,1b4b19c1-75a6-4434-831e-adce44c54eb5,Primary Tumor,RNA-Seq
b2be00b8-2671-48ef-973f-1958286141b3,TCGA-IN-A6RI-01A,815db115-54ed-43ad-9da8-0b1efa93374a,Primary Tumor,RNA-Seq
38ea3408-76b7-4bca-9de2-c35a1f6cbf98,TCGA-D7-A6F2-01A,c4e4d0da-e9c7-4147-a538-74179d65145e,Primary Tumor,RNA-Seq
0694b814-5acc-4f87-84e8-3379fdbd83ef,TCGA-HU-A4GN-11A,9776b300-217e-4c5a-b9a5-74bf57d36e59,Solid Tissue Normal,RNA-Seq
526f2274-08a1-478a-b217-1b22f1197491,TCGA-BR-4369-01A,39b440b3-f888-488a-a0cc-d7410dc73093,Primary Tumor,RNA-Seq
